GHO (CODE),GHO (DISPLAY),GHO (URL),YEAR (DISPLAY),STARTYEAR,ENDYEAR,REGION (CODE),REGION (DISPLAY),COUNTRY (CODE),COUNTRY (DISPLAY),DIMENSION (TYPE),DIMENSION (CODE),DIMENSION (NAME),Numeric,Value,Low,High
#indicator+code,#indicator+name,#indicator+url,#date+year,#date+year+start,#date+year+end,#region+code,#region+name,#country+code,#country+name,#dimension+type,#dimension+code,#dimension+name,#indicator+value+num,#indicator+value,#indicator+value+low,#indicator+value+high
WHS6_102,Hospital beds (per 10 000 population),https://www.who.int/data/gho/data/indicators/indicator-details/GHO/hospital-beds-%28per-10-000-population%29,2004,2004,2004,EMR,Eastern Mediterranean,SOM,Somalia,,,,4.2,4.2,,
WHS6_102,Hospital beds (per 10 000 population),https://www.who.int/data/gho/data/indicators/indicator-details/GHO/hospital-beds-%28per-10-000-population%29,2002,2002,2002,EMR,Eastern Mediterranean,SOM,Somalia,,,,4.2,4.2,,
WHS6_102,Hospital beds (per 10 000 population),https://www.who.int/data/gho/data/indicators/indicator-details/GHO/hospital-beds-%28per-10-000-population%29,2018,2018,2018,EMR,Eastern Mediterranean,SOM,Somalia,,,,8.7,8.7,,
WHS6_102,Hospital beds (per 10 000 population),https://www.who.int/data/gho/data/indicators/indicator-details/GHO/hospital-beds-%28per-10-000-population%29,2017,2017,2017,EMR,Eastern Mediterranean,SOM,Somalia,,,,8.7,8.7,,
WHS6_102,Hospital beds (per 10 000 population),https://www.who.int/data/gho/data/indicators/indicator-details/GHO/hospital-beds-%28per-10-000-population%29,2013,2013,2013,EMR,Eastern Mediterranean,SOM,Somalia,,,,8.7,8.7,,
WHS6_102,Hospital beds (per 10 000 population),https://www.who.int/data/gho/data/indicators/indicator-details/GHO/hospital-beds-%28per-10-000-population%29,2000,2000,2000,EMR,Eastern Mediterranean,SOM,Somalia,,,,4.2,4.2,,
WHS6_102,Hospital beds (per 10 000 population),https://www.who.int/data/gho/data/indicators/indicator-details/GHO/hospital-beds-%28per-10-000-population%29,2016,2016,2016,EMR,Eastern Mediterranean,SOM,Somalia,,,,8.7,8.7,,
WHS6_102,Hospital beds (per 10 000 population),https://www.who.int/data/gho/data/indicators/indicator-details/GHO/hospital-beds-%28per-10-000-population%29,2015,2015,2015,EMR,Eastern Mediterranean,SOM,Somalia,,,,8.7,8.7,,
WHS6_102,Hospital beds (per 10 000 population),https://www.who.int/data/gho/data/indicators/indicator-details/GHO/hospital-beds-%28per-10-000-population%29,2001,2001,2001,EMR,Eastern Mediterranean,SOM,Somalia,,,,4.2,4.2,,
WHS6_102,Hospital beds (per 10 000 population),https://www.who.int/data/gho/data/indicators/indicator-details/GHO/hospital-beds-%28per-10-000-population%29,2003,2003,2003,EMR,Eastern Mediterranean,SOM,Somalia,,,,4.2,4.2,,
WHS6_102,Hospital beds (per 10 000 population),https://www.who.int/data/gho/data/indicators/indicator-details/GHO/hospital-beds-%28per-10-000-population%29,2019,2019,2019,EMR,Eastern Mediterranean,SOM,Somalia,,,,8.7,8.7,,
WHS6_102,Hospital beds (per 10 000 population),https://www.who.int/data/gho/data/indicators/indicator-details/GHO/hospital-beds-%28per-10-000-population%29,2014,2014,2014,EMR,Eastern Mediterranean,SOM,Somalia,,,,8.7,8.7,,
