GHO (CODE),GHO (DISPLAY),GHO (URL),YEAR (DISPLAY),STARTYEAR,ENDYEAR,REGION (CODE),REGION (DISPLAY),COUNTRY (CODE),COUNTRY (DISPLAY),DIMENSION (TYPE),DIMENSION (CODE),DIMENSION (NAME),Numeric,Value,Low,High
#indicator+code,#indicator+name,#indicator+url,#date+year,#date+year+start,#date+year+end,#region+code,#region+name,#country+code,#country+name,#dimension+type,#dimension+code,#dimension+name,#indicator+value+num,#indicator+value,#indicator+value+low,#indicator+value+high
HWF_0007,Nursing and midwifery personnel  (number),https://www.who.int/data/gho/data/indicators/indicator-details/GHO/nursing-and-midwifery-personnel-%28number%29,2014,2014,2014,EMR,Eastern Mediterranean,SOM,Somalia,,,,3484.0,3484,,
HWF_0005,Medical doctors not further defined (number),https://www.who.int/data/gho/data/indicators/indicator-details/GHO/medical-doctors-not-further-defined-%28number%29,2014,2014,2014,EMR,Eastern Mediterranean,SOM,Somalia,,,,638.0,638,,
HWF_0006,"Nursing and midwifery personnel (per 10,000)",https://www.who.int/data/gho/data/indicators/indicator-details/GHO/nursing-and-midwifery-personnel-%28per-10-000-population%29,2006,2006,2006,EMR,Eastern Mediterranean,SOM,Somalia,,,,0.88,0.88,,
HWF_0024,Community Health Workers (number),https://www.who.int/data/gho/data/indicators/indicator-details/GHO/community-health-workers-%28number%29,2020,2020,2020,EMR,Eastern Mediterranean,SOM,Somalia,,,,1535.0,1535,,
HWF_0008,Nursing personnel (number),https://www.who.int/data/gho/data/indicators/indicator-details/GHO/nursing-personnel-%28number%29,2014,2014,2014,EMR,Eastern Mediterranean,SOM,Somalia,,,,2737.0,2737,,
HWF_0005,Medical doctors not further defined (number),https://www.who.int/data/gho/data/indicators/indicator-details/GHO/medical-doctors-not-further-defined-%28number%29,2006,2006,2006,EMR,Eastern Mediterranean,SOM,Somalia,,,,300.0,300,,
HWF_0015,Pharmacists  (number),https://www.who.int/data/gho/data/indicators/indicator-details/GHO/pharmacists-number,2014,2014,2014,EMR,Eastern Mediterranean,SOM,Somalia,,,,30.0,30,,
HWF_0006,"Nursing and midwifery personnel (per 10,000)",https://www.who.int/data/gho/data/indicators/indicator-details/GHO/nursing-and-midwifery-personnel-%28per-10-000-population%29,2014,2014,2014,EMR,Eastern Mediterranean,SOM,Somalia,,,,2.61,2.61,,
HWF_0011,Dentists (number),https://www.who.int/data/gho/data/indicators/indicator-details/GHO/dentists-%28number%29,2014,2014,2014,EMR,Eastern Mediterranean,SOM,Somalia,,,,2.0,2,,
HWF_0002,Medical doctors (number),https://www.who.int/data/gho/data/indicators/indicator-details/GHO/medical-doctors-%28number%29,2014,2014,2014,EMR,Eastern Mediterranean,SOM,Somalia,,,,638.0,638,,
HWF_0001,"Medical doctors (per 10,000)",https://www.who.int/data/gho/data/indicators/indicator-details/GHO/medical-doctors-%28per-10-000-population%29,2006,2006,2006,EMR,Eastern Mediterranean,SOM,Somalia,,,,0.27,0.27,,
HWF_0017,Environmental and Occupational Health and Hygiene Professionals  (number),https://www.who.int/data/gho/data/indicators/indicator-details/GHO/environmental-and-occupational-health-and-hygiene-professionals-%28number%29,2005,2005,2005,EMR,Eastern Mediterranean,SOM,Somalia,,,,41.0,41,,
HWF_0020,Medical and Pathology Laboratory Technicians  (number),https://www.who.int/data/gho/data/indicators/indicator-details/GHO/medical-and-pathology-laboratory-technicians-%28number%29,2005,2005,2005,EMR,Eastern Mediterranean,SOM,Somalia,,,,149.0,149,,
HWF_0009,Midwifery personnel (number),https://www.who.int/data/gho/data/indicators/indicator-details/GHO/midwifery-personnel-%28number%29,2014,2014,2014,EMR,Eastern Mediterranean,SOM,Somalia,,,,747.0,747,,
HWF_0001,"Medical doctors (per 10,000)",https://www.who.int/data/gho/data/indicators/indicator-details/GHO/medical-doctors-%28per-10-000-population%29,2014,2014,2014,EMR,Eastern Mediterranean,SOM,Somalia,,,,0.48,0.48,,
HWF_0002,Medical doctors (number),https://www.who.int/data/gho/data/indicators/indicator-details/GHO/medical-doctors-%28number%29,2006,2006,2006,EMR,Eastern Mediterranean,SOM,Somalia,,,,300.0,300,,
HWF_0010,"Dentists (per 10,000)",https://www.who.int/data/gho/data/indicators/indicator-details/GHO/dentists-%28per-10-000-population%29,2014,2014,2014,EMR,Eastern Mediterranean,SOM,Somalia,,,,0.0,0,,
HWF_0008,Nursing personnel (number),https://www.who.int/data/gho/data/indicators/indicator-details/GHO/nursing-personnel-%28number%29,2006,2006,2006,EMR,Eastern Mediterranean,SOM,Somalia,,,,965.0,965,,
HWF_0007,Nursing and midwifery personnel  (number),https://www.who.int/data/gho/data/indicators/indicator-details/GHO/nursing-and-midwifery-personnel-%28number%29,2006,2006,2006,EMR,Eastern Mediterranean,SOM,Somalia,,,,965.0,965,,
HWF_0021,Physiotherapists (number),https://www.who.int/data/gho/data/indicators/indicator-details/GHO/physiotherapists-%28number%29,2005,2005,2005,EMR,Eastern Mediterranean,SOM,Somalia,,,,16.0,16,,
