GHO (CODE),GHO (DISPLAY),GHO (URL),YEAR (DISPLAY),STARTYEAR,ENDYEAR,REGION (CODE),REGION (DISPLAY),COUNTRY (CODE),COUNTRY (DISPLAY),DIMENSION (TYPE),DIMENSION (CODE),DIMENSION (NAME),Numeric,Value,Low,High
#indicator+code,#indicator+name,#indicator+url,#date+year,#date+year+start,#date+year+end,#region+code,#region+name,#country+code,#country+name,#dimension+type,#dimension+code,#dimension+name,#indicator+value+num,#indicator+value,#indicator+value+low,#indicator+value+high
GHED_PVT-DCHE_SHA2011,Domestic private health expenditure (PVT-D) as percentage of current health expenditure (CHE) (%),https://www.who.int/data/gho/data/indicators/indicator-details/GHO/domestic-private-health-expenditure-%28pvt-d%29-as-percentage-of-current-health-expenditure-%28che%29-%28-%29,2013,2013,2013,EMR,Eastern Mediterranean,SOM,Somalia,,,,39.07527542,39.08,,
GHED_CHEGDP_SHA2011,Current health expenditure (CHE) as percentage of gross domestic product (GDP) (%),https://www.who.int/data/gho/data/indicators/indicator-details/GHO/current-health-expenditure-%28che%29-as-percentage-of-gross-domestic-product-%28gdp%29-%28-%29,2019,2019,2019,EMR,Eastern Mediterranean,SOM,Somalia,,,,2.19059515,2.19,,
GHED_OOPSCHE_SHA2011,Out-of-pocket expenditure as percentage of current health expenditure (CHE) (%),https://www.who.int/data/gho/data/indicators/indicator-details/GHO/out-of-pocket-expenditure-as-percentage-of-current-health-expenditure-%28che%29-%28-%29,2013,2013,2013,EMR,Eastern Mediterranean,SOM,Somalia,,,,38.32801437,38.33,,
GHED_GGHE-DGGE_SHA2011,Domestic general government health expenditure (GGHE-D) as percentage of general government expenditure (GGE) (%),https://www.who.int/data/gho/data/indicators/indicator-details/GHO/domestic-general-government-health-expenditure-%28gghe-d%29-as-percentage-of-general-government-expenditure-%28gge%29,2015,2015,2015,EMR,Eastern Mediterranean,SOM,Somalia,,,,5.01057673,5.01,,
GHED_CHE_pc_US_SHA2011,Current health expenditure (CHE) per capita in US$,https://www.who.int/data/gho/data/indicators/indicator-details/GHO/current-health-expenditure-%28che%29-per-capita-in-us-dollar,2022,2022,2022,EMR,Eastern Mediterranean,SOM,Somalia,,,,15.34639168,15.35,,
GHED_PVT-DCHE_SHA2011,Domestic private health expenditure (PVT-D) as percentage of current health expenditure (CHE) (%),https://www.who.int/data/gho/data/indicators/indicator-details/GHO/domestic-private-health-expenditure-%28pvt-d%29-as-percentage-of-current-health-expenditure-%28che%29-%28-%29,2020,2020,2020,EMR,Eastern Mediterranean,SOM,Somalia,,,,49.439888,49.44,,
GHED_GGHE-DGDP_SHA2011,Domestic general government health expenditure (GGHE-D) as percentage of gross domestic product (GDP) (%),https://www.who.int/data/gho/data/indicators/indicator-details/GHO/domestic-general-government-health-expenditure-%28gghe-d%29-as-percentage-of-gross-domestic-product-%28gdp%29-%28-%29,2022,2022,2022,EMR,Eastern Mediterranean,SOM,Somalia,,,,0.17265649,0.17,,
GHED_CHE_pc_US_SHA2011,Current health expenditure (CHE) per capita in US$,https://www.who.int/data/gho/data/indicators/indicator-details/GHO/current-health-expenditure-%28che%29-per-capita-in-us-dollar,2016,2016,2016,EMR,Eastern Mediterranean,SOM,Somalia,,,,11.72021103,11.72,,
GHED_OOP_pc_US_SHA2011,Out-of-pocket expenditure (OOP) per capita in US$,https://www.who.int/data/gho/data/indicators/indicator-details/GHO/out-of-pocket-expenditure-%28oop%29-per-capita-in-us,2021,2021,2021,EMR,Eastern Mediterranean,SOM,Somalia,,,,6.23322272,6.23,,
GHED_CHE_pc_US_SHA2011,Current health expenditure (CHE) per capita in US$,https://www.who.int/data/gho/data/indicators/indicator-details/GHO/current-health-expenditure-%28che%29-per-capita-in-us-dollar,2013,2013,2013,EMR,Eastern Mediterranean,SOM,Somalia,,,,12.85289001,12.85,,
GHED_CHEGDP_SHA2011,Current health expenditure (CHE) as percentage of gross domestic product (GDP) (%),https://www.who.int/data/gho/data/indicators/indicator-details/GHO/current-health-expenditure-%28che%29-as-percentage-of-gross-domestic-product-%28gdp%29-%28-%29,2022,2022,2022,EMR,Eastern Mediterranean,SOM,Somalia,,,,2.62183189,2.62,,
GHED_GGHE-DGDP_SHA2011,Domestic general government health expenditure (GGHE-D) as percentage of gross domestic product (GDP) (%),https://www.who.int/data/gho/data/indicators/indicator-details/GHO/domestic-general-government-health-expenditure-%28gghe-d%29-as-percentage-of-gross-domestic-product-%28gdp%29-%28-%29,2017,2017,2017,EMR,Eastern Mediterranean,SOM,Somalia,,,,0.12797742,0.13,,
GHED_PVT-D_pc_US_SHA2011,Domestic private health expenditure (PVT-D) per capita in US$,https://www.who.int/data/gho/data/indicators/indicator-details/GHO/domestic-private-health-expenditure-%28pvt-d%29-per-capita-in-usd,2018,2018,2018,EMR,Eastern Mediterranean,SOM,Somalia,,,,5.62988042,5.63,,
GHED_OOPSCHE_SHA2011,Out-of-pocket expenditure as percentage of current health expenditure (CHE) (%),https://www.who.int/data/gho/data/indicators/indicator-details/GHO/out-of-pocket-expenditure-as-percentage-of-current-health-expenditure-%28che%29-%28-%29,2020,2020,2020,EMR,Eastern Mediterranean,SOM,Somalia,,,,48.49442291,48.49,,
GHED_GGHE-DCHE_SHA2011,Domestic general government health expenditure (GGHE-D) as percentage of current health expenditure (CHE) (%),https://www.who.int/data/gho/data/indicators/indicator-details/GHO/domestic-general-government-health-expenditure-%28gche-d%29-as-percentage-of-current-health-expenditure,2019,2019,2019,EMR,Eastern Mediterranean,SOM,Somalia,,,,5.4451704,5.45,,
GHED_EXT_pc_US_SHA2011,External health expenditure (EXT) per capita in US$,https://www.who.int/data/gho/data/indicators/indicator-details/GHO/external-health-expenditure-%28ext%29-per-capita-in-us,2016,2016,2016,EMR,Eastern Mediterranean,SOM,Somalia,,,,5.80983792,5.81,,
GHED_GGHE-DCHE_SHA2011,Domestic general government health expenditure (GGHE-D) as percentage of current health expenditure (CHE) (%),https://www.who.int/data/gho/data/indicators/indicator-details/GHO/domestic-general-government-health-expenditure-%28gche-d%29-as-percentage-of-current-health-expenditure,2016,2016,2016,EMR,Eastern Mediterranean,SOM,Somalia,,,,4.38450003,4.38,,
GHED_CHE_pc_US_SHA2011,Current health expenditure (CHE) per capita in US$,https://www.who.int/data/gho/data/indicators/indicator-details/GHO/current-health-expenditure-%28che%29-per-capita-in-us-dollar,2014,2014,2014,EMR,Eastern Mediterranean,SOM,Somalia,,,,13.11646461,13.12,,
GHED_PVT-DCHE_SHA2011,Domestic private health expenditure (PVT-D) as percentage of current health expenditure (CHE) (%),https://www.who.int/data/gho/data/indicators/indicator-details/GHO/domestic-private-health-expenditure-%28pvt-d%29-as-percentage-of-current-health-expenditure-%28che%29-%28-%29,2019,2019,2019,EMR,Eastern Mediterranean,SOM,Somalia,,,,46.29141998,46.29,,
GHED_OOP_pc_US_SHA2011,Out-of-pocket expenditure (OOP) per capita in US$,https://www.who.int/data/gho/data/indicators/indicator-details/GHO/out-of-pocket-expenditure-%28oop%29-per-capita-in-us,2020,2020,2020,EMR,Eastern Mediterranean,SOM,Somalia,,,,6.02452649,6.02,,
GHED_OOP_pc_US_SHA2011,Out-of-pocket expenditure (OOP) per capita in US$,https://www.who.int/data/gho/data/indicators/indicator-details/GHO/out-of-pocket-expenditure-%28oop%29-per-capita-in-us,2016,2016,2016,EMR,Eastern Mediterranean,SOM,Somalia,,,,5.29330025,5.29,,
GHED_PVT-D_pc_US_SHA2011,Domestic private health expenditure (PVT-D) per capita in US$,https://www.who.int/data/gho/data/indicators/indicator-details/GHO/domestic-private-health-expenditure-%28pvt-d%29-per-capita-in-usd,2017,2017,2017,EMR,Eastern Mediterranean,SOM,Somalia,,,,5.46903232,5.47,,
GHED_OOP_pc_US_SHA2011,Out-of-pocket expenditure (OOP) per capita in US$,https://www.who.int/data/gho/data/indicators/indicator-details/GHO/out-of-pocket-expenditure-%28oop%29-per-capita-in-us,2018,2018,2018,EMR,Eastern Mediterranean,SOM,Somalia,,,,5.52221663,5.52,,
GHED_EXTCHE_SHA2011,External health expenditure (EXT) as percentage of current health expenditure (CHE) (%),https://www.who.int/data/gho/data/indicators/indicator-details/GHO/external-health-expenditure-%28ext%29-as-percentage-of-current-health-expenditure-%28che%29-%28-%29,2016,2016,2016,EMR,Eastern Mediterranean,SOM,Somalia,,,,49.57110214,49.57,,
GHED_GGHE-D_pc_US_SHA2011,Domestic general government health expenditure (GGHE-D) per capita in US$,https://www.who.int/data/gho/data/indicators/indicator-details/GHO/domestic-general-government-health-expenditure-%28gghe-d%29-per-capita-in-us,2022,2022,2022,EMR,Eastern Mediterranean,SOM,Somalia,,,,1.0106118,1.01,,
GHED_EXTCHE_SHA2011,External health expenditure (EXT) as percentage of current health expenditure (CHE) (%),https://www.who.int/data/gho/data/indicators/indicator-details/GHO/external-health-expenditure-%28ext%29-as-percentage-of-current-health-expenditure-%28che%29-%28-%29,2014,2014,2014,EMR,Eastern Mediterranean,SOM,Somalia,,,,56.21998596,56.22,,
GHED_PVT-DCHE_SHA2011,Domestic private health expenditure (PVT-D) as percentage of current health expenditure (CHE) (%),https://www.who.int/data/gho/data/indicators/indicator-details/GHO/domestic-private-health-expenditure-%28pvt-d%29-as-percentage-of-current-health-expenditure-%28che%29-%28-%29,2015,2015,2015,EMR,Eastern Mediterranean,SOM,Somalia,,,,38.33525848,38.34,,
GHED_EXTCHE_SHA2011,External health expenditure (EXT) as percentage of current health expenditure (CHE) (%),https://www.who.int/data/gho/data/indicators/indicator-details/GHO/external-health-expenditure-%28ext%29-as-percentage-of-current-health-expenditure-%28che%29-%28-%29,2018,2018,2018,EMR,Eastern Mediterranean,SOM,Somalia,,,,50.64872742,50.65,,
GHED_GGHE-DGGE_SHA2011,Domestic general government health expenditure (GGHE-D) as percentage of general government expenditure (GGE) (%),https://www.who.int/data/gho/data/indicators/indicator-details/GHO/domestic-general-government-health-expenditure-%28gghe-d%29-as-percentage-of-general-government-expenditure-%28gge%29,2021,2021,2021,EMR,Eastern Mediterranean,SOM,Somalia,,,,5.71560478,5.72,,
GHED_PVT-DCHE_SHA2011,Domestic private health expenditure (PVT-D) as percentage of current health expenditure (CHE) (%),https://www.who.int/data/gho/data/indicators/indicator-details/GHO/domestic-private-health-expenditure-%28pvt-d%29-as-percentage-of-current-health-expenditure-%28che%29-%28-%29,2022,2022,2022,EMR,Eastern Mediterranean,SOM,Somalia,,,,42.96621704,42.97,,
GHED_GGHE-DGGE_SHA2011,Domestic general government health expenditure (GGHE-D) as percentage of general government expenditure (GGE) (%),https://www.who.int/data/gho/data/indicators/indicator-details/GHO/domestic-general-government-health-expenditure-%28gghe-d%29-as-percentage-of-general-government-expenditure-%28gge%29,2020,2020,2020,EMR,Eastern Mediterranean,SOM,Somalia,,,,2.91993523,2.92,,
GHED_GGHE-DGGE_SHA2011,Domestic general government health expenditure (GGHE-D) as percentage of general government expenditure (GGE) (%),https://www.who.int/data/gho/data/indicators/indicator-details/GHO/domestic-general-government-health-expenditure-%28gghe-d%29-as-percentage-of-general-government-expenditure-%28gge%29,2016,2016,2016,EMR,Eastern Mediterranean,SOM,Somalia,,,,5.38206244,5.38,,
GHED_GGHE-DGDP_SHA2011,Domestic general government health expenditure (GGHE-D) as percentage of gross domestic product (GDP) (%),https://www.who.int/data/gho/data/indicators/indicator-details/GHO/domestic-general-government-health-expenditure-%28gghe-d%29-as-percentage-of-gross-domestic-product-%28gdp%29-%28-%29,2021,2021,2021,EMR,Eastern Mediterranean,SOM,Somalia,,,,0.26722008,0.27,,
GHED_GGHE-DGGE_SHA2011,Domestic general government health expenditure (GGHE-D) as percentage of general government expenditure (GGE) (%),https://www.who.int/data/gho/data/indicators/indicator-details/GHO/domestic-general-government-health-expenditure-%28gghe-d%29-as-percentage-of-general-government-expenditure-%28gge%29,2017,2017,2017,EMR,Eastern Mediterranean,SOM,Somalia,,,,4.4372673,4.44,,
GHED_GGHE-DGGE_SHA2011,Domestic general government health expenditure (GGHE-D) as percentage of general government expenditure (GGE) (%),https://www.who.int/data/gho/data/indicators/indicator-details/GHO/domestic-general-government-health-expenditure-%28gghe-d%29-as-percentage-of-general-government-expenditure-%28gge%29,2022,2022,2022,EMR,Eastern Mediterranean,SOM,Somalia,,,,2.49872327,2.5,,
GHED_CHE_pc_US_SHA2011,Current health expenditure (CHE) per capita in US$,https://www.who.int/data/gho/data/indicators/indicator-details/GHO/current-health-expenditure-%28che%29-per-capita-in-us-dollar,2015,2015,2015,EMR,Eastern Mediterranean,SOM,Somalia,,,,14.08594513,14.09,,
GHED_EXT_pc_US_SHA2011,External health expenditure (EXT) per capita in US$,https://www.who.int/data/gho/data/indicators/indicator-details/GHO/external-health-expenditure-%28ext%29-per-capita-in-us,2018,2018,2018,EMR,Eastern Mediterranean,SOM,Somalia,,,,6.43509657,6.44,,
GHED_CHE_pc_US_SHA2011,Current health expenditure (CHE) per capita in US$,https://www.who.int/data/gho/data/indicators/indicator-details/GHO/current-health-expenditure-%28che%29-per-capita-in-us-dollar,2020,2020,2020,EMR,Eastern Mediterranean,SOM,Somalia,,,,12.42313194,12.42,,
GHED_EXT_pc_US_SHA2011,External health expenditure (EXT) per capita in US$,https://www.who.int/data/gho/data/indicators/indicator-details/GHO/external-health-expenditure-%28ext%29-per-capita-in-us,2020,2020,2020,EMR,Eastern Mediterranean,SOM,Somalia,,,,5.45345514,5.45,,
GHED_PVT-D_pc_US_SHA2011,Domestic private health expenditure (PVT-D) per capita in US$,https://www.who.int/data/gho/data/indicators/indicator-details/GHO/domestic-private-health-expenditure-%28pvt-d%29-per-capita-in-usd,2013,2013,2013,EMR,Eastern Mediterranean,SOM,Somalia,,,,5.02230233,5.02,,
GHED_OOPSCHE_SHA2011,Out-of-pocket expenditure as percentage of current health expenditure (CHE) (%),https://www.who.int/data/gho/data/indicators/indicator-details/GHO/out-of-pocket-expenditure-as-percentage-of-current-health-expenditure-%28che%29-%28-%29,2015,2015,2015,EMR,Eastern Mediterranean,SOM,Somalia,,,,37.60215378,37.6,,
GHED_GGHE-DGDP_SHA2011,Domestic general government health expenditure (GGHE-D) as percentage of gross domestic product (GDP) (%),https://www.who.int/data/gho/data/indicators/indicator-details/GHO/domestic-general-government-health-expenditure-%28gghe-d%29-as-percentage-of-gross-domestic-product-%28gdp%29-%28-%29,2013,2013,2013,EMR,Eastern Mediterranean,SOM,Somalia,,,,0.11027231,0.11,,
GHED_GGHE-D_pc_US_SHA2011,Domestic general government health expenditure (GGHE-D) per capita in US$,https://www.who.int/data/gho/data/indicators/indicator-details/GHO/domestic-general-government-health-expenditure-%28gghe-d%29-per-capita-in-us,2018,2018,2018,EMR,Eastern Mediterranean,SOM,Somalia,,,,0.64037045,0.64,,
GHED_GGHE-DCHE_SHA2011,Domestic general government health expenditure (GGHE-D) as percentage of current health expenditure (CHE) (%),https://www.who.int/data/gho/data/indicators/indicator-details/GHO/domestic-general-government-health-expenditure-%28gche-d%29-as-percentage-of-current-health-expenditure,2022,2022,2022,EMR,Eastern Mediterranean,SOM,Somalia,,,,6.58533812,6.59,,
GHED_PVT-DCHE_SHA2011,Domestic private health expenditure (PVT-D) as percentage of current health expenditure (CHE) (%),https://www.who.int/data/gho/data/indicators/indicator-details/GHO/domestic-private-health-expenditure-%28pvt-d%29-as-percentage-of-current-health-expenditure-%28che%29-%28-%29,2021,2021,2021,EMR,Eastern Mediterranean,SOM,Somalia,,,,43.42521667,43.43,,
GHED_EXTCHE_SHA2011,External health expenditure (EXT) as percentage of current health expenditure (CHE) (%),https://www.who.int/data/gho/data/indicators/indicator-details/GHO/external-health-expenditure-%28ext%29-as-percentage-of-current-health-expenditure-%28che%29-%28-%29,2022,2022,2022,EMR,Eastern Mediterranean,SOM,Somalia,,,,50.44844437,50.45,,
GHED_GGHE-DGGE_SHA2011,Domestic general government health expenditure (GGHE-D) as percentage of general government expenditure (GGE) (%),https://www.who.int/data/gho/data/indicators/indicator-details/GHO/domestic-general-government-health-expenditure-%28gghe-d%29-as-percentage-of-general-government-expenditure-%28gge%29,2019,2019,2019,EMR,Eastern Mediterranean,SOM,Somalia,,,,3.57844925,3.58,,
GHED_OOPSCHE_SHA2011,Out-of-pocket expenditure as percentage of current health expenditure (CHE) (%),https://www.who.int/data/gho/data/indicators/indicator-details/GHO/out-of-pocket-expenditure-as-percentage-of-current-health-expenditure-%28che%29-%28-%29,2018,2018,2018,EMR,Eastern Mediterranean,SOM,Somalia,,,,43.46372223,43.46,,
GHED_CHEGDP_SHA2011,Current health expenditure (CHE) as percentage of gross domestic product (GDP) (%),https://www.who.int/data/gho/data/indicators/indicator-details/GHO/current-health-expenditure-%28che%29-as-percentage-of-gross-domestic-product-%28gdp%29-%28-%29,2016,2016,2016,EMR,Eastern Mediterranean,SOM,Somalia,,,,2.27533841,2.28,,
GHED_GGHE-DCHE_SHA2011,Domestic general government health expenditure (GGHE-D) as percentage of current health expenditure (CHE) (%),https://www.who.int/data/gho/data/indicators/indicator-details/GHO/domestic-general-government-health-expenditure-%28gche-d%29-as-percentage-of-current-health-expenditure,2020,2020,2020,EMR,Eastern Mediterranean,SOM,Somalia,,,,6.6625247,6.66,,
GHED_GGHE-DGGE_SHA2011,Domestic general government health expenditure (GGHE-D) as percentage of general government expenditure (GGE) (%),https://www.who.int/data/gho/data/indicators/indicator-details/GHO/domestic-general-government-health-expenditure-%28gghe-d%29-as-percentage-of-general-government-expenditure-%28gge%29,2014,2014,2014,EMR,Eastern Mediterranean,SOM,Somalia,,,,3.88025784,3.88,,
GHED_EXT_pc_US_SHA2011,External health expenditure (EXT) per capita in US$,https://www.who.int/data/gho/data/indicators/indicator-details/GHO/external-health-expenditure-%28ext%29-per-capita-in-us,2022,2022,2022,EMR,Eastern Mediterranean,SOM,Somalia,,,,7.74201584,7.74,,
GHED_PVT-D_pc_US_SHA2011,Domestic private health expenditure (PVT-D) per capita in US$,https://www.who.int/data/gho/data/indicators/indicator-details/GHO/domestic-private-health-expenditure-%28pvt-d%29-per-capita-in-usd,2021,2021,2021,EMR,Eastern Mediterranean,SOM,Somalia,,,,6.3547483,6.35,,
GHED_OOPSCHE_SHA2011,Out-of-pocket expenditure as percentage of current health expenditure (CHE) (%),https://www.who.int/data/gho/data/indicators/indicator-details/GHO/out-of-pocket-expenditure-as-percentage-of-current-health-expenditure-%28che%29-%28-%29,2014,2014,2014,EMR,Eastern Mediterranean,SOM,Somalia,,,,39.70158768,39.7,,
GHED_GGHE-D_pc_US_SHA2011,Domestic general government health expenditure (GGHE-D) per capita in US$,https://www.who.int/data/gho/data/indicators/indicator-details/GHO/domestic-general-government-health-expenditure-%28gghe-d%29-per-capita-in-us,2017,2017,2017,EMR,Eastern Mediterranean,SOM,Somalia,,,,0.70798137,0.71,,
GHED_CHE_pc_US_SHA2011,Current health expenditure (CHE) per capita in US$,https://www.who.int/data/gho/data/indicators/indicator-details/GHO/current-health-expenditure-%28che%29-per-capita-in-us-dollar,2018,2018,2018,EMR,Eastern Mediterranean,SOM,Somalia,,,,12.70534706,12.71,,
GHED_PVT-D_pc_US_SHA2011,Domestic private health expenditure (PVT-D) per capita in US$,https://www.who.int/data/gho/data/indicators/indicator-details/GHO/domestic-private-health-expenditure-%28pvt-d%29-per-capita-in-usd,2020,2020,2020,EMR,Eastern Mediterranean,SOM,Somalia,,,,6.14198271,6.14,,
GHED_GGHE-D_pc_US_SHA2011,Domestic general government health expenditure (GGHE-D) per capita in US$,https://www.who.int/data/gho/data/indicators/indicator-details/GHO/domestic-general-government-health-expenditure-%28gghe-d%29-per-capita-in-us,2021,2021,2021,EMR,Eastern Mediterranean,SOM,Somalia,,,,1.52227003,1.52,,
GHED_GGHE-DCHE_SHA2011,Domestic general government health expenditure (GGHE-D) as percentage of current health expenditure (CHE) (%),https://www.who.int/data/gho/data/indicators/indicator-details/GHO/domestic-general-government-health-expenditure-%28gche-d%29-as-percentage-of-current-health-expenditure,2014,2014,2014,EMR,Eastern Mediterranean,SOM,Somalia,,,,3.30438614,3.3,,
GHED_CHEGDP_SHA2011,Current health expenditure (CHE) as percentage of gross domestic product (GDP) (%),https://www.who.int/data/gho/data/indicators/indicator-details/GHO/current-health-expenditure-%28che%29-as-percentage-of-gross-domestic-product-%28gdp%29-%28-%29,2017,2017,2017,EMR,Eastern Mediterranean,SOM,Somalia,,,,2.4336102,2.43,,
GHED_CHEGDP_SHA2011,Current health expenditure (CHE) as percentage of gross domestic product (GDP) (%),https://www.who.int/data/gho/data/indicators/indicator-details/GHO/current-health-expenditure-%28che%29-as-percentage-of-gross-domestic-product-%28gdp%29-%28-%29,2015,2015,2015,EMR,Eastern Mediterranean,SOM,Somalia,,,,2.84291959,2.84,,
GHED_GGHE-DCHE_SHA2011,Domestic general government health expenditure (GGHE-D) as percentage of current health expenditure (CHE) (%),https://www.who.int/data/gho/data/indicators/indicator-details/GHO/domestic-general-government-health-expenditure-%28gche-d%29-as-percentage-of-current-health-expenditure,2018,2018,2018,EMR,Eastern Mediterranean,SOM,Somalia,,,,5.04016495,5.04,,
GHED_PVT-DCHE_SHA2011,Domestic private health expenditure (PVT-D) as percentage of current health expenditure (CHE) (%),https://www.who.int/data/gho/data/indicators/indicator-details/GHO/domestic-private-health-expenditure-%28pvt-d%29-as-percentage-of-current-health-expenditure-%28che%29-%28-%29,2017,2017,2017,EMR,Eastern Mediterranean,SOM,Somalia,,,,40.62290573,40.62,,
GHED_OOPSCHE_SHA2011,Out-of-pocket expenditure as percentage of current health expenditure (CHE) (%),https://www.who.int/data/gho/data/indicators/indicator-details/GHO/out-of-pocket-expenditure-as-percentage-of-current-health-expenditure-%28che%29-%28-%29,2019,2019,2019,EMR,Eastern Mediterranean,SOM,Somalia,,,,45.40616226,45.41,,
GHED_EXT_pc_US_SHA2011,External health expenditure (EXT) per capita in US$,https://www.who.int/data/gho/data/indicators/indicator-details/GHO/external-health-expenditure-%28ext%29-per-capita-in-us,2013,2013,2013,EMR,Eastern Mediterranean,SOM,Somalia,,,,7.32770647,7.33,,
GHED_PVT-DCHE_SHA2011,Domestic private health expenditure (PVT-D) as percentage of current health expenditure (CHE) (%),https://www.who.int/data/gho/data/indicators/indicator-details/GHO/domestic-private-health-expenditure-%28pvt-d%29-as-percentage-of-current-health-expenditure-%28che%29-%28-%29,2018,2018,2018,EMR,Eastern Mediterranean,SOM,Somalia,,,,44.31111145,44.31,,
GHED_PVT-D_pc_US_SHA2011,Domestic private health expenditure (PVT-D) per capita in US$,https://www.who.int/data/gho/data/indicators/indicator-details/GHO/domestic-private-health-expenditure-%28pvt-d%29-per-capita-in-usd,2015,2015,2015,EMR,Eastern Mediterranean,SOM,Somalia,,,,5.39988334,5.4,,
GHED_GGHE-DCHE_SHA2011,Domestic general government health expenditure (GGHE-D) as percentage of current health expenditure (CHE) (%),https://www.who.int/data/gho/data/indicators/indicator-details/GHO/domestic-general-government-health-expenditure-%28gche-d%29-as-percentage-of-current-health-expenditure,2021,2021,2021,EMR,Eastern Mediterranean,SOM,Somalia,,,,10.40244293,10.4,,
GHED_CHEGDP_SHA2011,Current health expenditure (CHE) as percentage of gross domestic product (GDP) (%),https://www.who.int/data/gho/data/indicators/indicator-details/GHO/current-health-expenditure-%28che%29-as-percentage-of-gross-domestic-product-%28gdp%29-%28-%29,2014,2014,2014,EMR,Eastern Mediterranean,SOM,Somalia,,,,2.71561337,2.72,,
GHED_EXT_pc_US_SHA2011,External health expenditure (EXT) per capita in US$,https://www.who.int/data/gho/data/indicators/indicator-details/GHO/external-health-expenditure-%28ext%29-per-capita-in-us,2014,2014,2014,EMR,Eastern Mediterranean,SOM,Somalia,,,,7.37407511,7.37,,
GHED_GGHE-DGDP_SHA2011,Domestic general government health expenditure (GGHE-D) as percentage of gross domestic product (GDP) (%),https://www.who.int/data/gho/data/indicators/indicator-details/GHO/domestic-general-government-health-expenditure-%28gghe-d%29-as-percentage-of-gross-domestic-product-%28gdp%29-%28-%29,2016,2016,2016,EMR,Eastern Mediterranean,SOM,Somalia,,,,0.09976222,0.1,,
GHED_EXTCHE_SHA2011,External health expenditure (EXT) as percentage of current health expenditure (CHE) (%),https://www.who.int/data/gho/data/indicators/indicator-details/GHO/external-health-expenditure-%28ext%29-as-percentage-of-current-health-expenditure-%28che%29-%28-%29,2017,2017,2017,EMR,Eastern Mediterranean,SOM,Somalia,,,,54.11834717,54.12,,
GHED_OOP_pc_US_SHA2011,Out-of-pocket expenditure (OOP) per capita in US$,https://www.who.int/data/gho/data/indicators/indicator-details/GHO/out-of-pocket-expenditure-%28oop%29-per-capita-in-us,2017,2017,2017,EMR,Eastern Mediterranean,SOM,Somalia,,,,5.36444525,5.36,,
GHED_OOPSCHE_SHA2011,Out-of-pocket expenditure as percentage of current health expenditure (CHE) (%),https://www.who.int/data/gho/data/indicators/indicator-details/GHO/out-of-pocket-expenditure-as-percentage-of-current-health-expenditure-%28che%29-%28-%29,2022,2022,2022,EMR,Eastern Mediterranean,SOM,Somalia,,,,42.14455032,42.14,,
GHED_EXTCHE_SHA2011,External health expenditure (EXT) as percentage of current health expenditure (CHE) (%),https://www.who.int/data/gho/data/indicators/indicator-details/GHO/external-health-expenditure-%28ext%29-as-percentage-of-current-health-expenditure-%28che%29-%28-%29,2020,2020,2020,EMR,Eastern Mediterranean,SOM,Somalia,,,,43.89758682,43.9,,
GHED_OOP_pc_US_SHA2011,Out-of-pocket expenditure (OOP) per capita in US$,https://www.who.int/data/gho/data/indicators/indicator-details/GHO/out-of-pocket-expenditure-%28oop%29-per-capita-in-us,2013,2013,2013,EMR,Eastern Mediterranean,SOM,Somalia,,,,4.92625763,4.93,,
GHED_GGHE-DGDP_SHA2011,Domestic general government health expenditure (GGHE-D) as percentage of gross domestic product (GDP) (%),https://www.who.int/data/gho/data/indicators/indicator-details/GHO/domestic-general-government-health-expenditure-%28gghe-d%29-as-percentage-of-gross-domestic-product-%28gdp%29-%28-%29,2020,2020,2020,EMR,Eastern Mediterranean,SOM,Somalia,,,,0.14974026,0.15,,
GHED_GGHE-D_pc_US_SHA2011,Domestic general government health expenditure (GGHE-D) per capita in US$,https://www.who.int/data/gho/data/indicators/indicator-details/GHO/domestic-general-government-health-expenditure-%28gghe-d%29-per-capita-in-us,2016,2016,2016,EMR,Eastern Mediterranean,SOM,Somalia,,,,0.51387267,0.51,,
GHED_PVT-D_pc_US_SHA2011,Domestic private health expenditure (PVT-D) per capita in US$,https://www.who.int/data/gho/data/indicators/indicator-details/GHO/domestic-private-health-expenditure-%28pvt-d%29-per-capita-in-usd,2016,2016,2016,EMR,Eastern Mediterranean,SOM,Somalia,,,,5.39650003,5.4,,
GHED_EXTCHE_SHA2011,External health expenditure (EXT) as percentage of current health expenditure (CHE) (%),https://www.who.int/data/gho/data/indicators/indicator-details/GHO/external-health-expenditure-%28ext%29-as-percentage-of-current-health-expenditure-%28che%29-%28-%29,2013,2013,2013,EMR,Eastern Mediterranean,SOM,Somalia,,,,57.01213074,57.01,,
GHED_EXTCHE_SHA2011,External health expenditure (EXT) as percentage of current health expenditure (CHE) (%),https://www.who.int/data/gho/data/indicators/indicator-details/GHO/external-health-expenditure-%28ext%29-as-percentage-of-current-health-expenditure-%28che%29-%28-%29,2015,2015,2015,EMR,Eastern Mediterranean,SOM,Somalia,,,,58.44431305,58.44,,
GHED_PVT-D_pc_US_SHA2011,Domestic private health expenditure (PVT-D) per capita in US$,https://www.who.int/data/gho/data/indicators/indicator-details/GHO/domestic-private-health-expenditure-%28pvt-d%29-per-capita-in-usd,2014,2014,2014,EMR,Eastern Mediterranean,SOM,Somalia,,,,5.30897091,5.31,,
GHED_CHE_pc_US_SHA2011,Current health expenditure (CHE) per capita in US$,https://www.who.int/data/gho/data/indicators/indicator-details/GHO/current-health-expenditure-%28che%29-per-capita-in-us-dollar,2017,2017,2017,EMR,Eastern Mediterranean,SOM,Somalia,,,,13.46292782,13.46,,
GHED_CHEGDP_SHA2011,Current health expenditure (CHE) as percentage of gross domestic product (GDP) (%),https://www.who.int/data/gho/data/indicators/indicator-details/GHO/current-health-expenditure-%28che%29-as-percentage-of-gross-domestic-product-%28gdp%29-%28-%29,2013,2013,2013,EMR,Eastern Mediterranean,SOM,Somalia,,,,2.81839299,2.82,,
GHED_PVT-DCHE_SHA2011,Domestic private health expenditure (PVT-D) as percentage of current health expenditure (CHE) (%),https://www.who.int/data/gho/data/indicators/indicator-details/GHO/domestic-private-health-expenditure-%28pvt-d%29-as-percentage-of-current-health-expenditure-%28che%29-%28-%29,2016,2016,2016,EMR,Eastern Mediterranean,SOM,Somalia,,,,46.04439163,46.04,,
GHED_GGHE-DGDP_SHA2011,Domestic general government health expenditure (GGHE-D) as percentage of gross domestic product (GDP) (%),https://www.who.int/data/gho/data/indicators/indicator-details/GHO/domestic-general-government-health-expenditure-%28gghe-d%29-as-percentage-of-gross-domestic-product-%28gdp%29-%28-%29,2019,2019,2019,EMR,Eastern Mediterranean,SOM,Somalia,,,,0.11928164,0.12,,
GHED_EXTCHE_SHA2011,External health expenditure (EXT) as percentage of current health expenditure (CHE) (%),https://www.who.int/data/gho/data/indicators/indicator-details/GHO/external-health-expenditure-%28ext%29-as-percentage-of-current-health-expenditure-%28che%29-%28-%29,2021,2021,2021,EMR,Eastern Mediterranean,SOM,Somalia,,,,46.17234421,46.17,,
GHED_GGHE-DGGE_SHA2011,Domestic general government health expenditure (GGHE-D) as percentage of general government expenditure (GGE) (%),https://www.who.int/data/gho/data/indicators/indicator-details/GHO/domestic-general-government-health-expenditure-%28gghe-d%29-as-percentage-of-general-government-expenditure-%28gge%29,2013,2013,2013,EMR,Eastern Mediterranean,SOM,Somalia,,,,5.53152275,5.53,,
GHED_GGHE-DGDP_SHA2011,Domestic general government health expenditure (GGHE-D) as percentage of gross domestic product (GDP) (%),https://www.who.int/data/gho/data/indicators/indicator-details/GHO/domestic-general-government-health-expenditure-%28gghe-d%29-as-percentage-of-gross-domestic-product-%28gdp%29-%28-%29,2015,2015,2015,EMR,Eastern Mediterranean,SOM,Somalia,,,,0.09155417,0.09,,
GHED_CHE_pc_US_SHA2011,Current health expenditure (CHE) per capita in US$,https://www.who.int/data/gho/data/indicators/indicator-details/GHO/current-health-expenditure-%28che%29-per-capita-in-us-dollar,2021,2021,2021,EMR,Eastern Mediterranean,SOM,Somalia,,,,14.63377476,14.63,,
GHED_OOP_pc_US_SHA2011,Out-of-pocket expenditure (OOP) per capita in US$,https://www.who.int/data/gho/data/indicators/indicator-details/GHO/out-of-pocket-expenditure-%28oop%29-per-capita-in-us,2022,2022,2022,EMR,Eastern Mediterranean,SOM,Somalia,,,,6.46766791,6.47,,
GHED_CHEGDP_SHA2011,Current health expenditure (CHE) as percentage of gross domestic product (GDP) (%),https://www.who.int/data/gho/data/indicators/indicator-details/GHO/current-health-expenditure-%28che%29-as-percentage-of-gross-domestic-product-%28gdp%29-%28-%29,2020,2020,2020,EMR,Eastern Mediterranean,SOM,Somalia,,,,2.24750042,2.25,,
GHED_GGHE-DCHE_SHA2011,Domestic general government health expenditure (GGHE-D) as percentage of current health expenditure (CHE) (%),https://www.who.int/data/gho/data/indicators/indicator-details/GHO/domestic-general-government-health-expenditure-%28gche-d%29-as-percentage-of-current-health-expenditure,2015,2015,2015,EMR,Eastern Mediterranean,SOM,Somalia,,,,3.22042775,3.22,,
GHED_OOP_pc_US_SHA2011,Out-of-pocket expenditure (OOP) per capita in US$,https://www.who.int/data/gho/data/indicators/indicator-details/GHO/out-of-pocket-expenditure-%28oop%29-per-capita-in-us,2015,2015,2015,EMR,Eastern Mediterranean,SOM,Somalia,,,,5.29661849,5.3,,
GHED_OOPSCHE_SHA2011,Out-of-pocket expenditure as percentage of current health expenditure (CHE) (%),https://www.who.int/data/gho/data/indicators/indicator-details/GHO/out-of-pocket-expenditure-as-percentage-of-current-health-expenditure-%28che%29-%28-%29,2021,2021,2021,EMR,Eastern Mediterranean,SOM,Somalia,,,,42.59476852,42.59,,
GHED_EXT_pc_US_SHA2011,External health expenditure (EXT) per capita in US$,https://www.who.int/data/gho/data/indicators/indicator-details/GHO/external-health-expenditure-%28ext%29-per-capita-in-us,2017,2017,2017,EMR,Eastern Mediterranean,SOM,Somalia,,,,7.28591396,7.29,,
GHED_GGHE-D_pc_US_SHA2011,Domestic general government health expenditure (GGHE-D) per capita in US$,https://www.who.int/data/gho/data/indicators/indicator-details/GHO/domestic-general-government-health-expenditure-%28gghe-d%29-per-capita-in-us,2020,2020,2020,EMR,Eastern Mediterranean,SOM,Somalia,,,,0.82769424,0.83,,
GHED_EXT_pc_US_SHA2011,External health expenditure (EXT) per capita in US$,https://www.who.int/data/gho/data/indicators/indicator-details/GHO/external-health-expenditure-%28ext%29-per-capita-in-us,2019,2019,2019,EMR,Eastern Mediterranean,SOM,Somalia,,,,6.21256921,6.21,,
GHED_CHEGDP_SHA2011,Current health expenditure (CHE) as percentage of gross domestic product (GDP) (%),https://www.who.int/data/gho/data/indicators/indicator-details/GHO/current-health-expenditure-%28che%29-as-percentage-of-gross-domestic-product-%28gdp%29-%28-%29,2018,2018,2018,EMR,Eastern Mediterranean,SOM,Somalia,,,,2.37169838,2.37,,
GHED_OOP_pc_US_SHA2011,Out-of-pocket expenditure (OOP) per capita in US$,https://www.who.int/data/gho/data/indicators/indicator-details/GHO/out-of-pocket-expenditure-%28oop%29-per-capita-in-us,2014,2014,2014,EMR,Eastern Mediterranean,SOM,Somalia,,,,5.20744524,5.21,,
GHED_GGHE-D_pc_US_SHA2011,Domestic general government health expenditure (GGHE-D) per capita in US$,https://www.who.int/data/gho/data/indicators/indicator-details/GHO/domestic-general-government-health-expenditure-%28gghe-d%29-per-capita-in-us,2014,2014,2014,EMR,Eastern Mediterranean,SOM,Somalia,,,,0.43341866,0.43,,
GHED_GGHE-D_pc_US_SHA2011,Domestic general government health expenditure (GGHE-D) per capita in US$,https://www.who.int/data/gho/data/indicators/indicator-details/GHO/domestic-general-government-health-expenditure-%28gghe-d%29-per-capita-in-us,2015,2015,2015,EMR,Eastern Mediterranean,SOM,Somalia,,,,0.4536277,0.45,,
GHED_EXT_pc_US_SHA2011,External health expenditure (EXT) per capita in US$,https://www.who.int/data/gho/data/indicators/indicator-details/GHO/external-health-expenditure-%28ext%29-per-capita-in-us,2021,2021,2021,EMR,Eastern Mediterranean,SOM,Somalia,,,,6.75675699,6.76,,
GHED_CHEGDP_SHA2011,Current health expenditure (CHE) as percentage of gross domestic product (GDP) (%),https://www.who.int/data/gho/data/indicators/indicator-details/GHO/current-health-expenditure-%28che%29-as-percentage-of-gross-domestic-product-%28gdp%29-%28-%29,2021,2021,2021,EMR,Eastern Mediterranean,SOM,Somalia,,,,2.56882048,2.57,,
GHED_GGHE-DGDP_SHA2011,Domestic general government health expenditure (GGHE-D) as percentage of gross domestic product (GDP) (%),https://www.who.int/data/gho/data/indicators/indicator-details/GHO/domestic-general-government-health-expenditure-%28gghe-d%29-as-percentage-of-gross-domestic-product-%28gdp%29-%28-%29,2018,2018,2018,EMR,Eastern Mediterranean,SOM,Somalia,,,,0.11953752,0.12,,
GHED_PVT-D_pc_US_SHA2011,Domestic private health expenditure (PVT-D) per capita in US$,https://www.who.int/data/gho/data/indicators/indicator-details/GHO/domestic-private-health-expenditure-%28pvt-d%29-per-capita-in-usd,2019,2019,2019,EMR,Eastern Mediterranean,SOM,Somalia,,,,5.9587302,5.96,,
GHED_EXTCHE_SHA2011,External health expenditure (EXT) as percentage of current health expenditure (CHE) (%),https://www.who.int/data/gho/data/indicators/indicator-details/GHO/external-health-expenditure-%28ext%29-as-percentage-of-current-health-expenditure-%28che%29-%28-%29,2019,2019,2019,EMR,Eastern Mediterranean,SOM,Somalia,,,,48.26341248,48.26,,
GHED_GGHE-DCHE_SHA2011,Domestic general government health expenditure (GGHE-D) as percentage of current health expenditure (CHE) (%),https://www.who.int/data/gho/data/indicators/indicator-details/GHO/domestic-general-government-health-expenditure-%28gche-d%29-as-percentage-of-current-health-expenditure,2017,2017,2017,EMR,Eastern Mediterranean,SOM,Somalia,,,,5.25874758,5.26,,
GHED_GGHE-DCHE_SHA2011,Domestic general government health expenditure (GGHE-D) as percentage of current health expenditure (CHE) (%),https://www.who.int/data/gho/data/indicators/indicator-details/GHO/domestic-general-government-health-expenditure-%28gche-d%29-as-percentage-of-current-health-expenditure,2013,2013,2013,EMR,Eastern Mediterranean,SOM,Somalia,,,,3.91259527,3.91,,
GHED_OOPSCHE_SHA2011,Out-of-pocket expenditure as percentage of current health expenditure (CHE) (%),https://www.who.int/data/gho/data/indicators/indicator-details/GHO/out-of-pocket-expenditure-as-percentage-of-current-health-expenditure-%28che%29-%28-%29,2016,2016,2016,EMR,Eastern Mediterranean,SOM,Somalia,,,,45.16386414,45.16,,
GHED_GGHE-D_pc_US_SHA2011,Domestic general government health expenditure (GGHE-D) per capita in US$,https://www.who.int/data/gho/data/indicators/indicator-details/GHO/domestic-general-government-health-expenditure-%28gghe-d%29-per-capita-in-us,2019,2019,2019,EMR,Eastern Mediterranean,SOM,Somalia,,,,0.70091391,0.7,,
GHED_EXT_pc_US_SHA2011,External health expenditure (EXT) per capita in US$,https://www.who.int/data/gho/data/indicators/indicator-details/GHO/external-health-expenditure-%28ext%29-per-capita-in-us,2015,2015,2015,EMR,Eastern Mediterranean,SOM,Somalia,,,,8.23243399,8.23,,
GHED_OOPSCHE_SHA2011,Out-of-pocket expenditure as percentage of current health expenditure (CHE) (%),https://www.who.int/data/gho/data/indicators/indicator-details/GHO/out-of-pocket-expenditure-as-percentage-of-current-health-expenditure-%28che%29-%28-%29,2017,2017,2017,EMR,Eastern Mediterranean,SOM,Somalia,,,,39.84605026,39.85,,
GHED_GGHE-D_pc_US_SHA2011,Domestic general government health expenditure (GGHE-D) per capita in US$,https://www.who.int/data/gho/data/indicators/indicator-details/GHO/domestic-general-government-health-expenditure-%28gghe-d%29-per-capita-in-us,2013,2013,2013,EMR,Eastern Mediterranean,SOM,Somalia,,,,0.50288156,0.5,,
GHED_PVT-DCHE_SHA2011,Domestic private health expenditure (PVT-D) as percentage of current health expenditure (CHE) (%),https://www.who.int/data/gho/data/indicators/indicator-details/GHO/domestic-private-health-expenditure-%28pvt-d%29-as-percentage-of-current-health-expenditure-%28che%29-%28-%29,2014,2014,2014,EMR,Eastern Mediterranean,SOM,Somalia,,,,40.47562027,40.48,,
GHED_PVT-D_pc_US_SHA2011,Domestic private health expenditure (PVT-D) per capita in US$,https://www.who.int/data/gho/data/indicators/indicator-details/GHO/domestic-private-health-expenditure-%28pvt-d%29-per-capita-in-usd,2022,2022,2022,EMR,Eastern Mediterranean,SOM,Somalia,,,,6.59376402,6.59,,
GHED_GGHE-DGGE_SHA2011,Domestic general government health expenditure (GGHE-D) as percentage of general government expenditure (GGE) (%),https://www.who.int/data/gho/data/indicators/indicator-details/GHO/domestic-general-government-health-expenditure-%28gghe-d%29-as-percentage-of-general-government-expenditure-%28gge%29,2018,2018,2018,EMR,Eastern Mediterranean,SOM,Somalia,,,,3.69228196,3.69,,
GHED_CHE_pc_US_SHA2011,Current health expenditure (CHE) per capita in US$,https://www.who.int/data/gho/data/indicators/indicator-details/GHO/current-health-expenditure-%28che%29-per-capita-in-us-dollar,2019,2019,2019,EMR,Eastern Mediterranean,SOM,Somalia,,,,12.87221336,12.87,,
GHED_GGHE-DGDP_SHA2011,Domestic general government health expenditure (GGHE-D) as percentage of gross domestic product (GDP) (%),https://www.who.int/data/gho/data/indicators/indicator-details/GHO/domestic-general-government-health-expenditure-%28gghe-d%29-as-percentage-of-gross-domestic-product-%28gdp%29-%28-%29,2014,2014,2014,EMR,Eastern Mediterranean,SOM,Somalia,,,,0.08973435,0.09,,
GHED_OOP_pc_US_SHA2011,Out-of-pocket expenditure (OOP) per capita in US$,https://www.who.int/data/gho/data/indicators/indicator-details/GHO/out-of-pocket-expenditure-%28oop%29-per-capita-in-us,2019,2019,2019,EMR,Eastern Mediterranean,SOM,Somalia,,,,5.84477786,5.84,,
