GHO (CODE),GHO (DISPLAY),GHO (URL),YEAR (DISPLAY),STARTYEAR,ENDYEAR,REGION (CODE),REGION (DISPLAY),COUNTRY (CODE),COUNTRY (DISPLAY),DIMENSION (TYPE),DIMENSION (CODE),DIMENSION (NAME),Numeric,Value,Low,High
#indicator+code,#indicator+name,#indicator+url,#date+year,#date+year+start,#date+year+end,#region+code,#region+name,#country+code,#country+name,#dimension+type,#dimension+code,#dimension+name,#indicator+value+num,#indicator+value,#indicator+value+low,#indicator+value+high
WHS3_43,Pertussis - number of reported cases,https://www.who.int/data/gho/data/indicators/indicator-details/GHO/pertussis-number-of-reported-cases,2019,2019,2019,EMR,Eastern Mediterranean,SOM,Somalia,,,,0.0,0,,
WHS8_110,Measles-containing-vaccine first-dose (MCV1) immunization coverage among 1-year-olds (%),https://www.who.int/data/gho/data/indicators/indicator-details/GHO/measles-containing-vaccine-first-dose-%28mcv1%29-immunization-coverage-among-1-year-olds-%28-%29,2007,2007,2007,EMR,Eastern Mediterranean,SOM,Somalia,,,,35.0,35,,
PCV3,Pneumoccocal conjugate vaccines (PCV3) immunization coverage among 1-year-olds (%),https://www.who.int/data/gho/data/indicators/indicator-details/GHO/pneumoccocal-conjugate-vaccines-%28pcv3%29-immunization-coverage-among-1-year-olds-%28-%29,2010,2010,2010,EMR,Eastern Mediterranean,SOM,Somalia,,,,0.0,0,,
WHS3_62,Measles - number of reported cases,https://www.who.int/data/gho/data/indicators/indicator-details/GHO/measles---number-of-reported-cases,2002,2002,2002,EMR,Eastern Mediterranean,SOM,Somalia,,,,9559.0,9559,,
WHS3_56,Neonatal tetanus - number of reported cases,https://www.who.int/data/gho/data/indicators/indicator-details/GHO/neonatal-tetanus---number-of-reported-cases,2009,2009,2009,EMR,Eastern Mediterranean,SOM,Somalia,,,,53.0,53,,
ROTAC,Rotavirus vaccines completed dose (RotaC) immunization coverage among 1-year-olds (%),https://www.who.int/data/gho/data/indicators/indicator-details/GHO/rotavirus-vaccines-completed-dose-%28rotac%29-immunization-coverage-among-1-year-olds-%28-%29,2024,2024,2024,EMR,Eastern Mediterranean,SOM,Somalia,,,,0.0,0,,
WHS8_110,Measles-containing-vaccine first-dose (MCV1) immunization coverage among 1-year-olds (%),https://www.who.int/data/gho/data/indicators/indicator-details/GHO/measles-containing-vaccine-first-dose-%28mcv1%29-immunization-coverage-among-1-year-olds-%28-%29,2006,2006,2006,EMR,Eastern Mediterranean,SOM,Somalia,,,,35.0,35,,
WHS4_117,Hepatitis B (HepB3) immunization coverage among 1-year-olds (%),https://www.who.int/data/gho/data/indicators/indicator-details/GHO/hepatitis-b-%28hepb3%29-immunization-coverage-among-1-year-olds-%28-%29,2005,2005,2005,EMR,Eastern Mediterranean,SOM,Somalia,,,,0.0,0,,
IMMUNIZATION_VACCINATIONCARDSSEEN,Proportion of vaccination cards seen (%),https://www.who.int/data/gho/data/indicators/indicator-details/GHO/gho-immunization-vaccination-cards-seen,2010,2010,2010,EMR,Eastern Mediterranean,SOM,Somalia,,,,20.3,20.3,,
WHS3_46,Total tetanus - number of reported cases,https://www.who.int/data/gho/data/indicators/indicator-details/GHO/total-tetanus---number-of-reported-cases,1988,1988,1988,EMR,Eastern Mediterranean,SOM,Somalia,,,,238.0,238,,
MCV2,Measles-containing-vaccine second-dose (MCV2) immunization coverage by the nationally recommended age (%),https://www.who.int/data/gho/data/indicators/indicator-details/GHO/measles-containing-vaccine-second-dose-%28mcv2%29-immunization-coverage-by-the-nationally-recommended-age-%28-%29,2017,2017,2017,EMR,Eastern Mediterranean,SOM,Somalia,,,,0.0,0,,
WHS4_117,Hepatitis B (HepB3) immunization coverage among 1-year-olds (%),https://www.who.int/data/gho/data/indicators/indicator-details/GHO/hepatitis-b-%28hepb3%29-immunization-coverage-among-1-year-olds-%28-%29,2007,2007,2007,EMR,Eastern Mediterranean,SOM,Somalia,,,,0.0,0,,
WHS4_544,Polio (Pol3) immunization coverage among 1-year-olds (%),https://www.who.int/data/gho/data/indicators/indicator-details/GHO/polio-%28pol3%29-immunization-coverage-among-1-year-olds-%28-%29,2020,2020,2020,EMR,Eastern Mediterranean,SOM,Somalia,,,,55.0,55,,
WHS3_43,Pertussis - number of reported cases,https://www.who.int/data/gho/data/indicators/indicator-details/GHO/pertussis-number-of-reported-cases,2009,2009,2009,EMR,Eastern Mediterranean,SOM,Somalia,,,,823.0,823,,
WHS3_43,Pertussis - number of reported cases,https://www.who.int/data/gho/data/indicators/indicator-details/GHO/pertussis-number-of-reported-cases,1998,1998,1998,EMR,Eastern Mediterranean,SOM,Somalia,,,,792.0,792,,
MCV2,Measles-containing-vaccine second-dose (MCV2) immunization coverage by the nationally recommended age (%),https://www.who.int/data/gho/data/indicators/indicator-details/GHO/measles-containing-vaccine-second-dose-%28mcv2%29-immunization-coverage-by-the-nationally-recommended-age-%28-%29,2009,2009,2009,EMR,Eastern Mediterranean,SOM,Somalia,,,,0.0,0,,
WHS8_110,Measles-containing-vaccine first-dose (MCV1) immunization coverage among 1-year-olds (%),https://www.who.int/data/gho/data/indicators/indicator-details/GHO/measles-containing-vaccine-first-dose-%28mcv1%29-immunization-coverage-among-1-year-olds-%28-%29,2000,2000,2000,EMR,Eastern Mediterranean,SOM,Somalia,,,,24.0,24,,
WHS4_117,Hepatitis B (HepB3) immunization coverage among 1-year-olds (%),https://www.who.int/data/gho/data/indicators/indicator-details/GHO/hepatitis-b-%28hepb3%29-immunization-coverage-among-1-year-olds-%28-%29,2023,2023,2023,EMR,Eastern Mediterranean,SOM,Somalia,,,,69.0,69,,
WHS3_42,Japanese encephalitis - number of reported cases,https://www.who.int/data/gho/data/indicators/indicator-details/GHO/japanese-encephalitis---number-of-reported-cases,2019,2019,2019,EMR,Eastern Mediterranean,SOM,Somalia,,,,0.0,0,,
WHS4_544,Polio (Pol3) immunization coverage among 1-year-olds (%),https://www.who.int/data/gho/data/indicators/indicator-details/GHO/polio-%28pol3%29-immunization-coverage-among-1-year-olds-%28-%29,2016,2016,2016,EMR,Eastern Mediterranean,SOM,Somalia,,,,51.0,51,,
WHS3_62,Measles - number of reported cases,https://www.who.int/data/gho/data/indicators/indicator-details/GHO/measles---number-of-reported-cases,2019,2019,2019,EMR,Eastern Mediterranean,SOM,Somalia,,,,283.0,283,,
ROTAC,Rotavirus vaccines completed dose (RotaC) immunization coverage among 1-year-olds (%),https://www.who.int/data/gho/data/indicators/indicator-details/GHO/rotavirus-vaccines-completed-dose-%28rotac%29-immunization-coverage-among-1-year-olds-%28-%29,2006,2006,2006,EMR,Eastern Mediterranean,SOM,Somalia,,,,0.0,0,,
WHS3_49,Poliomyelitis - number of reported cases,https://www.who.int/data/gho/data/indicators/indicator-details/GHO/poliomyelitis---number-of-reported-cases,2008,2008,2008,EMR,Eastern Mediterranean,SOM,Somalia,,,,1.0,1,,
WHS3_49,Poliomyelitis - number of reported cases,https://www.who.int/data/gho/data/indicators/indicator-details/GHO/poliomyelitis---number-of-reported-cases,2013,2013,2013,EMR,Eastern Mediterranean,SOM,Somalia,,,,195.0,195,,
WHS4_117,Hepatitis B (HepB3) immunization coverage among 1-year-olds (%),https://www.who.int/data/gho/data/indicators/indicator-details/GHO/hepatitis-b-%28hepb3%29-immunization-coverage-among-1-year-olds-%28-%29,2000,2000,2000,EMR,Eastern Mediterranean,SOM,Somalia,,,,0.0,0,,
MCV2,Measles-containing-vaccine second-dose (MCV2) immunization coverage by the nationally recommended age (%),https://www.who.int/data/gho/data/indicators/indicator-details/GHO/measles-containing-vaccine-second-dose-%28mcv2%29-immunization-coverage-by-the-nationally-recommended-age-%28-%29,2002,2002,2002,EMR,Eastern Mediterranean,SOM,Somalia,,,,0.0,0,,
WHS3_62,Measles - number of reported cases,https://www.who.int/data/gho/data/indicators/indicator-details/GHO/measles---number-of-reported-cases,2023,2023,2023,EMR,Eastern Mediterranean,SOM,Somalia,,,,3167.0,3167,,
WHS4_129,Hib (Hib3) immunization coverage among 1-year-olds (%),https://www.who.int/data/gho/data/indicators/indicator-details/GHO/hib-hib3-immunization-coverage-among-1-year-olds,2000,2000,2000,EMR,Eastern Mediterranean,SOM,Somalia,,,,0.0,0,,
WHS3_46,Total tetanus - number of reported cases,https://www.who.int/data/gho/data/indicators/indicator-details/GHO/total-tetanus---number-of-reported-cases,2010,2010,2010,EMR,Eastern Mediterranean,SOM,Somalia,,,,74.0,74,,
WHS4_128,Neonates protected at birth against neonatal tetanus (PAB) (%),https://www.who.int/data/gho/data/indicators/indicator-details/GHO/neonates-protected-at-birth-against-neonatal-tetanus-%28pab%29-%28-%29,2005,2005,2005,EMR,Eastern Mediterranean,SOM,Somalia,,,,47.0,47,,
WHS4_128,Neonates protected at birth against neonatal tetanus (PAB) (%),https://www.who.int/data/gho/data/indicators/indicator-details/GHO/neonates-protected-at-birth-against-neonatal-tetanus-%28pab%29-%28-%29,2019,2019,2019,EMR,Eastern Mediterranean,SOM,Somalia,,,,67.0,67,,
WHS4_129,Hib (Hib3) immunization coverage among 1-year-olds (%),https://www.who.int/data/gho/data/indicators/indicator-details/GHO/hib-hib3-immunization-coverage-among-1-year-olds,2014,2014,2014,EMR,Eastern Mediterranean,SOM,Somalia,,,,46.0,46,,
WHS4_543,BCG immunization coverage among 1-year-olds (%),https://www.who.int/data/gho/data/indicators/indicator-details/GHO/bcg-immunization-coverage-among-1-year-olds-%28-%29,2004,2004,2004,EMR,Eastern Mediterranean,SOM,Somalia,,,,50.0,50,,
WHS3_62,Measles - number of reported cases,https://www.who.int/data/gho/data/indicators/indicator-details/GHO/measles---number-of-reported-cases,1989,1989,1989,EMR,Eastern Mediterranean,SOM,Somalia,,,,988.0,988,,
WHS4_129,Hib (Hib3) immunization coverage among 1-year-olds (%),https://www.who.int/data/gho/data/indicators/indicator-details/GHO/hib-hib3-immunization-coverage-among-1-year-olds,2021,2021,2021,EMR,Eastern Mediterranean,SOM,Somalia,,,,62.0,62,,
WHS3_56,Neonatal tetanus - number of reported cases,https://www.who.int/data/gho/data/indicators/indicator-details/GHO/neonatal-tetanus---number-of-reported-cases,2013,2013,2013,EMR,Eastern Mediterranean,SOM,Somalia,,,,182.0,182,,
WHS8_110,Measles-containing-vaccine first-dose (MCV1) immunization coverage among 1-year-olds (%),https://www.who.int/data/gho/data/indicators/indicator-details/GHO/measles-containing-vaccine-first-dose-%28mcv1%29-immunization-coverage-among-1-year-olds-%28-%29,2002,2002,2002,EMR,Eastern Mediterranean,SOM,Somalia,,,,45.0,45,,
WHS4_543,BCG immunization coverage among 1-year-olds (%),https://www.who.int/data/gho/data/indicators/indicator-details/GHO/bcg-immunization-coverage-among-1-year-olds-%28-%29,2009,2009,2009,EMR,Eastern Mediterranean,SOM,Somalia,,,,29.0,29,,
WHS4_543,BCG immunization coverage among 1-year-olds (%),https://www.who.int/data/gho/data/indicators/indicator-details/GHO/bcg-immunization-coverage-among-1-year-olds-%28-%29,2021,2021,2021,EMR,Eastern Mediterranean,SOM,Somalia,,,,64.0,64,,
WHS4_128,Neonates protected at birth against neonatal tetanus (PAB) (%),https://www.who.int/data/gho/data/indicators/indicator-details/GHO/neonates-protected-at-birth-against-neonatal-tetanus-%28pab%29-%28-%29,2014,2014,2014,EMR,Eastern Mediterranean,SOM,Somalia,,,,64.0,64,,
WHS3_56,Neonatal tetanus - number of reported cases,https://www.who.int/data/gho/data/indicators/indicator-details/GHO/neonatal-tetanus---number-of-reported-cases,2000,2000,2000,EMR,Eastern Mediterranean,SOM,Somalia,,,,966.0,966,,
WHS4_544,Polio (Pol3) immunization coverage among 1-year-olds (%),https://www.who.int/data/gho/data/indicators/indicator-details/GHO/polio-%28pol3%29-immunization-coverage-among-1-year-olds-%28-%29,2007,2007,2007,EMR,Eastern Mediterranean,SOM,Somalia,,,,40.0,40,,
WHS4_544,Polio (Pol3) immunization coverage among 1-year-olds (%),https://www.who.int/data/gho/data/indicators/indicator-details/GHO/polio-%28pol3%29-immunization-coverage-among-1-year-olds-%28-%29,2000,2000,2000,EMR,Eastern Mediterranean,SOM,Somalia,,,,37.0,37,,
WHS4_544,Polio (Pol3) immunization coverage among 1-year-olds (%),https://www.who.int/data/gho/data/indicators/indicator-details/GHO/polio-%28pol3%29-immunization-coverage-among-1-year-olds-%28-%29,2012,2012,2012,EMR,Eastern Mediterranean,SOM,Somalia,,,,47.0,47,,
WHS4_117,Hepatitis B (HepB3) immunization coverage among 1-year-olds (%),https://www.who.int/data/gho/data/indicators/indicator-details/GHO/hepatitis-b-%28hepb3%29-immunization-coverage-among-1-year-olds-%28-%29,2003,2003,2003,EMR,Eastern Mediterranean,SOM,Somalia,,,,0.0,0,,
WHS3_62,Measles - number of reported cases,https://www.who.int/data/gho/data/indicators/indicator-details/GHO/measles---number-of-reported-cases,2006,2006,2006,EMR,Eastern Mediterranean,SOM,Somalia,,,,7.0,7,,
WHS4_544,Polio (Pol3) immunization coverage among 1-year-olds (%),https://www.who.int/data/gho/data/indicators/indicator-details/GHO/polio-%28pol3%29-immunization-coverage-among-1-year-olds-%28-%29,2006,2006,2006,EMR,Eastern Mediterranean,SOM,Somalia,,,,26.0,26,,
WHS4_544,Polio (Pol3) immunization coverage among 1-year-olds (%),https://www.who.int/data/gho/data/indicators/indicator-details/GHO/polio-%28pol3%29-immunization-coverage-among-1-year-olds-%28-%29,2010,2010,2010,EMR,Eastern Mediterranean,SOM,Somalia,,,,49.0,49,,
WHS3_62,Measles - number of reported cases,https://www.who.int/data/gho/data/indicators/indicator-details/GHO/measles---number-of-reported-cases,1984,1984,1984,EMR,Eastern Mediterranean,SOM,Somalia,,,,487.0,487,,
WHS4_128,Neonates protected at birth against neonatal tetanus (PAB) (%),https://www.who.int/data/gho/data/indicators/indicator-details/GHO/neonates-protected-at-birth-against-neonatal-tetanus-%28pab%29-%28-%29,2004,2004,2004,EMR,Eastern Mediterranean,SOM,Somalia,,,,45.0,45,,
WHS8_110,Measles-containing-vaccine first-dose (MCV1) immunization coverage among 1-year-olds (%),https://www.who.int/data/gho/data/indicators/indicator-details/GHO/measles-containing-vaccine-first-dose-%28mcv1%29-immunization-coverage-among-1-year-olds-%28-%29,2018,2018,2018,EMR,Eastern Mediterranean,SOM,Somalia,,,,53.0,53,,
WHS4_544,Polio (Pol3) immunization coverage among 1-year-olds (%),https://www.who.int/data/gho/data/indicators/indicator-details/GHO/polio-%28pol3%29-immunization-coverage-among-1-year-olds-%28-%29,2017,2017,2017,EMR,Eastern Mediterranean,SOM,Somalia,,,,52.0,52,,
WHS4_128,Neonates protected at birth against neonatal tetanus (PAB) (%),https://www.who.int/data/gho/data/indicators/indicator-details/GHO/neonates-protected-at-birth-against-neonatal-tetanus-%28pab%29-%28-%29,2000,2000,2000,EMR,Eastern Mediterranean,SOM,Somalia,,,,47.0,47,,
WHS4_544,Polio (Pol3) immunization coverage among 1-year-olds (%),https://www.who.int/data/gho/data/indicators/indicator-details/GHO/polio-%28pol3%29-immunization-coverage-among-1-year-olds-%28-%29,2009,2009,2009,EMR,Eastern Mediterranean,SOM,Somalia,,,,41.0,41,,
ROTAC,Rotavirus vaccines completed dose (RotaC) immunization coverage among 1-year-olds (%),https://www.who.int/data/gho/data/indicators/indicator-details/GHO/rotavirus-vaccines-completed-dose-%28rotac%29-immunization-coverage-among-1-year-olds-%28-%29,2012,2012,2012,EMR,Eastern Mediterranean,SOM,Somalia,,,,0.0,0,,
PCV3,Pneumoccocal conjugate vaccines (PCV3) immunization coverage among 1-year-olds (%),https://www.who.int/data/gho/data/indicators/indicator-details/GHO/pneumoccocal-conjugate-vaccines-%28pcv3%29-immunization-coverage-among-1-year-olds-%28-%29,2024,2024,2024,EMR,Eastern Mediterranean,SOM,Somalia,,,,0.0,0,,
MCV2,Measles-containing-vaccine second-dose (MCV2) immunization coverage by the nationally recommended age (%),https://www.who.int/data/gho/data/indicators/indicator-details/GHO/measles-containing-vaccine-second-dose-%28mcv2%29-immunization-coverage-by-the-nationally-recommended-age-%28-%29,2006,2006,2006,EMR,Eastern Mediterranean,SOM,Somalia,,,,0.0,0,,
WHS4_117,Hepatitis B (HepB3) immunization coverage among 1-year-olds (%),https://www.who.int/data/gho/data/indicators/indicator-details/GHO/hepatitis-b-%28hepb3%29-immunization-coverage-among-1-year-olds-%28-%29,2013,2013,2013,EMR,Eastern Mediterranean,SOM,Somalia,,,,44.0,44,,
WHS4_543,BCG immunization coverage among 1-year-olds (%),https://www.who.int/data/gho/data/indicators/indicator-details/GHO/bcg-immunization-coverage-among-1-year-olds-%28-%29,2001,2001,2001,EMR,Eastern Mediterranean,SOM,Somalia,,,,70.0,70,,
WHS3_41,Diphtheria - number of reported cases,https://www.who.int/data/gho/data/indicators/indicator-details/GHO/diphtheria---number-of-reported-cases,1986,1986,1986,EMR,Eastern Mediterranean,SOM,Somalia,,,,6.0,6,,
WHS3_43,Pertussis - number of reported cases,https://www.who.int/data/gho/data/indicators/indicator-details/GHO/pertussis-number-of-reported-cases,2007,2007,2007,EMR,Eastern Mediterranean,SOM,Somalia,,,,1347.0,1347,,
WHS3_62,Measles - number of reported cases,https://www.who.int/data/gho/data/indicators/indicator-details/GHO/measles---number-of-reported-cases,2015,2015,2015,EMR,Eastern Mediterranean,SOM,Somalia,,,,7497.0,7497,,
WHS3_49,Poliomyelitis - number of reported cases,https://www.who.int/data/gho/data/indicators/indicator-details/GHO/poliomyelitis---number-of-reported-cases,1998,1998,1998,EMR,Eastern Mediterranean,SOM,Somalia,,,,12.0,12,,
WHS4_544,Polio (Pol3) immunization coverage among 1-year-olds (%),https://www.who.int/data/gho/data/indicators/indicator-details/GHO/polio-%28pol3%29-immunization-coverage-among-1-year-olds-%28-%29,2019,2019,2019,EMR,Eastern Mediterranean,SOM,Somalia,,,,57.0,57,,
WHS3_43,Pertussis - number of reported cases,https://www.who.int/data/gho/data/indicators/indicator-details/GHO/pertussis-number-of-reported-cases,2011,2011,2011,EMR,Eastern Mediterranean,SOM,Somalia,,,,3028.0,3028,,
PCV3,Pneumoccocal conjugate vaccines (PCV3) immunization coverage among 1-year-olds (%),https://www.who.int/data/gho/data/indicators/indicator-details/GHO/pneumoccocal-conjugate-vaccines-%28pcv3%29-immunization-coverage-among-1-year-olds-%28-%29,2018,2018,2018,EMR,Eastern Mediterranean,SOM,Somalia,,,,0.0,0,,
WHS3_46,Total tetanus - number of reported cases,https://www.who.int/data/gho/data/indicators/indicator-details/GHO/total-tetanus---number-of-reported-cases,1984,1984,1984,EMR,Eastern Mediterranean,SOM,Somalia,,,,168.0,168,,
PCV3,Pneumoccocal conjugate vaccines (PCV3) immunization coverage among 1-year-olds (%),https://www.who.int/data/gho/data/indicators/indicator-details/GHO/pneumoccocal-conjugate-vaccines-%28pcv3%29-immunization-coverage-among-1-year-olds-%28-%29,2020,2020,2020,EMR,Eastern Mediterranean,SOM,Somalia,,,,0.0,0,,
WHS4_129,Hib (Hib3) immunization coverage among 1-year-olds (%),https://www.who.int/data/gho/data/indicators/indicator-details/GHO/hib-hib3-immunization-coverage-among-1-year-olds,2005,2005,2005,EMR,Eastern Mediterranean,SOM,Somalia,,,,0.0,0,,
PCV3,Pneumoccocal conjugate vaccines (PCV3) immunization coverage among 1-year-olds (%),https://www.who.int/data/gho/data/indicators/indicator-details/GHO/pneumoccocal-conjugate-vaccines-%28pcv3%29-immunization-coverage-among-1-year-olds-%28-%29,2022,2022,2022,EMR,Eastern Mediterranean,SOM,Somalia,,,,0.0,0,,
WHS3_46,Total tetanus - number of reported cases,https://www.who.int/data/gho/data/indicators/indicator-details/GHO/total-tetanus---number-of-reported-cases,1986,1986,1986,EMR,Eastern Mediterranean,SOM,Somalia,,,,71.0,71,,
WHS3_46,Total tetanus - number of reported cases,https://www.who.int/data/gho/data/indicators/indicator-details/GHO/total-tetanus---number-of-reported-cases,2007,2007,2007,EMR,Eastern Mediterranean,SOM,Somalia,,,,31.0,31,,
WHS3_56,Neonatal tetanus - number of reported cases,https://www.who.int/data/gho/data/indicators/indicator-details/GHO/neonatal-tetanus---number-of-reported-cases,2007,2007,2007,EMR,Eastern Mediterranean,SOM,Somalia,,,,31.0,31,,
WHS4_544,Polio (Pol3) immunization coverage among 1-year-olds (%),https://www.who.int/data/gho/data/indicators/indicator-details/GHO/polio-%28pol3%29-immunization-coverage-among-1-year-olds-%28-%29,2018,2018,2018,EMR,Eastern Mediterranean,SOM,Somalia,,,,53.0,53,,
WHS8_110,Measles-containing-vaccine first-dose (MCV1) immunization coverage among 1-year-olds (%),https://www.who.int/data/gho/data/indicators/indicator-details/GHO/measles-containing-vaccine-first-dose-%28mcv1%29-immunization-coverage-among-1-year-olds-%28-%29,2019,2019,2019,EMR,Eastern Mediterranean,SOM,Somalia,,,,52.0,52,,
WHS3_42,Japanese encephalitis - number of reported cases,https://www.who.int/data/gho/data/indicators/indicator-details/GHO/japanese-encephalitis---number-of-reported-cases,2020,2020,2020,EMR,Eastern Mediterranean,SOM,Somalia,,,,0.0,0,,
WHS4_544,Polio (Pol3) immunization coverage among 1-year-olds (%),https://www.who.int/data/gho/data/indicators/indicator-details/GHO/polio-%28pol3%29-immunization-coverage-among-1-year-olds-%28-%29,2008,2008,2008,EMR,Eastern Mediterranean,SOM,Somalia,,,,40.0,40,,
WHS4_117,Hepatitis B (HepB3) immunization coverage among 1-year-olds (%),https://www.who.int/data/gho/data/indicators/indicator-details/GHO/hepatitis-b-%28hepb3%29-immunization-coverage-among-1-year-olds-%28-%29,2004,2004,2004,EMR,Eastern Mediterranean,SOM,Somalia,,,,0.0,0,,
WHS4_129,Hib (Hib3) immunization coverage among 1-year-olds (%),https://www.who.int/data/gho/data/indicators/indicator-details/GHO/hib-hib3-immunization-coverage-among-1-year-olds,2009,2009,2009,EMR,Eastern Mediterranean,SOM,Somalia,,,,0.0,0,,
WHS4_544,Polio (Pol3) immunization coverage among 1-year-olds (%),https://www.who.int/data/gho/data/indicators/indicator-details/GHO/polio-%28pol3%29-immunization-coverage-among-1-year-olds-%28-%29,2023,2023,2023,EMR,Eastern Mediterranean,SOM,Somalia,,,,71.0,71,,
PCV3,Pneumoccocal conjugate vaccines (PCV3) immunization coverage among 1-year-olds (%),https://www.who.int/data/gho/data/indicators/indicator-details/GHO/pneumoccocal-conjugate-vaccines-%28pcv3%29-immunization-coverage-among-1-year-olds-%28-%29,2013,2013,2013,EMR,Eastern Mediterranean,SOM,Somalia,,,,0.0,0,,
WHS4_129,Hib (Hib3) immunization coverage among 1-year-olds (%),https://www.who.int/data/gho/data/indicators/indicator-details/GHO/hib-hib3-immunization-coverage-among-1-year-olds,2023,2023,2023,EMR,Eastern Mediterranean,SOM,Somalia,,,,69.0,69,,
MCV2,Measles-containing-vaccine second-dose (MCV2) immunization coverage by the nationally recommended age (%),https://www.who.int/data/gho/data/indicators/indicator-details/GHO/measles-containing-vaccine-second-dose-%28mcv2%29-immunization-coverage-by-the-nationally-recommended-age-%28-%29,2022,2022,2022,EMR,Eastern Mediterranean,SOM,Somalia,,,,6.0,6,,
WHS3_56,Neonatal tetanus - number of reported cases,https://www.who.int/data/gho/data/indicators/indicator-details/GHO/neonatal-tetanus---number-of-reported-cases,1989,1989,1989,EMR,Eastern Mediterranean,SOM,Somalia,,,,946.0,946,,
WHS3_62,Measles - number of reported cases,https://www.who.int/data/gho/data/indicators/indicator-details/GHO/measles---number-of-reported-cases,2009,2009,2009,EMR,Eastern Mediterranean,SOM,Somalia,,,,13.0,13,,
WHS4_129,Hib (Hib3) immunization coverage among 1-year-olds (%),https://www.who.int/data/gho/data/indicators/indicator-details/GHO/hib-hib3-immunization-coverage-among-1-year-olds,2016,2016,2016,EMR,Eastern Mediterranean,SOM,Somalia,,,,49.0,49,,
WHS3_41,Diphtheria - number of reported cases,https://www.who.int/data/gho/data/indicators/indicator-details/GHO/diphtheria---number-of-reported-cases,1988,1988,1988,EMR,Eastern Mediterranean,SOM,Somalia,,,,3.0,3,,
MCV2,Measles-containing-vaccine second-dose (MCV2) immunization coverage by the nationally recommended age (%),https://www.who.int/data/gho/data/indicators/indicator-details/GHO/measles-containing-vaccine-second-dose-%28mcv2%29-immunization-coverage-by-the-nationally-recommended-age-%28-%29,2013,2013,2013,EMR,Eastern Mediterranean,SOM,Somalia,,,,0.0,0,,
WHS4_117,Hepatitis B (HepB3) immunization coverage among 1-year-olds (%),https://www.who.int/data/gho/data/indicators/indicator-details/GHO/hepatitis-b-%28hepb3%29-immunization-coverage-among-1-year-olds-%28-%29,2018,2018,2018,EMR,Eastern Mediterranean,SOM,Somalia,,,,53.0,53,,
WHS3_49,Poliomyelitis - number of reported cases,https://www.who.int/data/gho/data/indicators/indicator-details/GHO/poliomyelitis---number-of-reported-cases,2018,2018,2018,EMR,Eastern Mediterranean,SOM,Somalia,,,,12.0,12,,
WHS4_128,Neonates protected at birth against neonatal tetanus (PAB) (%),https://www.who.int/data/gho/data/indicators/indicator-details/GHO/neonates-protected-at-birth-against-neonatal-tetanus-%28pab%29-%28-%29,2020,2020,2020,EMR,Eastern Mediterranean,SOM,Somalia,,,,60.0,60,,
WHS3_49,Poliomyelitis - number of reported cases,https://www.who.int/data/gho/data/indicators/indicator-details/GHO/poliomyelitis---number-of-reported-cases,2016,2016,2016,EMR,Eastern Mediterranean,SOM,Somalia,,,,0.0,0,,
ROTAC,Rotavirus vaccines completed dose (RotaC) immunization coverage among 1-year-olds (%),https://www.who.int/data/gho/data/indicators/indicator-details/GHO/rotavirus-vaccines-completed-dose-%28rotac%29-immunization-coverage-among-1-year-olds-%28-%29,2023,2023,2023,EMR,Eastern Mediterranean,SOM,Somalia,,,,0.0,0,,
WHS3_62,Measles - number of reported cases,https://www.who.int/data/gho/data/indicators/indicator-details/GHO/measles---number-of-reported-cases,1998,1998,1998,EMR,Eastern Mediterranean,SOM,Somalia,,,,3075.0,3075,,
WHS4_128,Neonates protected at birth against neonatal tetanus (PAB) (%),https://www.who.int/data/gho/data/indicators/indicator-details/GHO/neonates-protected-at-birth-against-neonatal-tetanus-%28pab%29-%28-%29,2002,2002,2002,EMR,Eastern Mediterranean,SOM,Somalia,,,,48.0,48,,
WHS3_55,Congenital Rubella Syndrome - number of reported cases,https://www.who.int/data/gho/data/indicators/indicator-details/GHO/congenital-rubella-syndrome-number-of-reported-cases,2019,2019,2019,EMR,Eastern Mediterranean,SOM,Somalia,,,,0.0,0,,
MCV2,Measles-containing-vaccine second-dose (MCV2) immunization coverage by the nationally recommended age (%),https://www.who.int/data/gho/data/indicators/indicator-details/GHO/measles-containing-vaccine-second-dose-%28mcv2%29-immunization-coverage-by-the-nationally-recommended-age-%28-%29,2008,2008,2008,EMR,Eastern Mediterranean,SOM,Somalia,,,,0.0,0,,
WHS3_62,Measles - number of reported cases,https://www.who.int/data/gho/data/indicators/indicator-details/GHO/measles---number-of-reported-cases,2004,2004,2004,EMR,Eastern Mediterranean,SOM,Somalia,,,,12008.0,12 008,,
WHS3_57,Rubella - number of reported cases,https://www.who.int/data/gho/data/indicators/indicator-details/GHO/rubella---number-of-reported-cases,2014,2014,2014,EMR,Eastern Mediterranean,SOM,Somalia,,,,1.0,1,,
WHS3_56,Neonatal tetanus - number of reported cases,https://www.who.int/data/gho/data/indicators/indicator-details/GHO/neonatal-tetanus---number-of-reported-cases,2012,2012,2012,EMR,Eastern Mediterranean,SOM,Somalia,,,,224.0,224,,
WHS3_46,Total tetanus - number of reported cases,https://www.who.int/data/gho/data/indicators/indicator-details/GHO/total-tetanus---number-of-reported-cases,1978,1978,1978,EMR,Eastern Mediterranean,SOM,Somalia,,,,282.0,282,,
WHS3_62,Measles - number of reported cases,https://www.who.int/data/gho/data/indicators/indicator-details/GHO/measles---number-of-reported-cases,1987,1987,1987,EMR,Eastern Mediterranean,SOM,Somalia,,,,222.0,222,,
MCV2,Measles-containing-vaccine second-dose (MCV2) immunization coverage by the nationally recommended age (%),https://www.who.int/data/gho/data/indicators/indicator-details/GHO/measles-containing-vaccine-second-dose-%28mcv2%29-immunization-coverage-by-the-nationally-recommended-age-%28-%29,2001,2001,2001,EMR,Eastern Mediterranean,SOM,Somalia,,,,0.0,0,,
WHS8_110,Measles-containing-vaccine first-dose (MCV1) immunization coverage among 1-year-olds (%),https://www.who.int/data/gho/data/indicators/indicator-details/GHO/measles-containing-vaccine-first-dose-%28mcv1%29-immunization-coverage-among-1-year-olds-%28-%29,2008,2008,2008,EMR,Eastern Mediterranean,SOM,Somalia,,,,34.0,34,,
WHS3_43,Pertussis - number of reported cases,https://www.who.int/data/gho/data/indicators/indicator-details/GHO/pertussis-number-of-reported-cases,1999,1999,1999,EMR,Eastern Mediterranean,SOM,Somalia,,,,24.0,24,,
WHS3_62,Measles - number of reported cases,https://www.who.int/data/gho/data/indicators/indicator-details/GHO/measles---number-of-reported-cases,2001,2001,2001,EMR,Eastern Mediterranean,SOM,Somalia,,,,3571.0,3571,,
WHS3_43,Pertussis - number of reported cases,https://www.who.int/data/gho/data/indicators/indicator-details/GHO/pertussis-number-of-reported-cases,1984,1984,1984,EMR,Eastern Mediterranean,SOM,Somalia,,,,439.0,439,,
WHS4_117,Hepatitis B (HepB3) immunization coverage among 1-year-olds (%),https://www.who.int/data/gho/data/indicators/indicator-details/GHO/hepatitis-b-%28hepb3%29-immunization-coverage-among-1-year-olds-%28-%29,2006,2006,2006,EMR,Eastern Mediterranean,SOM,Somalia,,,,0.0,0,,
WHS4_129,Hib (Hib3) immunization coverage among 1-year-olds (%),https://www.who.int/data/gho/data/indicators/indicator-details/GHO/hib-hib3-immunization-coverage-among-1-year-olds,2015,2015,2015,EMR,Eastern Mediterranean,SOM,Somalia,,,,48.0,48,,
WHS8_110,Measles-containing-vaccine first-dose (MCV1) immunization coverage among 1-year-olds (%),https://www.who.int/data/gho/data/indicators/indicator-details/GHO/measles-containing-vaccine-first-dose-%28mcv1%29-immunization-coverage-among-1-year-olds-%28-%29,2003,2003,2003,EMR,Eastern Mediterranean,SOM,Somalia,,,,40.0,40,,
WHS4_117,Hepatitis B (HepB3) immunization coverage among 1-year-olds (%),https://www.who.int/data/gho/data/indicators/indicator-details/GHO/hepatitis-b-%28hepb3%29-immunization-coverage-among-1-year-olds-%28-%29,2021,2021,2021,EMR,Eastern Mediterranean,SOM,Somalia,,,,62.0,62,,
WHS4_117,Hepatitis B (HepB3) immunization coverage among 1-year-olds (%),https://www.who.int/data/gho/data/indicators/indicator-details/GHO/hepatitis-b-%28hepb3%29-immunization-coverage-among-1-year-olds-%28-%29,2009,2009,2009,EMR,Eastern Mediterranean,SOM,Somalia,,,,0.0,0,,
WHS3_49,Poliomyelitis - number of reported cases,https://www.who.int/data/gho/data/indicators/indicator-details/GHO/poliomyelitis---number-of-reported-cases,2009,2009,2009,EMR,Eastern Mediterranean,SOM,Somalia,,,,6.0,6,,
WHS4_129,Hib (Hib3) immunization coverage among 1-year-olds (%),https://www.who.int/data/gho/data/indicators/indicator-details/GHO/hib-hib3-immunization-coverage-among-1-year-olds,2022,2022,2022,EMR,Eastern Mediterranean,SOM,Somalia,,,,71.0,71,,
WHS8_110,Measles-containing-vaccine first-dose (MCV1) immunization coverage among 1-year-olds (%),https://www.who.int/data/gho/data/indicators/indicator-details/GHO/measles-containing-vaccine-first-dose-%28mcv1%29-immunization-coverage-among-1-year-olds-%28-%29,2016,2016,2016,EMR,Eastern Mediterranean,SOM,Somalia,,,,51.0,51,,
WHS4_129,Hib (Hib3) immunization coverage among 1-year-olds (%),https://www.who.int/data/gho/data/indicators/indicator-details/GHO/hib-hib3-immunization-coverage-among-1-year-olds,2001,2001,2001,EMR,Eastern Mediterranean,SOM,Somalia,,,,0.0,0,,
WHS3_49,Poliomyelitis - number of reported cases,https://www.who.int/data/gho/data/indicators/indicator-details/GHO/poliomyelitis---number-of-reported-cases,2000,2000,2000,EMR,Eastern Mediterranean,SOM,Somalia,,,,96.0,96,,
WHS3_62,Measles - number of reported cases,https://www.who.int/data/gho/data/indicators/indicator-details/GHO/measles---number-of-reported-cases,1983,1983,1983,EMR,Eastern Mediterranean,SOM,Somalia,,,,622.0,622,,
WHS3_43,Pertussis - number of reported cases,https://www.who.int/data/gho/data/indicators/indicator-details/GHO/pertussis-number-of-reported-cases,1989,1989,1989,EMR,Eastern Mediterranean,SOM,Somalia,,,,906.0,906,,
WHS4_128,Neonates protected at birth against neonatal tetanus (PAB) (%),https://www.who.int/data/gho/data/indicators/indicator-details/GHO/neonates-protected-at-birth-against-neonatal-tetanus-%28pab%29-%28-%29,2013,2013,2013,EMR,Eastern Mediterranean,SOM,Somalia,,,,64.0,64,,
WHS3_56,Neonatal tetanus - number of reported cases,https://www.who.int/data/gho/data/indicators/indicator-details/GHO/neonatal-tetanus---number-of-reported-cases,1986,1986,1986,EMR,Eastern Mediterranean,SOM,Somalia,,,,22.0,22,,
ROTAC,Rotavirus vaccines completed dose (RotaC) immunization coverage among 1-year-olds (%),https://www.who.int/data/gho/data/indicators/indicator-details/GHO/rotavirus-vaccines-completed-dose-%28rotac%29-immunization-coverage-among-1-year-olds-%28-%29,2017,2017,2017,EMR,Eastern Mediterranean,SOM,Somalia,,,,0.0,0,,
ROTAC,Rotavirus vaccines completed dose (RotaC) immunization coverage among 1-year-olds (%),https://www.who.int/data/gho/data/indicators/indicator-details/GHO/rotavirus-vaccines-completed-dose-%28rotac%29-immunization-coverage-among-1-year-olds-%28-%29,2015,2015,2015,EMR,Eastern Mediterranean,SOM,Somalia,,,,0.0,0,,
ROTAC,Rotavirus vaccines completed dose (RotaC) immunization coverage among 1-year-olds (%),https://www.who.int/data/gho/data/indicators/indicator-details/GHO/rotavirus-vaccines-completed-dose-%28rotac%29-immunization-coverage-among-1-year-olds-%28-%29,2019,2019,2019,EMR,Eastern Mediterranean,SOM,Somalia,,,,0.0,0,,
WHS3_62,Measles - number of reported cases,https://www.who.int/data/gho/data/indicators/indicator-details/GHO/measles---number-of-reported-cases,2020,2020,2020,EMR,Eastern Mediterranean,SOM,Somalia,,,,2531.0,2531,,
WHS4_129,Hib (Hib3) immunization coverage among 1-year-olds (%),https://www.who.int/data/gho/data/indicators/indicator-details/GHO/hib-hib3-immunization-coverage-among-1-year-olds,2024,2024,2024,EMR,Eastern Mediterranean,SOM,Somalia,,,,70.0,70,,
WHS3_56,Neonatal tetanus - number of reported cases,https://www.who.int/data/gho/data/indicators/indicator-details/GHO/neonatal-tetanus---number-of-reported-cases,1998,1998,1998,EMR,Eastern Mediterranean,SOM,Somalia,,,,99.0,99,,
WHS3_56,Neonatal tetanus - number of reported cases,https://www.who.int/data/gho/data/indicators/indicator-details/GHO/neonatal-tetanus---number-of-reported-cases,2010,2010,2010,EMR,Eastern Mediterranean,SOM,Somalia,,,,74.0,74,,
WHS3_62,Measles - number of reported cases,https://www.who.int/data/gho/data/indicators/indicator-details/GHO/measles---number-of-reported-cases,2021,2021,2021,EMR,Eastern Mediterranean,SOM,Somalia,,,,7191.0,7191,,
MCV2,Measles-containing-vaccine second-dose (MCV2) immunization coverage by the nationally recommended age (%),https://www.who.int/data/gho/data/indicators/indicator-details/GHO/measles-containing-vaccine-second-dose-%28mcv2%29-immunization-coverage-by-the-nationally-recommended-age-%28-%29,2015,2015,2015,EMR,Eastern Mediterranean,SOM,Somalia,,,,0.0,0,,
WHS4_128,Neonates protected at birth against neonatal tetanus (PAB) (%),https://www.who.int/data/gho/data/indicators/indicator-details/GHO/neonates-protected-at-birth-against-neonatal-tetanus-%28pab%29-%28-%29,2007,2007,2007,EMR,Eastern Mediterranean,SOM,Somalia,,,,50.0,50,,
WHS3_49,Poliomyelitis - number of reported cases,https://www.who.int/data/gho/data/indicators/indicator-details/GHO/poliomyelitis---number-of-reported-cases,1986,1986,1986,EMR,Eastern Mediterranean,SOM,Somalia,,,,1.0,1,,
WHS3_46,Total tetanus - number of reported cases,https://www.who.int/data/gho/data/indicators/indicator-details/GHO/total-tetanus---number-of-reported-cases,2011,2011,2011,EMR,Eastern Mediterranean,SOM,Somalia,,,,233.0,233,,
WHS4_117,Hepatitis B (HepB3) immunization coverage among 1-year-olds (%),https://www.who.int/data/gho/data/indicators/indicator-details/GHO/hepatitis-b-%28hepb3%29-immunization-coverage-among-1-year-olds-%28-%29,2011,2011,2011,EMR,Eastern Mediterranean,SOM,Somalia,,,,0.0,0,,
WHS3_49,Poliomyelitis - number of reported cases,https://www.who.int/data/gho/data/indicators/indicator-details/GHO/poliomyelitis---number-of-reported-cases,2011,2011,2011,EMR,Eastern Mediterranean,SOM,Somalia,,,,9.0,9,,
PCV3,Pneumoccocal conjugate vaccines (PCV3) immunization coverage among 1-year-olds (%),https://www.who.int/data/gho/data/indicators/indicator-details/GHO/pneumoccocal-conjugate-vaccines-%28pcv3%29-immunization-coverage-among-1-year-olds-%28-%29,2009,2009,2009,EMR,Eastern Mediterranean,SOM,Somalia,,,,0.0,0,,
WHS3_62,Measles - number of reported cases,https://www.who.int/data/gho/data/indicators/indicator-details/GHO/measles---number-of-reported-cases,2014,2014,2014,EMR,Eastern Mediterranean,SOM,Somalia,,,,10229.0,10 229,,
WHS3_62,Measles - number of reported cases,https://www.who.int/data/gho/data/indicators/indicator-details/GHO/measles---number-of-reported-cases,2007,2007,2007,EMR,Eastern Mediterranean,SOM,Somalia,,,,1149.0,1149,,
WHS3_57,Rubella - number of reported cases,https://www.who.int/data/gho/data/indicators/indicator-details/GHO/rubella---number-of-reported-cases,2019,2019,2019,EMR,Eastern Mediterranean,SOM,Somalia,,,,0.0,0,,
WHS4_129,Hib (Hib3) immunization coverage among 1-year-olds (%),https://www.who.int/data/gho/data/indicators/indicator-details/GHO/hib-hib3-immunization-coverage-among-1-year-olds,2018,2018,2018,EMR,Eastern Mediterranean,SOM,Somalia,,,,53.0,53,,
WHS3_49,Poliomyelitis - number of reported cases,https://www.who.int/data/gho/data/indicators/indicator-details/GHO/poliomyelitis---number-of-reported-cases,2006,2006,2006,EMR,Eastern Mediterranean,SOM,Somalia,,,,35.0,35,,
WHS3_49,Poliomyelitis - number of reported cases,https://www.who.int/data/gho/data/indicators/indicator-details/GHO/poliomyelitis---number-of-reported-cases,1984,1984,1984,EMR,Eastern Mediterranean,SOM,Somalia,,,,19.0,19,,
ROTAC,Rotavirus vaccines completed dose (RotaC) immunization coverage among 1-year-olds (%),https://www.who.int/data/gho/data/indicators/indicator-details/GHO/rotavirus-vaccines-completed-dose-%28rotac%29-immunization-coverage-among-1-year-olds-%28-%29,2008,2008,2008,EMR,Eastern Mediterranean,SOM,Somalia,,,,0.0,0,,
WHS3_41,Diphtheria - number of reported cases,https://www.who.int/data/gho/data/indicators/indicator-details/GHO/diphtheria---number-of-reported-cases,1984,1984,1984,EMR,Eastern Mediterranean,SOM,Somalia,,,,58.0,58,,
ROTAC,Rotavirus vaccines completed dose (RotaC) immunization coverage among 1-year-olds (%),https://www.who.int/data/gho/data/indicators/indicator-details/GHO/rotavirus-vaccines-completed-dose-%28rotac%29-immunization-coverage-among-1-year-olds-%28-%29,2010,2010,2010,EMR,Eastern Mediterranean,SOM,Somalia,,,,0.0,0,,
WHS3_41,Diphtheria - number of reported cases,https://www.who.int/data/gho/data/indicators/indicator-details/GHO/diphtheria---number-of-reported-cases,2023,2023,2023,EMR,Eastern Mediterranean,SOM,Somalia,,,,1.0,1,,
WHS4_544,Polio (Pol3) immunization coverage among 1-year-olds (%),https://www.who.int/data/gho/data/indicators/indicator-details/GHO/polio-%28pol3%29-immunization-coverage-among-1-year-olds-%28-%29,2004,2004,2004,EMR,Eastern Mediterranean,SOM,Somalia,,,,30.0,30,,
WHS4_117,Hepatitis B (HepB3) immunization coverage among 1-year-olds (%),https://www.who.int/data/gho/data/indicators/indicator-details/GHO/hepatitis-b-%28hepb3%29-immunization-coverage-among-1-year-olds-%28-%29,2014,2014,2014,EMR,Eastern Mediterranean,SOM,Somalia,,,,46.0,46,,
WHS4_543,BCG immunization coverage among 1-year-olds (%),https://www.who.int/data/gho/data/indicators/indicator-details/GHO/bcg-immunization-coverage-among-1-year-olds-%28-%29,2010,2010,2010,EMR,Eastern Mediterranean,SOM,Somalia,,,,41.0,41,,
WHS8_110,Measles-containing-vaccine first-dose (MCV1) immunization coverage among 1-year-olds (%),https://www.who.int/data/gho/data/indicators/indicator-details/GHO/measles-containing-vaccine-first-dose-%28mcv1%29-immunization-coverage-among-1-year-olds-%28-%29,2024,2024,2024,EMR,Eastern Mediterranean,SOM,Somalia,,,,64.0,64,,
WHS4_543,BCG immunization coverage among 1-year-olds (%),https://www.who.int/data/gho/data/indicators/indicator-details/GHO/bcg-immunization-coverage-among-1-year-olds-%28-%29,2023,2023,2023,EMR,Eastern Mediterranean,SOM,Somalia,,,,75.0,75,,
ROTAC,Rotavirus vaccines completed dose (RotaC) immunization coverage among 1-year-olds (%),https://www.who.int/data/gho/data/indicators/indicator-details/GHO/rotavirus-vaccines-completed-dose-%28rotac%29-immunization-coverage-among-1-year-olds-%28-%29,2014,2014,2014,EMR,Eastern Mediterranean,SOM,Somalia,,,,0.0,0,,
MCV2,Measles-containing-vaccine second-dose (MCV2) immunization coverage by the nationally recommended age (%),https://www.who.int/data/gho/data/indicators/indicator-details/GHO/measles-containing-vaccine-second-dose-%28mcv2%29-immunization-coverage-by-the-nationally-recommended-age-%28-%29,2019,2019,2019,EMR,Eastern Mediterranean,SOM,Somalia,,,,0.0,0,,
MCV2,Measles-containing-vaccine second-dose (MCV2) immunization coverage by the nationally recommended age (%),https://www.who.int/data/gho/data/indicators/indicator-details/GHO/measles-containing-vaccine-second-dose-%28mcv2%29-immunization-coverage-by-the-nationally-recommended-age-%28-%29,2021,2021,2021,EMR,Eastern Mediterranean,SOM,Somalia,,,,3.0,3,,
WHS3_62,Measles - number of reported cases,https://www.who.int/data/gho/data/indicators/indicator-details/GHO/measles---number-of-reported-cases,2012,2012,2012,EMR,Eastern Mediterranean,SOM,Somalia,,,,9983.0,9983,,
WHS8_110,Measles-containing-vaccine first-dose (MCV1) immunization coverage among 1-year-olds (%),https://www.who.int/data/gho/data/indicators/indicator-details/GHO/measles-containing-vaccine-first-dose-%28mcv1%29-immunization-coverage-among-1-year-olds-%28-%29,2005,2005,2005,EMR,Eastern Mediterranean,SOM,Somalia,,,,35.0,35,,
WHS4_129,Hib (Hib3) immunization coverage among 1-year-olds (%),https://www.who.int/data/gho/data/indicators/indicator-details/GHO/hib-hib3-immunization-coverage-among-1-year-olds,2019,2019,2019,EMR,Eastern Mediterranean,SOM,Somalia,,,,57.0,57,,
ROTAC,Rotavirus vaccines completed dose (RotaC) immunization coverage among 1-year-olds (%),https://www.who.int/data/gho/data/indicators/indicator-details/GHO/rotavirus-vaccines-completed-dose-%28rotac%29-immunization-coverage-among-1-year-olds-%28-%29,2011,2011,2011,EMR,Eastern Mediterranean,SOM,Somalia,,,,0.0,0,,
WHS4_117,Hepatitis B (HepB3) immunization coverage among 1-year-olds (%),https://www.who.int/data/gho/data/indicators/indicator-details/GHO/hepatitis-b-%28hepb3%29-immunization-coverage-among-1-year-olds-%28-%29,2017,2017,2017,EMR,Eastern Mediterranean,SOM,Somalia,,,,51.0,51,,
WHS3_49,Poliomyelitis - number of reported cases,https://www.who.int/data/gho/data/indicators/indicator-details/GHO/poliomyelitis---number-of-reported-cases,1987,1987,1987,EMR,Eastern Mediterranean,SOM,Somalia,,,,53.0,53,,
PCV3,Pneumoccocal conjugate vaccines (PCV3) immunization coverage among 1-year-olds (%),https://www.who.int/data/gho/data/indicators/indicator-details/GHO/pneumoccocal-conjugate-vaccines-%28pcv3%29-immunization-coverage-among-1-year-olds-%28-%29,2021,2021,2021,EMR,Eastern Mediterranean,SOM,Somalia,,,,0.0,0,,
WHS3_49,Poliomyelitis - number of reported cases,https://www.who.int/data/gho/data/indicators/indicator-details/GHO/poliomyelitis---number-of-reported-cases,1988,1988,1988,EMR,Eastern Mediterranean,SOM,Somalia,,,,54.0,54,,
WHS3_41,Diphtheria - number of reported cases,https://www.who.int/data/gho/data/indicators/indicator-details/GHO/diphtheria---number-of-reported-cases,2012,2012,2012,EMR,Eastern Mediterranean,SOM,Somalia,,,,65.0,65,,
WHS4_129,Hib (Hib3) immunization coverage among 1-year-olds (%),https://www.who.int/data/gho/data/indicators/indicator-details/GHO/hib-hib3-immunization-coverage-among-1-year-olds,2008,2008,2008,EMR,Eastern Mediterranean,SOM,Somalia,,,,0.0,0,,
WHS3_41,Diphtheria - number of reported cases,https://www.who.int/data/gho/data/indicators/indicator-details/GHO/diphtheria---number-of-reported-cases,1983,1983,1983,EMR,Eastern Mediterranean,SOM,Somalia,,,,206.0,206,,
WHS4_128,Neonates protected at birth against neonatal tetanus (PAB) (%),https://www.who.int/data/gho/data/indicators/indicator-details/GHO/neonates-protected-at-birth-against-neonatal-tetanus-%28pab%29-%28-%29,2006,2006,2006,EMR,Eastern Mediterranean,SOM,Somalia,,,,51.0,51,,
WHS4_129,Hib (Hib3) immunization coverage among 1-year-olds (%),https://www.who.int/data/gho/data/indicators/indicator-details/GHO/hib-hib3-immunization-coverage-among-1-year-olds,2003,2003,2003,EMR,Eastern Mediterranean,SOM,Somalia,,,,0.0,0,,
WHS3_62,Measles - number of reported cases,https://www.who.int/data/gho/data/indicators/indicator-details/GHO/measles---number-of-reported-cases,2010,2010,2010,EMR,Eastern Mediterranean,SOM,Somalia,,,,115.0,115,,
WHS4_544,Polio (Pol3) immunization coverage among 1-year-olds (%),https://www.who.int/data/gho/data/indicators/indicator-details/GHO/polio-%28pol3%29-immunization-coverage-among-1-year-olds-%28-%29,2011,2011,2011,EMR,Eastern Mediterranean,SOM,Somalia,,,,49.0,49,,
WHS4_128,Neonates protected at birth against neonatal tetanus (PAB) (%),https://www.who.int/data/gho/data/indicators/indicator-details/GHO/neonates-protected-at-birth-against-neonatal-tetanus-%28pab%29-%28-%29,2010,2010,2010,EMR,Eastern Mediterranean,SOM,Somalia,,,,64.0,64,,
WHS3_46,Total tetanus - number of reported cases,https://www.who.int/data/gho/data/indicators/indicator-details/GHO/total-tetanus---number-of-reported-cases,1983,1983,1983,EMR,Eastern Mediterranean,SOM,Somalia,,,,95.0,95,,
WHS4_129,Hib (Hib3) immunization coverage among 1-year-olds (%),https://www.who.int/data/gho/data/indicators/indicator-details/GHO/hib-hib3-immunization-coverage-among-1-year-olds,2002,2002,2002,EMR,Eastern Mediterranean,SOM,Somalia,,,,0.0,0,,
WHS4_543,BCG immunization coverage among 1-year-olds (%),https://www.who.int/data/gho/data/indicators/indicator-details/GHO/bcg-immunization-coverage-among-1-year-olds-%28-%29,2018,2018,2018,EMR,Eastern Mediterranean,SOM,Somalia,,,,52.0,52,,
WHS3_49,Poliomyelitis - number of reported cases,https://www.who.int/data/gho/data/indicators/indicator-details/GHO/poliomyelitis---number-of-reported-cases,2003,2003,2003,EMR,Eastern Mediterranean,SOM,Somalia,,,,0.0,0,,
WHS3_49,Poliomyelitis - number of reported cases,https://www.who.int/data/gho/data/indicators/indicator-details/GHO/poliomyelitis---number-of-reported-cases,2014,2014,2014,EMR,Eastern Mediterranean,SOM,Somalia,,,,5.0,5,,
WHS4_128,Neonates protected at birth against neonatal tetanus (PAB) (%),https://www.who.int/data/gho/data/indicators/indicator-details/GHO/neonates-protected-at-birth-against-neonatal-tetanus-%28pab%29-%28-%29,2012,2012,2012,EMR,Eastern Mediterranean,SOM,Somalia,,,,64.0,64,,
WHS4_543,BCG immunization coverage among 1-year-olds (%),https://www.who.int/data/gho/data/indicators/indicator-details/GHO/bcg-immunization-coverage-among-1-year-olds-%28-%29,2000,2000,2000,EMR,Eastern Mediterranean,SOM,Somalia,,,,69.0,69,,
WHS4_543,BCG immunization coverage among 1-year-olds (%),https://www.who.int/data/gho/data/indicators/indicator-details/GHO/bcg-immunization-coverage-among-1-year-olds-%28-%29,2002,2002,2002,EMR,Eastern Mediterranean,SOM,Somalia,,,,60.0,60,,
WHS8_110,Measles-containing-vaccine first-dose (MCV1) immunization coverage among 1-year-olds (%),https://www.who.int/data/gho/data/indicators/indicator-details/GHO/measles-containing-vaccine-first-dose-%28mcv1%29-immunization-coverage-among-1-year-olds-%28-%29,2017,2017,2017,EMR,Eastern Mediterranean,SOM,Somalia,,,,52.0,52,,
MCV2,Measles-containing-vaccine second-dose (MCV2) immunization coverage by the nationally recommended age (%),https://www.who.int/data/gho/data/indicators/indicator-details/GHO/measles-containing-vaccine-second-dose-%28mcv2%29-immunization-coverage-by-the-nationally-recommended-age-%28-%29,2004,2004,2004,EMR,Eastern Mediterranean,SOM,Somalia,,,,0.0,0,,
WHS8_110,Measles-containing-vaccine first-dose (MCV1) immunization coverage among 1-year-olds (%),https://www.who.int/data/gho/data/indicators/indicator-details/GHO/measles-containing-vaccine-first-dose-%28mcv1%29-immunization-coverage-among-1-year-olds-%28-%29,2015,2015,2015,EMR,Eastern Mediterranean,SOM,Somalia,,,,50.0,50,,
PCV3,Pneumoccocal conjugate vaccines (PCV3) immunization coverage among 1-year-olds (%),https://www.who.int/data/gho/data/indicators/indicator-details/GHO/pneumoccocal-conjugate-vaccines-%28pcv3%29-immunization-coverage-among-1-year-olds-%28-%29,2023,2023,2023,EMR,Eastern Mediterranean,SOM,Somalia,,,,0.0,0,,
WHS4_129,Hib (Hib3) immunization coverage among 1-year-olds (%),https://www.who.int/data/gho/data/indicators/indicator-details/GHO/hib-hib3-immunization-coverage-among-1-year-olds,2013,2013,2013,EMR,Eastern Mediterranean,SOM,Somalia,,,,44.0,44,,
WHS3_49,Poliomyelitis - number of reported cases,https://www.who.int/data/gho/data/indicators/indicator-details/GHO/poliomyelitis---number-of-reported-cases,1985,1985,1985,EMR,Eastern Mediterranean,SOM,Somalia,,,,6.0,6,,
WHS3_46,Total tetanus - number of reported cases,https://www.who.int/data/gho/data/indicators/indicator-details/GHO/total-tetanus---number-of-reported-cases,1985,1985,1985,EMR,Eastern Mediterranean,SOM,Somalia,,,,262.0,262,,
WHS3_56,Neonatal tetanus - number of reported cases,https://www.who.int/data/gho/data/indicators/indicator-details/GHO/neonatal-tetanus---number-of-reported-cases,1996,1996,1996,EMR,Eastern Mediterranean,SOM,Somalia,,,,102.0,102,,
ROTAC,Rotavirus vaccines completed dose (RotaC) immunization coverage among 1-year-olds (%),https://www.who.int/data/gho/data/indicators/indicator-details/GHO/rotavirus-vaccines-completed-dose-%28rotac%29-immunization-coverage-among-1-year-olds-%28-%29,2020,2020,2020,EMR,Eastern Mediterranean,SOM,Somalia,,,,0.0,0,,
WHS3_62,Measles - number of reported cases,https://www.who.int/data/gho/data/indicators/indicator-details/GHO/measles---number-of-reported-cases,2016,2016,2016,EMR,Eastern Mediterranean,SOM,Somalia,,,,26.0,26,,
WHS3_62,Measles - number of reported cases,https://www.who.int/data/gho/data/indicators/indicator-details/GHO/measles---number-of-reported-cases,2000,2000,2000,EMR,Eastern Mediterranean,SOM,Somalia,,,,3965.0,3965,,
WHS3_62,Measles - number of reported cases,https://www.who.int/data/gho/data/indicators/indicator-details/GHO/measles---number-of-reported-cases,2011,2011,2011,EMR,Eastern Mediterranean,SOM,Somalia,,,,17298.0,17 298,,
WHS3_62,Measles - number of reported cases,https://www.who.int/data/gho/data/indicators/indicator-details/GHO/measles---number-of-reported-cases,1988,1988,1988,EMR,Eastern Mediterranean,SOM,Somalia,,,,296.0,296,,
WHS4_128,Neonates protected at birth against neonatal tetanus (PAB) (%),https://www.who.int/data/gho/data/indicators/indicator-details/GHO/neonates-protected-at-birth-against-neonatal-tetanus-%28pab%29-%28-%29,2003,2003,2003,EMR,Eastern Mediterranean,SOM,Somalia,,,,45.0,45,,
WHS4_544,Polio (Pol3) immunization coverage among 1-year-olds (%),https://www.who.int/data/gho/data/indicators/indicator-details/GHO/polio-%28pol3%29-immunization-coverage-among-1-year-olds-%28-%29,2015,2015,2015,EMR,Eastern Mediterranean,SOM,Somalia,,,,50.0,50,,
WHS3_62,Measles - number of reported cases,https://www.who.int/data/gho/data/indicators/indicator-details/GHO/measles---number-of-reported-cases,2018,2018,2018,EMR,Eastern Mediterranean,SOM,Somalia,,,,9126.0,9126,,
WHS3_43,Pertussis - number of reported cases,https://www.who.int/data/gho/data/indicators/indicator-details/GHO/pertussis-number-of-reported-cases,2020,2020,2020,EMR,Eastern Mediterranean,SOM,Somalia,,,,0.0,0,,
WHS3_56,Neonatal tetanus - number of reported cases,https://www.who.int/data/gho/data/indicators/indicator-details/GHO/neonatal-tetanus---number-of-reported-cases,1987,1987,1987,EMR,Eastern Mediterranean,SOM,Somalia,,,,63.0,63,,
ROTAC,Rotavirus vaccines completed dose (RotaC) immunization coverage among 1-year-olds (%),https://www.who.int/data/gho/data/indicators/indicator-details/GHO/rotavirus-vaccines-completed-dose-%28rotac%29-immunization-coverage-among-1-year-olds-%28-%29,2018,2018,2018,EMR,Eastern Mediterranean,SOM,Somalia,,,,0.0,0,,
MCV2,Measles-containing-vaccine second-dose (MCV2) immunization coverage by the nationally recommended age (%),https://www.who.int/data/gho/data/indicators/indicator-details/GHO/measles-containing-vaccine-second-dose-%28mcv2%29-immunization-coverage-by-the-nationally-recommended-age-%28-%29,2007,2007,2007,EMR,Eastern Mediterranean,SOM,Somalia,,,,0.0,0,,
WHS3_49,Poliomyelitis - number of reported cases,https://www.who.int/data/gho/data/indicators/indicator-details/GHO/poliomyelitis---number-of-reported-cases,2001,2001,2001,EMR,Eastern Mediterranean,SOM,Somalia,,,,7.0,7,,
PCV3,Pneumoccocal conjugate vaccines (PCV3) immunization coverage among 1-year-olds (%),https://www.who.int/data/gho/data/indicators/indicator-details/GHO/pneumoccocal-conjugate-vaccines-%28pcv3%29-immunization-coverage-among-1-year-olds-%28-%29,2014,2014,2014,EMR,Eastern Mediterranean,SOM,Somalia,,,,0.0,0,,
WHS4_117,Hepatitis B (HepB3) immunization coverage among 1-year-olds (%),https://www.who.int/data/gho/data/indicators/indicator-details/GHO/hepatitis-b-%28hepb3%29-immunization-coverage-among-1-year-olds-%28-%29,2012,2012,2012,EMR,Eastern Mediterranean,SOM,Somalia,,,,0.0,0,,
MCV2,Measles-containing-vaccine second-dose (MCV2) immunization coverage by the nationally recommended age (%),https://www.who.int/data/gho/data/indicators/indicator-details/GHO/measles-containing-vaccine-second-dose-%28mcv2%29-immunization-coverage-by-the-nationally-recommended-age-%28-%29,2000,2000,2000,EMR,Eastern Mediterranean,SOM,Somalia,,,,0.0,0,,
WHS4_128,Neonates protected at birth against neonatal tetanus (PAB) (%),https://www.who.int/data/gho/data/indicators/indicator-details/GHO/neonates-protected-at-birth-against-neonatal-tetanus-%28pab%29-%28-%29,2017,2017,2017,EMR,Eastern Mediterranean,SOM,Somalia,,,,67.0,67,,
WHS3_50,Yellow fever - number of reported cases,https://www.who.int/data/gho/data/indicators/indicator-details/GHO/yellow-fever-number-of-reported-cases,2020,2020,2020,EMR,Eastern Mediterranean,SOM,Somalia,,,,0.0,0,,
WHS4_128,Neonates protected at birth against neonatal tetanus (PAB) (%),https://www.who.int/data/gho/data/indicators/indicator-details/GHO/neonates-protected-at-birth-against-neonatal-tetanus-%28pab%29-%28-%29,2016,2016,2016,EMR,Eastern Mediterranean,SOM,Somalia,,,,67.0,67,,
ROTAC,Rotavirus vaccines completed dose (RotaC) immunization coverage among 1-year-olds (%),https://www.who.int/data/gho/data/indicators/indicator-details/GHO/rotavirus-vaccines-completed-dose-%28rotac%29-immunization-coverage-among-1-year-olds-%28-%29,2022,2022,2022,EMR,Eastern Mediterranean,SOM,Somalia,,,,0.0,0,,
WHS3_49,Poliomyelitis - number of reported cases,https://www.who.int/data/gho/data/indicators/indicator-details/GHO/poliomyelitis---number-of-reported-cases,2005,2005,2005,EMR,Eastern Mediterranean,SOM,Somalia,,,,185.0,185,,
WHS3_43,Pertussis - number of reported cases,https://www.who.int/data/gho/data/indicators/indicator-details/GHO/pertussis-number-of-reported-cases,1988,1988,1988,EMR,Eastern Mediterranean,SOM,Somalia,,,,348.0,348,,
WHS4_543,BCG immunization coverage among 1-year-olds (%),https://www.who.int/data/gho/data/indicators/indicator-details/GHO/bcg-immunization-coverage-among-1-year-olds-%28-%29,2011,2011,2011,EMR,Eastern Mediterranean,SOM,Somalia,,,,39.0,39,,
WHS8_110,Measles-containing-vaccine first-dose (MCV1) immunization coverage among 1-year-olds (%),https://www.who.int/data/gho/data/indicators/indicator-details/GHO/measles-containing-vaccine-first-dose-%28mcv1%29-immunization-coverage-among-1-year-olds-%28-%29,2010,2010,2010,EMR,Eastern Mediterranean,SOM,Somalia,,,,46.0,46,,
WHS4_129,Hib (Hib3) immunization coverage among 1-year-olds (%),https://www.who.int/data/gho/data/indicators/indicator-details/GHO/hib-hib3-immunization-coverage-among-1-year-olds,2010,2010,2010,EMR,Eastern Mediterranean,SOM,Somalia,,,,0.0,0,,
PCV3,Pneumoccocal conjugate vaccines (PCV3) immunization coverage among 1-year-olds (%),https://www.who.int/data/gho/data/indicators/indicator-details/GHO/pneumoccocal-conjugate-vaccines-%28pcv3%29-immunization-coverage-among-1-year-olds-%28-%29,2008,2008,2008,EMR,Eastern Mediterranean,SOM,Somalia,,,,0.0,0,,
WHS4_128,Neonates protected at birth against neonatal tetanus (PAB) (%),https://www.who.int/data/gho/data/indicators/indicator-details/GHO/neonates-protected-at-birth-against-neonatal-tetanus-%28pab%29-%28-%29,2001,2001,2001,EMR,Eastern Mediterranean,SOM,Somalia,,,,48.0,48,,
WHS4_128,Neonates protected at birth against neonatal tetanus (PAB) (%),https://www.who.int/data/gho/data/indicators/indicator-details/GHO/neonates-protected-at-birth-against-neonatal-tetanus-%28pab%29-%28-%29,2018,2018,2018,EMR,Eastern Mediterranean,SOM,Somalia,,,,67.0,67,,
PCV3,Pneumoccocal conjugate vaccines (PCV3) immunization coverage among 1-year-olds (%),https://www.who.int/data/gho/data/indicators/indicator-details/GHO/pneumoccocal-conjugate-vaccines-%28pcv3%29-immunization-coverage-among-1-year-olds-%28-%29,2016,2016,2016,EMR,Eastern Mediterranean,SOM,Somalia,,,,0.0,0,,
WHS8_110,Measles-containing-vaccine first-dose (MCV1) immunization coverage among 1-year-olds (%),https://www.who.int/data/gho/data/indicators/indicator-details/GHO/measles-containing-vaccine-first-dose-%28mcv1%29-immunization-coverage-among-1-year-olds-%28-%29,2004,2004,2004,EMR,Eastern Mediterranean,SOM,Somalia,,,,40.0,40,,
WHS4_543,BCG immunization coverage among 1-year-olds (%),https://www.who.int/data/gho/data/indicators/indicator-details/GHO/bcg-immunization-coverage-among-1-year-olds-%28-%29,2006,2006,2006,EMR,Eastern Mediterranean,SOM,Somalia,,,,40.0,40,,
ROTAC,Rotavirus vaccines completed dose (RotaC) immunization coverage among 1-year-olds (%),https://www.who.int/data/gho/data/indicators/indicator-details/GHO/rotavirus-vaccines-completed-dose-%28rotac%29-immunization-coverage-among-1-year-olds-%28-%29,2013,2013,2013,EMR,Eastern Mediterranean,SOM,Somalia,,,,0.0,0,,
WHS3_49,Poliomyelitis - number of reported cases,https://www.who.int/data/gho/data/indicators/indicator-details/GHO/poliomyelitis---number-of-reported-cases,2012,2012,2012,EMR,Eastern Mediterranean,SOM,Somalia,,,,1.0,1,,
WHS4_117,Hepatitis B (HepB3) immunization coverage among 1-year-olds (%),https://www.who.int/data/gho/data/indicators/indicator-details/GHO/hepatitis-b-%28hepb3%29-immunization-coverage-among-1-year-olds-%28-%29,2020,2020,2020,EMR,Eastern Mediterranean,SOM,Somalia,,,,55.0,55,,
ROTAC,Rotavirus vaccines completed dose (RotaC) immunization coverage among 1-year-olds (%),https://www.who.int/data/gho/data/indicators/indicator-details/GHO/rotavirus-vaccines-completed-dose-%28rotac%29-immunization-coverage-among-1-year-olds-%28-%29,2021,2021,2021,EMR,Eastern Mediterranean,SOM,Somalia,,,,0.0,0,,
WHS3_62,Measles - number of reported cases,https://www.who.int/data/gho/data/indicators/indicator-details/GHO/measles---number-of-reported-cases,2003,2003,2003,EMR,Eastern Mediterranean,SOM,Somalia,,,,8257.0,8257,,
MCV2,Measles-containing-vaccine second-dose (MCV2) immunization coverage by the nationally recommended age (%),https://www.who.int/data/gho/data/indicators/indicator-details/GHO/measles-containing-vaccine-second-dose-%28mcv2%29-immunization-coverage-by-the-nationally-recommended-age-%28-%29,2012,2012,2012,EMR,Eastern Mediterranean,SOM,Somalia,,,,0.0,0,,
WHS4_128,Neonates protected at birth against neonatal tetanus (PAB) (%),https://www.who.int/data/gho/data/indicators/indicator-details/GHO/neonates-protected-at-birth-against-neonatal-tetanus-%28pab%29-%28-%29,2009,2009,2009,EMR,Eastern Mediterranean,SOM,Somalia,,,,64.0,64,,
WHS3_49,Poliomyelitis - number of reported cases,https://www.who.int/data/gho/data/indicators/indicator-details/GHO/poliomyelitis---number-of-reported-cases,2007,2007,2007,EMR,Eastern Mediterranean,SOM,Somalia,,,,8.0,8,,
WHS3_49,Poliomyelitis - number of reported cases,https://www.who.int/data/gho/data/indicators/indicator-details/GHO/poliomyelitis---number-of-reported-cases,1989,1989,1989,EMR,Eastern Mediterranean,SOM,Somalia,,,,155.0,155,,
WHS3_49,Poliomyelitis - number of reported cases,https://www.who.int/data/gho/data/indicators/indicator-details/GHO/poliomyelitis---number-of-reported-cases,2010,2010,2010,EMR,Eastern Mediterranean,SOM,Somalia,,,,1.0,1,,
WHS4_117,Hepatitis B (HepB3) immunization coverage among 1-year-olds (%),https://www.who.int/data/gho/data/indicators/indicator-details/GHO/hepatitis-b-%28hepb3%29-immunization-coverage-among-1-year-olds-%28-%29,2024,2024,2024,EMR,Eastern Mediterranean,SOM,Somalia,,,,70.0,70,,
WHS3_62,Measles - number of reported cases,https://www.who.int/data/gho/data/indicators/indicator-details/GHO/measles---number-of-reported-cases,1978,1978,1978,EMR,Eastern Mediterranean,SOM,Somalia,,,,79.0,79,,
WHS4_128,Neonates protected at birth against neonatal tetanus (PAB) (%),https://www.who.int/data/gho/data/indicators/indicator-details/GHO/neonates-protected-at-birth-against-neonatal-tetanus-%28pab%29-%28-%29,2022,2022,2022,EMR,Eastern Mediterranean,SOM,Somalia,,,,57.0,57,,
WHS4_544,Polio (Pol3) immunization coverage among 1-year-olds (%),https://www.who.int/data/gho/data/indicators/indicator-details/GHO/polio-%28pol3%29-immunization-coverage-among-1-year-olds-%28-%29,2001,2001,2001,EMR,Eastern Mediterranean,SOM,Somalia,,,,33.0,33,,
WHS3_46,Total tetanus - number of reported cases,https://www.who.int/data/gho/data/indicators/indicator-details/GHO/total-tetanus---number-of-reported-cases,1998,1998,1998,EMR,Eastern Mediterranean,SOM,Somalia,,,,111.0,111,,
WHS3_56,Neonatal tetanus - number of reported cases,https://www.who.int/data/gho/data/indicators/indicator-details/GHO/neonatal-tetanus---number-of-reported-cases,2011,2011,2011,EMR,Eastern Mediterranean,SOM,Somalia,,,,233.0,233,,
WHS4_117,Hepatitis B (HepB3) immunization coverage among 1-year-olds (%),https://www.who.int/data/gho/data/indicators/indicator-details/GHO/hepatitis-b-%28hepb3%29-immunization-coverage-among-1-year-olds-%28-%29,2022,2022,2022,EMR,Eastern Mediterranean,SOM,Somalia,,,,71.0,71,,
WHS8_110,Measles-containing-vaccine first-dose (MCV1) immunization coverage among 1-year-olds (%),https://www.who.int/data/gho/data/indicators/indicator-details/GHO/measles-containing-vaccine-first-dose-%28mcv1%29-immunization-coverage-among-1-year-olds-%28-%29,2009,2009,2009,EMR,Eastern Mediterranean,SOM,Somalia,,,,43.0,43,,
WHS3_43,Pertussis - number of reported cases,https://www.who.int/data/gho/data/indicators/indicator-details/GHO/pertussis-number-of-reported-cases,2012,2012,2012,EMR,Eastern Mediterranean,SOM,Somalia,,,,3784.0,3784,,
WHS4_117,Hepatitis B (HepB3) immunization coverage among 1-year-olds (%),https://www.who.int/data/gho/data/indicators/indicator-details/GHO/hepatitis-b-%28hepb3%29-immunization-coverage-among-1-year-olds-%28-%29,2001,2001,2001,EMR,Eastern Mediterranean,SOM,Somalia,,,,0.0,0,,
PCV3,Pneumoccocal conjugate vaccines (PCV3) immunization coverage among 1-year-olds (%),https://www.who.int/data/gho/data/indicators/indicator-details/GHO/pneumoccocal-conjugate-vaccines-%28pcv3%29-immunization-coverage-among-1-year-olds-%28-%29,2011,2011,2011,EMR,Eastern Mediterranean,SOM,Somalia,,,,0.0,0,,
WHS4_543,BCG immunization coverage among 1-year-olds (%),https://www.who.int/data/gho/data/indicators/indicator-details/GHO/bcg-immunization-coverage-among-1-year-olds-%28-%29,2016,2016,2016,EMR,Eastern Mediterranean,SOM,Somalia,,,,47.0,47,,
WHS8_110,Measles-containing-vaccine first-dose (MCV1) immunization coverage among 1-year-olds (%),https://www.who.int/data/gho/data/indicators/indicator-details/GHO/measles-containing-vaccine-first-dose-%28mcv1%29-immunization-coverage-among-1-year-olds-%28-%29,2001,2001,2001,EMR,Eastern Mediterranean,SOM,Somalia,,,,20.0,20,,
PCV3,Pneumoccocal conjugate vaccines (PCV3) immunization coverage among 1-year-olds (%),https://www.who.int/data/gho/data/indicators/indicator-details/GHO/pneumoccocal-conjugate-vaccines-%28pcv3%29-immunization-coverage-among-1-year-olds-%28-%29,2015,2015,2015,EMR,Eastern Mediterranean,SOM,Somalia,,,,0.0,0,,
WHS8_110,Measles-containing-vaccine first-dose (MCV1) immunization coverage among 1-year-olds (%),https://www.who.int/data/gho/data/indicators/indicator-details/GHO/measles-containing-vaccine-first-dose-%28mcv1%29-immunization-coverage-among-1-year-olds-%28-%29,2012,2012,2012,EMR,Eastern Mediterranean,SOM,Somalia,,,,46.0,46,,
WHS3_56,Neonatal tetanus - number of reported cases,https://www.who.int/data/gho/data/indicators/indicator-details/GHO/neonatal-tetanus---number-of-reported-cases,1984,1984,1984,EMR,Eastern Mediterranean,SOM,Somalia,,,,58.0,58,,
WHS3_43,Pertussis - number of reported cases,https://www.who.int/data/gho/data/indicators/indicator-details/GHO/pertussis-number-of-reported-cases,2010,2010,2010,EMR,Eastern Mediterranean,SOM,Somalia,,,,665.0,665,,
WHS4_543,BCG immunization coverage among 1-year-olds (%),https://www.who.int/data/gho/data/indicators/indicator-details/GHO/bcg-immunization-coverage-among-1-year-olds-%28-%29,2020,2020,2020,EMR,Eastern Mediterranean,SOM,Somalia,,,,59.0,59,,
WHS3_41,Diphtheria - number of reported cases,https://www.who.int/data/gho/data/indicators/indicator-details/GHO/diphtheria---number-of-reported-cases,1985,1985,1985,EMR,Eastern Mediterranean,SOM,Somalia,,,,19.0,19,,
WHS3_43,Pertussis - number of reported cases,https://www.who.int/data/gho/data/indicators/indicator-details/GHO/pertussis-number-of-reported-cases,1985,1985,1985,EMR,Eastern Mediterranean,SOM,Somalia,,,,62.0,62,,
WHS4_544,Polio (Pol3) immunization coverage among 1-year-olds (%),https://www.who.int/data/gho/data/indicators/indicator-details/GHO/polio-%28pol3%29-immunization-coverage-among-1-year-olds-%28-%29,2021,2021,2021,EMR,Eastern Mediterranean,SOM,Somalia,,,,63.0,63,,
WHS4_543,BCG immunization coverage among 1-year-olds (%),https://www.who.int/data/gho/data/indicators/indicator-details/GHO/bcg-immunization-coverage-among-1-year-olds-%28-%29,2019,2019,2019,EMR,Eastern Mediterranean,SOM,Somalia,,,,58.0,58,,
WHS4_543,BCG immunization coverage among 1-year-olds (%),https://www.who.int/data/gho/data/indicators/indicator-details/GHO/bcg-immunization-coverage-among-1-year-olds-%28-%29,2007,2007,2007,EMR,Eastern Mediterranean,SOM,Somalia,,,,38.0,38,,
MCV2,Measles-containing-vaccine second-dose (MCV2) immunization coverage by the nationally recommended age (%),https://www.who.int/data/gho/data/indicators/indicator-details/GHO/measles-containing-vaccine-second-dose-%28mcv2%29-immunization-coverage-by-the-nationally-recommended-age-%28-%29,2014,2014,2014,EMR,Eastern Mediterranean,SOM,Somalia,,,,0.0,0,,
WHS3_62,Measles - number of reported cases,https://www.who.int/data/gho/data/indicators/indicator-details/GHO/measles---number-of-reported-cases,1996,1996,1996,EMR,Eastern Mediterranean,SOM,Somalia,,,,1830.0,1830,,
WHS3_53,Mumps - number of reported cases,https://www.who.int/data/gho/data/indicators/indicator-details/GHO/mumps---number-of-reported-cases,2019,2019,2019,EMR,Eastern Mediterranean,SOM,Somalia,,,,0.0,0,,
WHS4_543,BCG immunization coverage among 1-year-olds (%),https://www.who.int/data/gho/data/indicators/indicator-details/GHO/bcg-immunization-coverage-among-1-year-olds-%28-%29,2013,2013,2013,EMR,Eastern Mediterranean,SOM,Somalia,,,,40.0,40,,
WHS4_128,Neonates protected at birth against neonatal tetanus (PAB) (%),https://www.who.int/data/gho/data/indicators/indicator-details/GHO/neonates-protected-at-birth-against-neonatal-tetanus-%28pab%29-%28-%29,2021,2021,2021,EMR,Eastern Mediterranean,SOM,Somalia,,,,60.0,60,,
WHS3_41,Diphtheria - number of reported cases,https://www.who.int/data/gho/data/indicators/indicator-details/GHO/diphtheria---number-of-reported-cases,1989,1989,1989,EMR,Eastern Mediterranean,SOM,Somalia,,,,24.0,24,,
WHS3_46,Total tetanus - number of reported cases,https://www.who.int/data/gho/data/indicators/indicator-details/GHO/total-tetanus---number-of-reported-cases,1996,1996,1996,EMR,Eastern Mediterranean,SOM,Somalia,,,,102.0,102,,
WHS4_117,Hepatitis B (HepB3) immunization coverage among 1-year-olds (%),https://www.who.int/data/gho/data/indicators/indicator-details/GHO/hepatitis-b-%28hepb3%29-immunization-coverage-among-1-year-olds-%28-%29,2008,2008,2008,EMR,Eastern Mediterranean,SOM,Somalia,,,,0.0,0,,
WHS3_57,Rubella - number of reported cases,https://www.who.int/data/gho/data/indicators/indicator-details/GHO/rubella---number-of-reported-cases,2023,2023,2023,EMR,Eastern Mediterranean,SOM,Somalia,,,,2407.0,2407,,
WHS4_543,BCG immunization coverage among 1-year-olds (%),https://www.who.int/data/gho/data/indicators/indicator-details/GHO/bcg-immunization-coverage-among-1-year-olds-%28-%29,2005,2005,2005,EMR,Eastern Mediterranean,SOM,Somalia,,,,50.0,50,,
WHS4_117,Hepatitis B (HepB3) immunization coverage among 1-year-olds (%),https://www.who.int/data/gho/data/indicators/indicator-details/GHO/hepatitis-b-%28hepb3%29-immunization-coverage-among-1-year-olds-%28-%29,2019,2019,2019,EMR,Eastern Mediterranean,SOM,Somalia,,,,57.0,57,,
WHS4_544,Polio (Pol3) immunization coverage among 1-year-olds (%),https://www.who.int/data/gho/data/indicators/indicator-details/GHO/polio-%28pol3%29-immunization-coverage-among-1-year-olds-%28-%29,2024,2024,2024,EMR,Eastern Mediterranean,SOM,Somalia,,,,71.0,71,,
WHS3_43,Pertussis - number of reported cases,https://www.who.int/data/gho/data/indicators/indicator-details/GHO/pertussis-number-of-reported-cases,1987,1987,1987,EMR,Eastern Mediterranean,SOM,Somalia,,,,197.0,197,,
WHS4_129,Hib (Hib3) immunization coverage among 1-year-olds (%),https://www.who.int/data/gho/data/indicators/indicator-details/GHO/hib-hib3-immunization-coverage-among-1-year-olds,2004,2004,2004,EMR,Eastern Mediterranean,SOM,Somalia,,,,0.0,0,,
WHS4_543,BCG immunization coverage among 1-year-olds (%),https://www.who.int/data/gho/data/indicators/indicator-details/GHO/bcg-immunization-coverage-among-1-year-olds-%28-%29,2008,2008,2008,EMR,Eastern Mediterranean,SOM,Somalia,,,,36.0,36,,
WHS4_128,Neonates protected at birth against neonatal tetanus (PAB) (%),https://www.who.int/data/gho/data/indicators/indicator-details/GHO/neonates-protected-at-birth-against-neonatal-tetanus-%28pab%29-%28-%29,2008,2008,2008,EMR,Eastern Mediterranean,SOM,Somalia,,,,49.0,49,,
PCV3,Pneumoccocal conjugate vaccines (PCV3) immunization coverage among 1-year-olds (%),https://www.who.int/data/gho/data/indicators/indicator-details/GHO/pneumoccocal-conjugate-vaccines-%28pcv3%29-immunization-coverage-among-1-year-olds-%28-%29,2017,2017,2017,EMR,Eastern Mediterranean,SOM,Somalia,,,,0.0,0,,
PCV3,Pneumoccocal conjugate vaccines (PCV3) immunization coverage among 1-year-olds (%),https://www.who.int/data/gho/data/indicators/indicator-details/GHO/pneumoccocal-conjugate-vaccines-%28pcv3%29-immunization-coverage-among-1-year-olds-%28-%29,2019,2019,2019,EMR,Eastern Mediterranean,SOM,Somalia,,,,0.0,0,,
WHS4_543,BCG immunization coverage among 1-year-olds (%),https://www.who.int/data/gho/data/indicators/indicator-details/GHO/bcg-immunization-coverage-among-1-year-olds-%28-%29,2003,2003,2003,EMR,Eastern Mediterranean,SOM,Somalia,,,,65.0,65,,
WHS3_49,Poliomyelitis - number of reported cases,https://www.who.int/data/gho/data/indicators/indicator-details/GHO/poliomyelitis---number-of-reported-cases,2015,2015,2015,EMR,Eastern Mediterranean,SOM,Somalia,,,,0.0,0,,
MCV2,Measles-containing-vaccine second-dose (MCV2) immunization coverage by the nationally recommended age (%),https://www.who.int/data/gho/data/indicators/indicator-details/GHO/measles-containing-vaccine-second-dose-%28mcv2%29-immunization-coverage-by-the-nationally-recommended-age-%28-%29,2011,2011,2011,EMR,Eastern Mediterranean,SOM,Somalia,,,,0.0,0,,
WHS3_46,Total tetanus - number of reported cases,https://www.who.int/data/gho/data/indicators/indicator-details/GHO/total-tetanus---number-of-reported-cases,2009,2009,2009,EMR,Eastern Mediterranean,SOM,Somalia,,,,53.0,53,,
WHS8_110,Measles-containing-vaccine first-dose (MCV1) immunization coverage among 1-year-olds (%),https://www.who.int/data/gho/data/indicators/indicator-details/GHO/measles-containing-vaccine-first-dose-%28mcv1%29-immunization-coverage-among-1-year-olds-%28-%29,2022,2022,2022,EMR,Eastern Mediterranean,SOM,Somalia,,,,69.0,69,,
WHS3_41,Diphtheria - number of reported cases,https://www.who.int/data/gho/data/indicators/indicator-details/GHO/diphtheria---number-of-reported-cases,2019,2019,2019,EMR,Eastern Mediterranean,SOM,Somalia,,,,0.0,0,,
WHS3_62,Measles - number of reported cases,https://www.who.int/data/gho/data/indicators/indicator-details/GHO/measles---number-of-reported-cases,2022,2022,2022,EMR,Eastern Mediterranean,SOM,Somalia,,,,17361.0,17 361,,
WHS3_46,Total tetanus - number of reported cases,https://www.who.int/data/gho/data/indicators/indicator-details/GHO/total-tetanus---number-of-reported-cases,1987,1987,1987,EMR,Eastern Mediterranean,SOM,Somalia,,,,192.0,192,,
WHS4_117,Hepatitis B (HepB3) immunization coverage among 1-year-olds (%),https://www.who.int/data/gho/data/indicators/indicator-details/GHO/hepatitis-b-%28hepb3%29-immunization-coverage-among-1-year-olds-%28-%29,2015,2015,2015,EMR,Eastern Mediterranean,SOM,Somalia,,,,48.0,48,,
WHS3_41,Diphtheria - number of reported cases,https://www.who.int/data/gho/data/indicators/indicator-details/GHO/diphtheria---number-of-reported-cases,2018,2018,2018,EMR,Eastern Mediterranean,SOM,Somalia,,,,6.0,6,,
WHS4_544,Polio (Pol3) immunization coverage among 1-year-olds (%),https://www.who.int/data/gho/data/indicators/indicator-details/GHO/polio-%28pol3%29-immunization-coverage-among-1-year-olds-%28-%29,2013,2013,2013,EMR,Eastern Mediterranean,SOM,Somalia,,,,48.0,48,,
WHS3_56,Neonatal tetanus - number of reported cases,https://www.who.int/data/gho/data/indicators/indicator-details/GHO/neonatal-tetanus---number-of-reported-cases,1988,1988,1988,EMR,Eastern Mediterranean,SOM,Somalia,,,,159.0,159,,
WHS4_544,Polio (Pol3) immunization coverage among 1-year-olds (%),https://www.who.int/data/gho/data/indicators/indicator-details/GHO/polio-%28pol3%29-immunization-coverage-among-1-year-olds-%28-%29,2002,2002,2002,EMR,Eastern Mediterranean,SOM,Somalia,,,,40.0,40,,
WHS3_43,Pertussis - number of reported cases,https://www.who.int/data/gho/data/indicators/indicator-details/GHO/pertussis-number-of-reported-cases,2018,2018,2018,EMR,Eastern Mediterranean,SOM,Somalia,,,,114.0,114,,
WHS4_117,Hepatitis B (HepB3) immunization coverage among 1-year-olds (%),https://www.who.int/data/gho/data/indicators/indicator-details/GHO/hepatitis-b-%28hepb3%29-immunization-coverage-among-1-year-olds-%28-%29,2010,2010,2010,EMR,Eastern Mediterranean,SOM,Somalia,,,,0.0,0,,
WHS3_49,Poliomyelitis - number of reported cases,https://www.who.int/data/gho/data/indicators/indicator-details/GHO/poliomyelitis---number-of-reported-cases,1999,1999,1999,EMR,Eastern Mediterranean,SOM,Somalia,,,,19.0,19,,
WHS3_49,Poliomyelitis - number of reported cases,https://www.who.int/data/gho/data/indicators/indicator-details/GHO/poliomyelitis---number-of-reported-cases,2017,2017,2017,EMR,Eastern Mediterranean,SOM,Somalia,,,,0.0,0,,
WHS3_46,Total tetanus - number of reported cases,https://www.who.int/data/gho/data/indicators/indicator-details/GHO/total-tetanus---number-of-reported-cases,2013,2013,2013,EMR,Eastern Mediterranean,SOM,Somalia,,,,321.0,321,,
WHS4_129,Hib (Hib3) immunization coverage among 1-year-olds (%),https://www.who.int/data/gho/data/indicators/indicator-details/GHO/hib-hib3-immunization-coverage-among-1-year-olds,2011,2011,2011,EMR,Eastern Mediterranean,SOM,Somalia,,,,0.0,0,,
MCV2,Measles-containing-vaccine second-dose (MCV2) immunization coverage by the nationally recommended age (%),https://www.who.int/data/gho/data/indicators/indicator-details/GHO/measles-containing-vaccine-second-dose-%28mcv2%29-immunization-coverage-by-the-nationally-recommended-age-%28-%29,2003,2003,2003,EMR,Eastern Mediterranean,SOM,Somalia,,,,0.0,0,,
WHS8_110,Measles-containing-vaccine first-dose (MCV1) immunization coverage among 1-year-olds (%),https://www.who.int/data/gho/data/indicators/indicator-details/GHO/measles-containing-vaccine-first-dose-%28mcv1%29-immunization-coverage-among-1-year-olds-%28-%29,2013,2013,2013,EMR,Eastern Mediterranean,SOM,Somalia,,,,47.0,47,,
MCV2,Measles-containing-vaccine second-dose (MCV2) immunization coverage by the nationally recommended age (%),https://www.who.int/data/gho/data/indicators/indicator-details/GHO/measles-containing-vaccine-second-dose-%28mcv2%29-immunization-coverage-by-the-nationally-recommended-age-%28-%29,2020,2020,2020,EMR,Eastern Mediterranean,SOM,Somalia,,,,0.0,0,,
WHS4_129,Hib (Hib3) immunization coverage among 1-year-olds (%),https://www.who.int/data/gho/data/indicators/indicator-details/GHO/hib-hib3-immunization-coverage-among-1-year-olds,2020,2020,2020,EMR,Eastern Mediterranean,SOM,Somalia,,,,55.0,55,,
WHS4_129,Hib (Hib3) immunization coverage among 1-year-olds (%),https://www.who.int/data/gho/data/indicators/indicator-details/GHO/hib-hib3-immunization-coverage-among-1-year-olds,2007,2007,2007,EMR,Eastern Mediterranean,SOM,Somalia,,,,0.0,0,,
WHS4_117,Hepatitis B (HepB3) immunization coverage among 1-year-olds (%),https://www.who.int/data/gho/data/indicators/indicator-details/GHO/hepatitis-b-%28hepb3%29-immunization-coverage-among-1-year-olds-%28-%29,2002,2002,2002,EMR,Eastern Mediterranean,SOM,Somalia,,,,0.0,0,,
WHS3_49,Poliomyelitis - number of reported cases,https://www.who.int/data/gho/data/indicators/indicator-details/GHO/poliomyelitis---number-of-reported-cases,1997,1997,1997,EMR,Eastern Mediterranean,SOM,Somalia,,,,1.0,1,,
WHS8_110,Measles-containing-vaccine first-dose (MCV1) immunization coverage among 1-year-olds (%),https://www.who.int/data/gho/data/indicators/indicator-details/GHO/measles-containing-vaccine-first-dose-%28mcv1%29-immunization-coverage-among-1-year-olds-%28-%29,2020,2020,2020,EMR,Eastern Mediterranean,SOM,Somalia,,,,52.0,52,,
WHS4_544,Polio (Pol3) immunization coverage among 1-year-olds (%),https://www.who.int/data/gho/data/indicators/indicator-details/GHO/polio-%28pol3%29-immunization-coverage-among-1-year-olds-%28-%29,2005,2005,2005,EMR,Eastern Mediterranean,SOM,Somalia,,,,35.0,35,,
WHS3_62,Measles - number of reported cases,https://www.who.int/data/gho/data/indicators/indicator-details/GHO/measles---number-of-reported-cases,2008,2008,2008,EMR,Eastern Mediterranean,SOM,Somalia,,,,1081.0,1081,,
WHS3_43,Pertussis - number of reported cases,https://www.who.int/data/gho/data/indicators/indicator-details/GHO/pertussis-number-of-reported-cases,1983,1983,1983,EMR,Eastern Mediterranean,SOM,Somalia,,,,668.0,668,,
WHS4_543,BCG immunization coverage among 1-year-olds (%),https://www.who.int/data/gho/data/indicators/indicator-details/GHO/bcg-immunization-coverage-among-1-year-olds-%28-%29,2015,2015,2015,EMR,Eastern Mediterranean,SOM,Somalia,,,,45.0,45,,
WHS4_128,Neonates protected at birth against neonatal tetanus (PAB) (%),https://www.who.int/data/gho/data/indicators/indicator-details/GHO/neonates-protected-at-birth-against-neonatal-tetanus-%28pab%29-%28-%29,2015,2015,2015,EMR,Eastern Mediterranean,SOM,Somalia,,,,67.0,67,,
WHS4_129,Hib (Hib3) immunization coverage among 1-year-olds (%),https://www.who.int/data/gho/data/indicators/indicator-details/GHO/hib-hib3-immunization-coverage-among-1-year-olds,2012,2012,2012,EMR,Eastern Mediterranean,SOM,Somalia,,,,0.0,0,,
WHS3_41,Diphtheria - number of reported cases,https://www.who.int/data/gho/data/indicators/indicator-details/GHO/diphtheria---number-of-reported-cases,2013,2013,2013,EMR,Eastern Mediterranean,SOM,Somalia,,,,7.0,7,,
WHS3_43,Pertussis - number of reported cases,https://www.who.int/data/gho/data/indicators/indicator-details/GHO/pertussis-number-of-reported-cases,2013,2013,2013,EMR,Eastern Mediterranean,SOM,Somalia,,,,1001.0,1001,,
WHS3_56,Neonatal tetanus - number of reported cases,https://www.who.int/data/gho/data/indicators/indicator-details/GHO/neonatal-tetanus---number-of-reported-cases,1985,1985,1985,EMR,Eastern Mediterranean,SOM,Somalia,,,,41.0,41,,
WHS4_128,Neonates protected at birth against neonatal tetanus (PAB) (%),https://www.who.int/data/gho/data/indicators/indicator-details/GHO/neonates-protected-at-birth-against-neonatal-tetanus-%28pab%29-%28-%29,2011,2011,2011,EMR,Eastern Mediterranean,SOM,Somalia,,,,64.0,64,,
MCV2,Measles-containing-vaccine second-dose (MCV2) immunization coverage by the nationally recommended age (%),https://www.who.int/data/gho/data/indicators/indicator-details/GHO/measles-containing-vaccine-second-dose-%28mcv2%29-immunization-coverage-by-the-nationally-recommended-age-%28-%29,2010,2010,2010,EMR,Eastern Mediterranean,SOM,Somalia,,,,0.0,0,,
WHS4_543,BCG immunization coverage among 1-year-olds (%),https://www.who.int/data/gho/data/indicators/indicator-details/GHO/bcg-immunization-coverage-among-1-year-olds-%28-%29,2024,2024,2024,EMR,Eastern Mediterranean,SOM,Somalia,,,,74.0,74,,
WHS4_543,BCG immunization coverage among 1-year-olds (%),https://www.who.int/data/gho/data/indicators/indicator-details/GHO/bcg-immunization-coverage-among-1-year-olds-%28-%29,2017,2017,2017,EMR,Eastern Mediterranean,SOM,Somalia,,,,50.0,50,,
WHS3_41,Diphtheria - number of reported cases,https://www.who.int/data/gho/data/indicators/indicator-details/GHO/diphtheria---number-of-reported-cases,2024,2024,2024,EMR,Eastern Mediterranean,SOM,Somalia,,,,838.0,838,,
WHS3_46,Total tetanus - number of reported cases,https://www.who.int/data/gho/data/indicators/indicator-details/GHO/total-tetanus---number-of-reported-cases,1989,1989,1989,EMR,Eastern Mediterranean,SOM,Somalia,,,,1079.0,1079,,
WHS3_62,Measles - number of reported cases,https://www.who.int/data/gho/data/indicators/indicator-details/GHO/measles---number-of-reported-cases,1986,1986,1986,EMR,Eastern Mediterranean,SOM,Somalia,,,,70.0,70,,
WHS8_110,Measles-containing-vaccine first-dose (MCV1) immunization coverage among 1-year-olds (%),https://www.who.int/data/gho/data/indicators/indicator-details/GHO/measles-containing-vaccine-first-dose-%28mcv1%29-immunization-coverage-among-1-year-olds-%28-%29,2014,2014,2014,EMR,Eastern Mediterranean,SOM,Somalia,,,,48.0,48,,
MCV2,Measles-containing-vaccine second-dose (MCV2) immunization coverage by the nationally recommended age (%),https://www.who.int/data/gho/data/indicators/indicator-details/GHO/measles-containing-vaccine-second-dose-%28mcv2%29-immunization-coverage-by-the-nationally-recommended-age-%28-%29,2005,2005,2005,EMR,Eastern Mediterranean,SOM,Somalia,,,,0.0,0,,
WHS3_56,Neonatal tetanus - number of reported cases,https://www.who.int/data/gho/data/indicators/indicator-details/GHO/neonatal-tetanus---number-of-reported-cases,1983,1983,1983,EMR,Eastern Mediterranean,SOM,Somalia,,,,60.0,60,,
WHS3_49,Poliomyelitis - number of reported cases,https://www.who.int/data/gho/data/indicators/indicator-details/GHO/poliomyelitis---number-of-reported-cases,2002,2002,2002,EMR,Eastern Mediterranean,SOM,Somalia,,,,3.0,3,,
WHS4_117,Hepatitis B (HepB3) immunization coverage among 1-year-olds (%),https://www.who.int/data/gho/data/indicators/indicator-details/GHO/hepatitis-b-%28hepb3%29-immunization-coverage-among-1-year-olds-%28-%29,2016,2016,2016,EMR,Eastern Mediterranean,SOM,Somalia,,,,49.0,49,,
WHS3_41,Diphtheria - number of reported cases,https://www.who.int/data/gho/data/indicators/indicator-details/GHO/diphtheria---number-of-reported-cases,1998,1998,1998,EMR,Eastern Mediterranean,SOM,Somalia,,,,0.0,0,,
WHS4_544,Polio (Pol3) immunization coverage among 1-year-olds (%),https://www.who.int/data/gho/data/indicators/indicator-details/GHO/polio-%28pol3%29-immunization-coverage-among-1-year-olds-%28-%29,2022,2022,2022,EMR,Eastern Mediterranean,SOM,Somalia,,,,72.0,72,,
WHS4_544,Polio (Pol3) immunization coverage among 1-year-olds (%),https://www.who.int/data/gho/data/indicators/indicator-details/GHO/polio-%28pol3%29-immunization-coverage-among-1-year-olds-%28-%29,2003,2003,2003,EMR,Eastern Mediterranean,SOM,Somalia,,,,40.0,40,,
WHS4_543,BCG immunization coverage among 1-year-olds (%),https://www.who.int/data/gho/data/indicators/indicator-details/GHO/bcg-immunization-coverage-among-1-year-olds-%28-%29,2022,2022,2022,EMR,Eastern Mediterranean,SOM,Somalia,,,,75.0,75,,
WHS3_62,Measles - number of reported cases,https://www.who.int/data/gho/data/indicators/indicator-details/GHO/measles---number-of-reported-cases,1985,1985,1985,EMR,Eastern Mediterranean,SOM,Somalia,,,,128.0,128,,
MCV2,Measles-containing-vaccine second-dose (MCV2) immunization coverage by the nationally recommended age (%),https://www.who.int/data/gho/data/indicators/indicator-details/GHO/measles-containing-vaccine-second-dose-%28mcv2%29-immunization-coverage-by-the-nationally-recommended-age-%28-%29,2018,2018,2018,EMR,Eastern Mediterranean,SOM,Somalia,,,,0.0,0,,
ROTAC,Rotavirus vaccines completed dose (RotaC) immunization coverage among 1-year-olds (%),https://www.who.int/data/gho/data/indicators/indicator-details/GHO/rotavirus-vaccines-completed-dose-%28rotac%29-immunization-coverage-among-1-year-olds-%28-%29,2016,2016,2016,EMR,Eastern Mediterranean,SOM,Somalia,,,,0.0,0,,
ROTAC,Rotavirus vaccines completed dose (RotaC) immunization coverage among 1-year-olds (%),https://www.who.int/data/gho/data/indicators/indicator-details/GHO/rotavirus-vaccines-completed-dose-%28rotac%29-immunization-coverage-among-1-year-olds-%28-%29,2007,2007,2007,EMR,Eastern Mediterranean,SOM,Somalia,,,,0.0,0,,
WHS3_62,Measles - number of reported cases,https://www.who.int/data/gho/data/indicators/indicator-details/GHO/measles---number-of-reported-cases,2013,2013,2013,EMR,Eastern Mediterranean,SOM,Somalia,,,,3173.0,3173,,
ROTAC,Rotavirus vaccines completed dose (RotaC) immunization coverage among 1-year-olds (%),https://www.who.int/data/gho/data/indicators/indicator-details/GHO/rotavirus-vaccines-completed-dose-%28rotac%29-immunization-coverage-among-1-year-olds-%28-%29,2009,2009,2009,EMR,Eastern Mediterranean,SOM,Somalia,,,,0.0,0,,
WHS4_543,BCG immunization coverage among 1-year-olds (%),https://www.who.int/data/gho/data/indicators/indicator-details/GHO/bcg-immunization-coverage-among-1-year-olds-%28-%29,2012,2012,2012,EMR,Eastern Mediterranean,SOM,Somalia,,,,37.0,37,,
PCV3,Pneumoccocal conjugate vaccines (PCV3) immunization coverage among 1-year-olds (%),https://www.who.int/data/gho/data/indicators/indicator-details/GHO/pneumoccocal-conjugate-vaccines-%28pcv3%29-immunization-coverage-among-1-year-olds-%28-%29,2012,2012,2012,EMR,Eastern Mediterranean,SOM,Somalia,,,,0.0,0,,
WHS3_49,Poliomyelitis - number of reported cases,https://www.who.int/data/gho/data/indicators/indicator-details/GHO/poliomyelitis---number-of-reported-cases,1983,1983,1983,EMR,Eastern Mediterranean,SOM,Somalia,,,,70.0,70,,
WHS3_62,Measles - number of reported cases,https://www.who.int/data/gho/data/indicators/indicator-details/GHO/measles---number-of-reported-cases,2024,2024,2024,EMR,Eastern Mediterranean,SOM,Somalia,,,,1529.0,1529,,
WHS4_129,Hib (Hib3) immunization coverage among 1-year-olds (%),https://www.who.int/data/gho/data/indicators/indicator-details/GHO/hib-hib3-immunization-coverage-among-1-year-olds,2017,2017,2017,EMR,Eastern Mediterranean,SOM,Somalia,,,,51.0,51,,
WHS3_50,Yellow fever - number of reported cases,https://www.who.int/data/gho/data/indicators/indicator-details/GHO/yellow-fever-number-of-reported-cases,2019,2019,2019,EMR,Eastern Mediterranean,SOM,Somalia,,,,0.0,0,,
WHS3_43,Pertussis - number of reported cases,https://www.who.int/data/gho/data/indicators/indicator-details/GHO/pertussis-number-of-reported-cases,1986,1986,1986,EMR,Eastern Mediterranean,SOM,Somalia,,,,39.0,39,,
WHS3_41,Diphtheria - number of reported cases,https://www.who.int/data/gho/data/indicators/indicator-details/GHO/diphtheria---number-of-reported-cases,1987,1987,1987,EMR,Eastern Mediterranean,SOM,Somalia,,,,7.0,7,,
WHS3_41,Diphtheria - number of reported cases,https://www.who.int/data/gho/data/indicators/indicator-details/GHO/diphtheria---number-of-reported-cases,2020,2020,2020,EMR,Eastern Mediterranean,SOM,Somalia,,,,0.0,0,,
WHS3_49,Poliomyelitis - number of reported cases,https://www.who.int/data/gho/data/indicators/indicator-details/GHO/poliomyelitis---number-of-reported-cases,2004,2004,2004,EMR,Eastern Mediterranean,SOM,Somalia,,,,0.0,0,,
WHS8_110,Measles-containing-vaccine first-dose (MCV1) immunization coverage among 1-year-olds (%),https://www.who.int/data/gho/data/indicators/indicator-details/GHO/measles-containing-vaccine-first-dose-%28mcv1%29-immunization-coverage-among-1-year-olds-%28-%29,2011,2011,2011,EMR,Eastern Mediterranean,SOM,Somalia,,,,46.0,46,,
WHS3_62,Measles - number of reported cases,https://www.who.int/data/gho/data/indicators/indicator-details/GHO/measles---number-of-reported-cases,1999,1999,1999,EMR,Eastern Mediterranean,SOM,Somalia,,,,5523.0,5523,,
MCV2,Measles-containing-vaccine second-dose (MCV2) immunization coverage by the nationally recommended age (%),https://www.who.int/data/gho/data/indicators/indicator-details/GHO/measles-containing-vaccine-second-dose-%28mcv2%29-immunization-coverage-by-the-nationally-recommended-age-%28-%29,2016,2016,2016,EMR,Eastern Mediterranean,SOM,Somalia,,,,0.0,0,,
WHS4_544,Polio (Pol3) immunization coverage among 1-year-olds (%),https://www.who.int/data/gho/data/indicators/indicator-details/GHO/polio-%28pol3%29-immunization-coverage-among-1-year-olds-%28-%29,2014,2014,2014,EMR,Eastern Mediterranean,SOM,Somalia,,,,49.0,49,,
MCV2,Measles-containing-vaccine second-dose (MCV2) immunization coverage by the nationally recommended age (%),https://www.who.int/data/gho/data/indicators/indicator-details/GHO/measles-containing-vaccine-second-dose-%28mcv2%29-immunization-coverage-by-the-nationally-recommended-age-%28-%29,2023,2023,2023,EMR,Eastern Mediterranean,SOM,Somalia,,,,18.0,18,,
WHS8_110,Measles-containing-vaccine first-dose (MCV1) immunization coverage among 1-year-olds (%),https://www.who.int/data/gho/data/indicators/indicator-details/GHO/measles-containing-vaccine-first-dose-%28mcv1%29-immunization-coverage-among-1-year-olds-%28-%29,2021,2021,2021,EMR,Eastern Mediterranean,SOM,Somalia,,,,58.0,58,,
WHS4_543,BCG immunization coverage among 1-year-olds (%),https://www.who.int/data/gho/data/indicators/indicator-details/GHO/bcg-immunization-coverage-among-1-year-olds-%28-%29,2014,2014,2014,EMR,Eastern Mediterranean,SOM,Somalia,,,,42.0,42,,
WHS3_62,Measles - number of reported cases,https://www.who.int/data/gho/data/indicators/indicator-details/GHO/measles---number-of-reported-cases,2017,2017,2017,EMR,Eastern Mediterranean,SOM,Somalia,,,,23039.0,23 039,,
MCV2,Measles-containing-vaccine second-dose (MCV2) immunization coverage by the nationally recommended age (%),https://www.who.int/data/gho/data/indicators/indicator-details/GHO/measles-containing-vaccine-second-dose-%28mcv2%29-immunization-coverage-by-the-nationally-recommended-age-%28-%29,2024,2024,2024,EMR,Eastern Mediterranean,SOM,Somalia,,,,32.0,32,,
WHS8_110,Measles-containing-vaccine first-dose (MCV1) immunization coverage among 1-year-olds (%),https://www.who.int/data/gho/data/indicators/indicator-details/GHO/measles-containing-vaccine-first-dose-%28mcv1%29-immunization-coverage-among-1-year-olds-%28-%29,2023,2023,2023,EMR,Eastern Mediterranean,SOM,Somalia,,,,63.0,63,,
WHS4_129,Hib (Hib3) immunization coverage among 1-year-olds (%),https://www.who.int/data/gho/data/indicators/indicator-details/GHO/hib-hib3-immunization-coverage-among-1-year-olds,2006,2006,2006,EMR,Eastern Mediterranean,SOM,Somalia,,,,0.0,0,,
