GHO (CODE),GHO (DISPLAY),GHO (URL),YEAR (DISPLAY),STARTYEAR,ENDYEAR,REGION (CODE),REGION (DISPLAY),COUNTRY (CODE),COUNTRY (DISPLAY),DIMENSION (TYPE),DIMENSION (CODE),DIMENSION (NAME),Numeric,Value,Low,High
#indicator+code,#indicator+name,#indicator+url,#date+year,#date+year+start,#date+year+end,#region+code,#region+name,#country+code,#country+name,#dimension+type,#dimension+code,#dimension+name,#indicator+value+num,#indicator+value,#indicator+value+low,#indicator+value+high
MALARIA_EST_INCIDENCE,Estimated malaria incidence (per 1000 population at risk),https://www.who.int/data/gho/data/indicators/indicator-details/GHO/malaria-incidence-%28per-1-000-population-at-risk%29,2015,2015,2015,EMR,Eastern Mediterranean,SOM,Somalia,,,,57.9479354,57.95 [36.88-87.30],36.87633551,87.29580864
MALARIA_EST_MORTALITY,Estimated malaria mortality rate (per 100 000 population),https://www.who.int/data/gho/data/indicators/indicator-details/GHO/estimated-malaria-mortality-rate-per-100-000-population,2012,2012,2012,EMR,Eastern Mediterranean,SOM,Somalia,,,,8.747179235,8.75 [3.66-15.66],3.659370396,15.65704958
MALARIA_TOTAL_CASES,Total number of  malaria cases (presumed + confirmed cases),https://www.who.int/data/gho/data/indicators/indicator-details/GHO/total-number-of-malaria-cases-presumed-confirmed-cases,2022,2022,2022,EMR,Eastern Mediterranean,SOM,Somalia,,,,23450.0,23 450,,
MALARIA_CONF_CASES,Number of confirmed malaria cases,https://www.who.int/data/gho/data/indicators/indicator-details/GHO/number-confirmed-malaria-cases,2015,2015,2015,EMR,Eastern Mediterranean,SOM,Somalia,,,,20953.0,20 953,,
MALARIA_MICR_TEST,Number of malaria suspects examined by microscopy,https://www.who.int/data/gho/data/indicators/indicator-details/GHO/number-of-malaria-suspects-examined-by-microscopy,2019,2019,2019,EMR,Eastern Mediterranean,SOM,Somalia,,,,59494.0,59 494,,
MALARIA_MICR_POS,Number of malaria positive cases by microscopy,https://www.who.int/data/gho/data/indicators/indicator-details/GHO/number-of-malaria-positive-cases-by-microscopy,2023,2023,2023,EMR,Eastern Mediterranean,SOM,Somalia,,,,4506.0,4506,,
MALARIA_EST_MORTALITY,Estimated malaria mortality rate (per 100 000 population),https://www.who.int/data/gho/data/indicators/indicator-details/GHO/estimated-malaria-mortality-rate-per-100-000-population,2021,2021,2021,EMR,Eastern Mediterranean,SOM,Somalia,,,,14.26633381,14.27 [5.63-27.46],5.633435932,27.46196884
MALARIA_EST_INCIDENCE,Estimated malaria incidence (per 1000 population at risk),https://www.who.int/data/gho/data/indicators/indicator-details/GHO/malaria-incidence-%28per-1-000-population-at-risk%29,2013,2013,2013,EMR,Eastern Mediterranean,SOM,Somalia,,,,41.12553978,41.13 [28.30-57.50],28.30376584,57.50495509
MALARIA_EST_MORTALITY,Estimated malaria mortality rate (per 100 000 population),https://www.who.int/data/gho/data/indicators/indicator-details/GHO/estimated-malaria-mortality-rate-per-100-000-population,2015,2015,2015,EMR,Eastern Mediterranean,SOM,Somalia,,,,14.18849315,14.19 [5.68-26.49],5.67829435,26.49387849
MALARIA_SUSPECTS,Number of suspected malaria cases,https://www.who.int/data/gho/data/indicators/indicator-details/GHO/number-of-suspected-malaria-cases,2023,2023,2023,EMR,Eastern Mediterranean,SOM,Somalia,,,,330488.0,330 488,,
MALARIA_RDT_POS,Number of malaria positive cases by rapid diagnostic test (RDT),https://www.who.int/data/gho/data/indicators/indicator-details/GHO/number-of-malaria-positive-cases-by-rapid-diagnostic-test-rdt,2022,2022,2022,EMR,Eastern Mediterranean,SOM,Somalia,,,,7376.0,7376,,
MALARIA_EST_MORTALITY,Estimated malaria mortality rate (per 100 000 population),https://www.who.int/data/gho/data/indicators/indicator-details/GHO/estimated-malaria-mortality-rate-per-100-000-population,2005,2005,2005,EMR,Eastern Mediterranean,SOM,Somalia,,,,33.4923303,33.49 [14.50-58.31],14.49588453,58.31352917
MALARIA_EST_INCIDENCE,Estimated malaria incidence (per 1000 population at risk),https://www.who.int/data/gho/data/indicators/indicator-details/GHO/malaria-incidence-%28per-1-000-population-at-risk%29,2001,2001,2001,EMR,Eastern Mediterranean,SOM,Somalia,,,,140.5031237,140.50 [89.48-210.75],89.47566466,210.7471191
MALARIA_EST_INCIDENCE,Estimated malaria incidence (per 1000 population at risk),https://www.who.int/data/gho/data/indicators/indicator-details/GHO/malaria-incidence-%28per-1-000-population-at-risk%29,2021,2021,2021,EMR,Eastern Mediterranean,SOM,Somalia,,,,64.45198432,64.45 [38.82-100.65],38.82071063,100.6485392
MALARIA_PF_INDIG,Number of indigenous P. falciparum malaria cases,https://www.who.int/data/gho/data/indicators/indicator-details/GHO/number-of-indigenous-p.-falciparum-malaria-cases,2023,2023,2023,EMR,Eastern Mediterranean,SOM,Somalia,,,,13437.0,13 437,,
MALARIA_EST_MORTALITY,Estimated malaria mortality rate (per 100 000 population),https://www.who.int/data/gho/data/indicators/indicator-details/GHO/estimated-malaria-mortality-rate-per-100-000-population,2004,2004,2004,EMR,Eastern Mediterranean,SOM,Somalia,,,,30.64877554,30.65 [13.00-53.84],13.00457407,53.83718585
MALARIA_RDT_POS,Number of malaria positive cases by rapid diagnostic test (RDT),https://www.who.int/data/gho/data/indicators/indicator-details/GHO/number-of-malaria-positive-cases-by-rapid-diagnostic-test-rdt,2017,2017,2017,EMR,Eastern Mediterranean,SOM,Somalia,,,,35138.0,35 138,,
MALARIA_EST_INCIDENCE,Estimated malaria incidence (per 1000 population at risk),https://www.who.int/data/gho/data/indicators/indicator-details/GHO/malaria-incidence-%28per-1-000-population-at-risk%29,2004,2004,2004,EMR,Eastern Mediterranean,SOM,Somalia,,,,119.7429471,119.74 [85.89-162.46],85.88937086,162.4551381
MALARIA_PV_INDIG,Number of indigenous P. vivax malaria cases,https://www.who.int/data/gho/data/indicators/indicator-details/GHO/number-of-indigenous-p.-vivax-malaria-cases,2019,2019,2019,EMR,Eastern Mediterranean,SOM,Somalia,,,,2921.0,2921,,
MALARIA_MICR_POS,Number of malaria positive cases by microscopy,https://www.who.int/data/gho/data/indicators/indicator-details/GHO/number-of-malaria-positive-cases-by-microscopy,2021,2021,2021,EMR,Eastern Mediterranean,SOM,Somalia,,,,4463.0,4463,,
MALARIA_EST_MORTALITY,Estimated malaria mortality rate (per 100 000 population),https://www.who.int/data/gho/data/indicators/indicator-details/GHO/estimated-malaria-mortality-rate-per-100-000-population,2006,2006,2006,EMR,Eastern Mediterranean,SOM,Somalia,,,,30.27652223,30.28 [13.08-52.67],13.08345742,52.67231081
MALARIA_PV_INDIG,Number of indigenous P. vivax malaria cases,https://www.who.int/data/gho/data/indicators/indicator-details/GHO/number-of-indigenous-p.-vivax-malaria-cases,2021,2021,2021,EMR,Eastern Mediterranean,SOM,Somalia,,,,2048.0,2048,,
MALARIA_INDIG,Number of indigenous malaria cases,https://www.who.int/data/gho/data/indicators/indicator-details/GHO/number-of-indigenous-malaria-cases,2023,2023,2023,EMR,Eastern Mediterranean,SOM,Somalia,,,,13598.0,13 598,,
MALARIA_EST_MORTALITY,Estimated malaria mortality rate (per 100 000 population),https://www.who.int/data/gho/data/indicators/indicator-details/GHO/estimated-malaria-mortality-rate-per-100-000-population,2013,2013,2013,EMR,Eastern Mediterranean,SOM,Somalia,,,,10.40436862,10.40 [4.31-18.52],4.312490355,18.51690115
MALARIA_INDIG,Number of indigenous malaria cases,https://www.who.int/data/gho/data/indicators/indicator-details/GHO/number-of-indigenous-malaria-cases,2022,2022,2022,EMR,Eastern Mediterranean,SOM,Somalia,,,,11550.0,11 550,,
MALARIA_EST_INCIDENCE,Estimated malaria incidence (per 1000 population at risk),https://www.who.int/data/gho/data/indicators/indicator-details/GHO/malaria-incidence-%28per-1-000-population-at-risk%29,2017,2017,2017,EMR,Eastern Mediterranean,SOM,Somalia,,,,54.58746745,54.59 [30.62-90.17],30.61705999,90.16953495
MALARIA_EST_INCIDENCE,Estimated malaria incidence (per 1000 population at risk),https://www.who.int/data/gho/data/indicators/indicator-details/GHO/malaria-incidence-%28per-1-000-population-at-risk%29,2010,2010,2010,EMR,Eastern Mediterranean,SOM,Somalia,,,,40.27693913,40.28 [28.12-55.76],28.12140651,55.75762558
MALARIA_PRES_CASES,Number of presumed malaria cases,https://www.who.int/data/gho/data/indicators/indicator-details/GHO/number-of-presumed-malaria-cases,2016,2016,2016,EMR,Eastern Mediterranean,SOM,Somalia,,,,22393.0,22 393,,
MALARIA_EST_INCIDENCE,Estimated malaria incidence (per 1000 population at risk),https://www.who.int/data/gho/data/indicators/indicator-details/GHO/malaria-incidence-%28per-1-000-population-at-risk%29,2020,2020,2020,EMR,Eastern Mediterranean,SOM,Somalia,,,,55.72262403,55.72 [36.52-81.72],36.51950852,81.72394586
MALARIA_PV_INDIG,Number of indigenous P. vivax malaria cases,https://www.who.int/data/gho/data/indicators/indicator-details/GHO/number-of-indigenous-p.-vivax-malaria-cases,2022,2022,2022,EMR,Eastern Mediterranean,SOM,Somalia,,,,762.0,762,,
MALARIA_EST_INCIDENCE,Estimated malaria incidence (per 1000 population at risk),https://www.who.int/data/gho/data/indicators/indicator-details/GHO/malaria-incidence-%28per-1-000-population-at-risk%29,2014,2014,2014,EMR,Eastern Mediterranean,SOM,Somalia,,,,49.501439,49.50 [33.71-70.20],33.7108646,70.20364758
MALARIA_INDIG,Number of indigenous malaria cases,https://www.who.int/data/gho/data/indicators/indicator-details/GHO/number-of-indigenous-malaria-cases,2015,2015,2015,EMR,Eastern Mediterranean,SOM,Somalia,,,,20953.0,20 953,,
MALARIA_TOTAL_CASES,Total number of  malaria cases (presumed + confirmed cases),https://www.who.int/data/gho/data/indicators/indicator-details/GHO/total-number-of-malaria-cases-presumed-confirmed-cases,2015,2015,2015,EMR,Eastern Mediterranean,SOM,Somalia,,,,39169.0,39 169,,
MALARIA_EST_MORTALITY,Estimated malaria mortality rate (per 100 000 population),https://www.who.int/data/gho/data/indicators/indicator-details/GHO/estimated-malaria-mortality-rate-per-100-000-population,2020,2020,2020,EMR,Eastern Mediterranean,SOM,Somalia,,,,14.26324485,14.26 [5.82-26.56],5.819403898,26.55681065
MALARIA_INDIG,Number of indigenous malaria cases,https://www.who.int/data/gho/data/indicators/indicator-details/GHO/number-of-indigenous-malaria-cases,2017,2017,2017,EMR,Eastern Mediterranean,SOM,Somalia,,,,35138.0,35 138,,
MALARIA_EST_MORTALITY,Estimated malaria mortality rate (per 100 000 population),https://www.who.int/data/gho/data/indicators/indicator-details/GHO/estimated-malaria-mortality-rate-per-100-000-population,2002,2002,2002,EMR,Eastern Mediterranean,SOM,Somalia,,,,34.08354479,34.08 [13.58-62.96],13.58106224,62.96345898
MALARIA_RDT_POS,Number of malaria positive cases by rapid diagnostic test (RDT),https://www.who.int/data/gho/data/indicators/indicator-details/GHO/number-of-malaria-positive-cases-by-rapid-diagnostic-test-rdt,2015,2015,2015,EMR,Eastern Mediterranean,SOM,Somalia,,,,20953.0,20 953,,
MALARIA_INDIG,Number of indigenous malaria cases,https://www.who.int/data/gho/data/indicators/indicator-details/GHO/number-of-indigenous-malaria-cases,2020,2020,2020,EMR,Eastern Mediterranean,SOM,Somalia,,,,27333.0,27 333,,
MALARIA_SUSPECTS,Number of suspected malaria cases,https://www.who.int/data/gho/data/indicators/indicator-details/GHO/number-of-suspected-malaria-cases,2018,2018,2018,EMR,Eastern Mediterranean,SOM,Somalia,,,,253220.0,253 220,,
MALARIA_PRES_CASES,Number of presumed malaria cases,https://www.who.int/data/gho/data/indicators/indicator-details/GHO/number-of-presumed-malaria-cases,2022,2022,2022,EMR,Eastern Mediterranean,SOM,Somalia,,,,11900.0,11 900,,
MALARIA_RDT_POS,Number of malaria positive cases by rapid diagnostic test (RDT),https://www.who.int/data/gho/data/indicators/indicator-details/GHO/number-of-malaria-positive-cases-by-rapid-diagnostic-test-rdt,2023,2023,2023,EMR,Eastern Mediterranean,SOM,Somalia,,,,9092.0,9092,,
MALARIA_PF_INDIG,Number of indigenous P. falciparum malaria cases,https://www.who.int/data/gho/data/indicators/indicator-details/GHO/number-of-indigenous-p.-falciparum-malaria-cases,2022,2022,2022,EMR,Eastern Mediterranean,SOM,Somalia,,,,10788.0,10 788,,
MALARIA_PRES_CASES,Number of presumed malaria cases,https://www.who.int/data/gho/data/indicators/indicator-details/GHO/number-of-presumed-malaria-cases,2021,2021,2021,EMR,Eastern Mediterranean,SOM,Somalia,,,,37681.0,37 681,,
MALARIA_RDT_POS,Number of malaria positive cases by rapid diagnostic test (RDT),https://www.who.int/data/gho/data/indicators/indicator-details/GHO/number-of-malaria-positive-cases-by-rapid-diagnostic-test-rdt,2018,2018,2018,EMR,Eastern Mediterranean,SOM,Somalia,,,,31021.0,31 021,,
MALARIA_RDT_POS,Number of malaria positive cases by rapid diagnostic test (RDT),https://www.who.int/data/gho/data/indicators/indicator-details/GHO/number-of-malaria-positive-cases-by-rapid-diagnostic-test-rdt,2021,2021,2021,EMR,Eastern Mediterranean,SOM,Somalia,,,,8504.0,8504,,
MALARIA_PRES_CASES,Number of presumed malaria cases,https://www.who.int/data/gho/data/indicators/indicator-details/GHO/number-of-presumed-malaria-cases,2023,2023,2023,EMR,Eastern Mediterranean,SOM,Somalia,,,,90.0,90,,
MALARIA_EST_INCIDENCE,Estimated malaria incidence (per 1000 population at risk),https://www.who.int/data/gho/data/indicators/indicator-details/GHO/malaria-incidence-%28per-1-000-population-at-risk%29,2005,2005,2005,EMR,Eastern Mediterranean,SOM,Somalia,,,,130.841147,130.84 [95.18-175.20],95.18134852,175.2043831
MALARIA_EST_INCIDENCE,Estimated malaria incidence (per 1000 population at risk),https://www.who.int/data/gho/data/indicators/indicator-details/GHO/malaria-incidence-%28per-1-000-population-at-risk%29,2018,2018,2018,EMR,Eastern Mediterranean,SOM,Somalia,,,,59.99118847,59.99 [37.64-92.01],37.64201922,92.01258296
MALARIA_CONF_CASES,Number of confirmed malaria cases,https://www.who.int/data/gho/data/indicators/indicator-details/GHO/number-confirmed-malaria-cases,2023,2023,2023,EMR,Eastern Mediterranean,SOM,Somalia,,,,13598.0,13 598,,
MALARIA_EST_INCIDENCE,Estimated malaria incidence (per 1000 population at risk),https://www.who.int/data/gho/data/indicators/indicator-details/GHO/malaria-incidence-%28per-1-000-population-at-risk%29,2011,2011,2011,EMR,Eastern Mediterranean,SOM,Somalia,,,,33.30283112,33.30 [23.10-46.54],23.09823684,46.5421218
MALARIA_SUSPECTS,Number of suspected malaria cases,https://www.who.int/data/gho/data/indicators/indicator-details/GHO/number-of-suspected-malaria-cases,2022,2022,2022,EMR,Eastern Mediterranean,SOM,Somalia,,,,348740.0,348 740,,
MALARIA_SUSPECTS,Number of suspected malaria cases,https://www.who.int/data/gho/data/indicators/indicator-details/GHO/number-of-suspected-malaria-cases,2020,2020,2020,EMR,Eastern Mediterranean,SOM,Somalia,,,,337965.0,337 965,,
MALARIA_PRES_CASES,Number of presumed malaria cases,https://www.who.int/data/gho/data/indicators/indicator-details/GHO/number-of-presumed-malaria-cases,2018,2018,2018,EMR,Eastern Mediterranean,SOM,Somalia,,,,9.0,9,,
MALARIA_CONF_CASES,Number of confirmed malaria cases,https://www.who.int/data/gho/data/indicators/indicator-details/GHO/number-confirmed-malaria-cases,2018,2018,2018,EMR,Eastern Mediterranean,SOM,Somalia,,,,31021.0,31 021,,
MALARIA_PF_INDIG,Number of indigenous P. falciparum malaria cases,https://www.who.int/data/gho/data/indicators/indicator-details/GHO/number-of-indigenous-p.-falciparum-malaria-cases,2019,2019,2019,EMR,Eastern Mediterranean,SOM,Somalia,,,,36766.0,36 766,,
MALARIA_EST_INCIDENCE,Estimated malaria incidence (per 1000 population at risk),https://www.who.int/data/gho/data/indicators/indicator-details/GHO/malaria-incidence-%28per-1-000-population-at-risk%29,2022,2022,2022,EMR,Eastern Mediterranean,SOM,Somalia,,,,58.30479752,58.30 [35.45-91.63],35.4514297,91.63346047
MALARIA_EST_MORTALITY,Estimated malaria mortality rate (per 100 000 population),https://www.who.int/data/gho/data/indicators/indicator-details/GHO/estimated-malaria-mortality-rate-per-100-000-population,2022,2022,2022,EMR,Eastern Mediterranean,SOM,Somalia,,,,14.08276882,14.08 [5.52-27.32],5.521883426,27.31731343
MALARIA_SUSPECTS,Number of suspected malaria cases,https://www.who.int/data/gho/data/indicators/indicator-details/GHO/number-of-suspected-malaria-cases,2021,2021,2021,EMR,Eastern Mediterranean,SOM,Somalia,,,,376167.0,376 167,,
MALARIA_MICR_TEST,Number of malaria suspects examined by microscopy,https://www.who.int/data/gho/data/indicators/indicator-details/GHO/number-of-malaria-suspects-examined-by-microscopy,2022,2022,2022,EMR,Eastern Mediterranean,SOM,Somalia,,,,25182.0,25 182,,
MALARIA_EST_INCIDENCE,Estimated malaria incidence (per 1000 population at risk),https://www.who.int/data/gho/data/indicators/indicator-details/GHO/malaria-incidence-%28per-1-000-population-at-risk%29,2008,2008,2008,EMR,Eastern Mediterranean,SOM,Somalia,,,,60.41455245,60.41 [43.99-81.08],43.98621111,81.07605158
MALARIA_EST_INCIDENCE,Estimated malaria incidence (per 1000 population at risk),https://www.who.int/data/gho/data/indicators/indicator-details/GHO/malaria-incidence-%28per-1-000-population-at-risk%29,2019,2019,2019,EMR,Eastern Mediterranean,SOM,Somalia,,,,60.16653639,60.17 [40.05-88.30],40.05101594,88.29931138
MALARIA_RDT_POS,Number of malaria positive cases by rapid diagnostic test (RDT),https://www.who.int/data/gho/data/indicators/indicator-details/GHO/number-of-malaria-positive-cases-by-rapid-diagnostic-test-rdt,2020,2020,2020,EMR,Eastern Mediterranean,SOM,Somalia,,,,27333.0,27 333,,
MALARIA_CONF_CASES,Number of confirmed malaria cases,https://www.who.int/data/gho/data/indicators/indicator-details/GHO/number-confirmed-malaria-cases,2020,2020,2020,EMR,Eastern Mediterranean,SOM,Somalia,,,,27333.0,27 333,,
MALARIA_EST_INCIDENCE,Estimated malaria incidence (per 1000 population at risk),https://www.who.int/data/gho/data/indicators/indicator-details/GHO/malaria-incidence-%28per-1-000-population-at-risk%29,2000,2000,2000,EMR,Eastern Mediterranean,SOM,Somalia,,,,131.1761113,131.18 [83.06-198.10],83.05983009,198.0971268
MALARIA_PRES_CASES,Number of presumed malaria cases,https://www.who.int/data/gho/data/indicators/indicator-details/GHO/number-of-presumed-malaria-cases,2019,2019,2019,EMR,Eastern Mediterranean,SOM,Somalia,,,,25688.0,25 688,,
MALARIA_TOTAL_CASES,Total number of  malaria cases (presumed + confirmed cases),https://www.who.int/data/gho/data/indicators/indicator-details/GHO/total-number-of-malaria-cases-presumed-confirmed-cases,2020,2020,2020,EMR,Eastern Mediterranean,SOM,Somalia,,,,27333.0,27 333,,
MALARIA_TOTAL_CASES,Total number of  malaria cases (presumed + confirmed cases),https://www.who.int/data/gho/data/indicators/indicator-details/GHO/total-number-of-malaria-cases-presumed-confirmed-cases,2017,2017,2017,EMR,Eastern Mediterranean,SOM,Somalia,,,,37156.0,37 156,,
MALARIA_PV_INDIG,Number of indigenous P. vivax malaria cases,https://www.who.int/data/gho/data/indicators/indicator-details/GHO/number-of-indigenous-p.-vivax-malaria-cases,2023,2023,2023,EMR,Eastern Mediterranean,SOM,Somalia,,,,161.0,161,,
MALARIA_SUSPECTS,Number of suspected malaria cases,https://www.who.int/data/gho/data/indicators/indicator-details/GHO/number-of-suspected-malaria-cases,2019,2019,2019,EMR,Eastern Mediterranean,SOM,Somalia,,,,332935.0,332 935,,
MALARIA_TOTAL_CASES,Total number of  malaria cases (presumed + confirmed cases),https://www.who.int/data/gho/data/indicators/indicator-details/GHO/total-number-of-malaria-cases-presumed-confirmed-cases,2019,2019,2019,EMR,Eastern Mediterranean,SOM,Somalia,,,,65375.0,65 375,,
MALARIA_PF_INDIG,Number of indigenous P. falciparum malaria cases,https://www.who.int/data/gho/data/indicators/indicator-details/GHO/number-of-indigenous-p.-falciparum-malaria-cases,2017,2017,2017,EMR,Eastern Mediterranean,SOM,Somalia,,,,2657.0,2657,,
MALARIA_EST_MORTALITY,Estimated malaria mortality rate (per 100 000 population),https://www.who.int/data/gho/data/indicators/indicator-details/GHO/estimated-malaria-mortality-rate-per-100-000-population,2010,2010,2010,EMR,Eastern Mediterranean,SOM,Somalia,,,,10.30847458,10.31 [4.33-18.41],4.330537975,18.40682525
MALARIA_EST_INCIDENCE,Estimated malaria incidence (per 1000 population at risk),https://www.who.int/data/gho/data/indicators/indicator-details/GHO/malaria-incidence-%28per-1-000-population-at-risk%29,2009,2009,2009,EMR,Eastern Mediterranean,SOM,Somalia,,,,38.0398256,38.04 [27.66-51.28],27.65814445,51.27627652
MALARIA_INDIG,Number of indigenous malaria cases,https://www.who.int/data/gho/data/indicators/indicator-details/GHO/number-of-indigenous-malaria-cases,2021,2021,2021,EMR,Eastern Mediterranean,SOM,Somalia,,,,12967.0,12 967,,
MALARIA_EST_INCIDENCE,Estimated malaria incidence (per 1000 population at risk),https://www.who.int/data/gho/data/indicators/indicator-details/GHO/malaria-incidence-%28per-1-000-population-at-risk%29,2003,2003,2003,EMR,Eastern Mediterranean,SOM,Somalia,,,,131.39372,131.39 [89.07-186.44],89.068833,186.4374941
MALARIA_CONF_CASES,Number of confirmed malaria cases,https://www.who.int/data/gho/data/indicators/indicator-details/GHO/number-confirmed-malaria-cases,2016,2016,2016,EMR,Eastern Mediterranean,SOM,Somalia,,,,35628.0,35 628,,
MALARIA_PV_INDIG,Number of indigenous P. vivax malaria cases,https://www.who.int/data/gho/data/indicators/indicator-details/GHO/number-of-indigenous-p.-vivax-malaria-cases,2017,2017,2017,EMR,Eastern Mediterranean,SOM,Somalia,,,,825.0,825,,
MALARIA_RDT_POS,Number of malaria positive cases by rapid diagnostic test (RDT),https://www.who.int/data/gho/data/indicators/indicator-details/GHO/number-of-malaria-positive-cases-by-rapid-diagnostic-test-rdt,2016,2016,2016,EMR,Eastern Mediterranean,SOM,Somalia,,,,35628.0,35 628,,
MALARIA_PRES_CASES,Number of presumed malaria cases,https://www.who.int/data/gho/data/indicators/indicator-details/GHO/number-of-presumed-malaria-cases,2015,2015,2015,EMR,Eastern Mediterranean,SOM,Somalia,,,,18216.0,18 216,,
MALARIA_EST_INCIDENCE,Estimated malaria incidence (per 1000 population at risk),https://www.who.int/data/gho/data/indicators/indicator-details/GHO/malaria-incidence-%28per-1-000-population-at-risk%29,2007,2007,2007,EMR,Eastern Mediterranean,SOM,Somalia,,,,99.07060943,99.07 [73.48-131.12],73.47861543,131.1163572
MALARIA_MICR_TEST,Number of malaria suspects examined by microscopy,https://www.who.int/data/gho/data/indicators/indicator-details/GHO/number-of-malaria-suspects-examined-by-microscopy,2023,2023,2023,EMR,Eastern Mediterranean,SOM,Somalia,,,,26870.0,26 870,,
MALARIA_TOTAL_CASES,Total number of  malaria cases (presumed + confirmed cases),https://www.who.int/data/gho/data/indicators/indicator-details/GHO/total-number-of-malaria-cases-presumed-confirmed-cases,2018,2018,2018,EMR,Eastern Mediterranean,SOM,Somalia,,,,31030.0,31 030,,
MALARIA_CONF_CASES,Number of confirmed malaria cases,https://www.who.int/data/gho/data/indicators/indicator-details/GHO/number-confirmed-malaria-cases,2021,2021,2021,EMR,Eastern Mediterranean,SOM,Somalia,,,,12967.0,12 967,,
MALARIA_MICR_POS,Number of malaria positive cases by microscopy,https://www.who.int/data/gho/data/indicators/indicator-details/GHO/number-of-malaria-positive-cases-by-microscopy,2019,2019,2019,EMR,Eastern Mediterranean,SOM,Somalia,,,,11615.0,11 615,,
MALARIA_EST_INCIDENCE,Estimated malaria incidence (per 1000 population at risk),https://www.who.int/data/gho/data/indicators/indicator-details/GHO/malaria-incidence-%28per-1-000-population-at-risk%29,2012,2012,2012,EMR,Eastern Mediterranean,SOM,Somalia,,,,34.19834109,34.20 [23.86-47.58],23.85872182,47.5835476
MALARIA_MICR_TEST,Number of malaria suspects examined by microscopy,https://www.who.int/data/gho/data/indicators/indicator-details/GHO/number-of-malaria-suspects-examined-by-microscopy,2021,2021,2021,EMR,Eastern Mediterranean,SOM,Somalia,,,,32175.0,32 175,,
MALARIA_EST_MORTALITY,Estimated malaria mortality rate (per 100 000 population),https://www.who.int/data/gho/data/indicators/indicator-details/GHO/estimated-malaria-mortality-rate-per-100-000-population,2008,2008,2008,EMR,Eastern Mediterranean,SOM,Somalia,,,,15.19323705,15.19 [6.63-26.62],6.627749573,26.62267544
MALARIA_TOTAL_CASES,Total number of  malaria cases (presumed + confirmed cases),https://www.who.int/data/gho/data/indicators/indicator-details/GHO/total-number-of-malaria-cases-presumed-confirmed-cases,2023,2023,2023,EMR,Eastern Mediterranean,SOM,Somalia,,,,13688.0,13 688,,
MALARIA_TOTAL_CASES,Total number of  malaria cases (presumed + confirmed cases),https://www.who.int/data/gho/data/indicators/indicator-details/GHO/total-number-of-malaria-cases-presumed-confirmed-cases,2016,2016,2016,EMR,Eastern Mediterranean,SOM,Somalia,,,,58021.0,58 021,,
MALARIA_INDIG,Number of indigenous malaria cases,https://www.who.int/data/gho/data/indicators/indicator-details/GHO/number-of-indigenous-malaria-cases,2018,2018,2018,EMR,Eastern Mediterranean,SOM,Somalia,,,,31021.0,31 021,,
MALARIA_EST_MORTALITY,Estimated malaria mortality rate (per 100 000 population),https://www.who.int/data/gho/data/indicators/indicator-details/GHO/estimated-malaria-mortality-rate-per-100-000-population,2009,2009,2009,EMR,Eastern Mediterranean,SOM,Somalia,,,,9.564256967,9.56 [4.10-16.83],4.104938961,16.8294137
MALARIA_CONF_CASES,Number of confirmed malaria cases,https://www.who.int/data/gho/data/indicators/indicator-details/GHO/number-confirmed-malaria-cases,2017,2017,2017,EMR,Eastern Mediterranean,SOM,Somalia,,,,35138.0,35 138,,
MALARIA_RDT_POS,Number of malaria positive cases by rapid diagnostic test (RDT),https://www.who.int/data/gho/data/indicators/indicator-details/GHO/number-of-malaria-positive-cases-by-rapid-diagnostic-test-rdt,2019,2019,2019,EMR,Eastern Mediterranean,SOM,Somalia,,,,39687.0,39 687,,
MALARIA_INDIG,Number of indigenous malaria cases,https://www.who.int/data/gho/data/indicators/indicator-details/GHO/number-of-indigenous-malaria-cases,2019,2019,2019,EMR,Eastern Mediterranean,SOM,Somalia,,,,39687.0,39 687,,
MALARIA_CONF_CASES,Number of confirmed malaria cases,https://www.who.int/data/gho/data/indicators/indicator-details/GHO/number-confirmed-malaria-cases,2019,2019,2019,EMR,Eastern Mediterranean,SOM,Somalia,,,,39687.0,39 687,,
MALARIA_EST_INCIDENCE,Estimated malaria incidence (per 1000 population at risk),https://www.who.int/data/gho/data/indicators/indicator-details/GHO/malaria-incidence-%28per-1-000-population-at-risk%29,2006,2006,2006,EMR,Eastern Mediterranean,SOM,Somalia,,,,118.2872654,118.29 [87.44-156.74],87.43833653,156.7354078
MALARIA_PRES_CASES,Number of presumed malaria cases,https://www.who.int/data/gho/data/indicators/indicator-details/GHO/number-of-presumed-malaria-cases,2017,2017,2017,EMR,Eastern Mediterranean,SOM,Somalia,,,,2018.0,2018,,
MALARIA_EST_MORTALITY,Estimated malaria mortality rate (per 100 000 population),https://www.who.int/data/gho/data/indicators/indicator-details/GHO/estimated-malaria-mortality-rate-per-100-000-population,2007,2007,2007,EMR,Eastern Mediterranean,SOM,Somalia,,,,24.55270578,24.55 [10.58-42.53],10.58040565,42.52563969
MALARIA_EST_MORTALITY,Estimated malaria mortality rate (per 100 000 population),https://www.who.int/data/gho/data/indicators/indicator-details/GHO/estimated-malaria-mortality-rate-per-100-000-population,2017,2017,2017,EMR,Eastern Mediterranean,SOM,Somalia,,,,13.970985,13.97 [5.19-27.82],5.188839918,27.82230489
MALARIA_EST_MORTALITY,Estimated malaria mortality rate (per 100 000 population),https://www.who.int/data/gho/data/indicators/indicator-details/GHO/estimated-malaria-mortality-rate-per-100-000-population,2001,2001,2001,EMR,Eastern Mediterranean,SOM,Somalia,,,,35.96241254,35.96 [14.26-66.88],14.26320594,66.88133589
MALARIA_SUSPECTS,Number of suspected malaria cases,https://www.who.int/data/gho/data/indicators/indicator-details/GHO/number-of-suspected-malaria-cases,2015,2015,2015,EMR,Eastern Mediterranean,SOM,Somalia,,,,119008.0,119 008,,
MALARIA_SUSPECTS,Number of suspected malaria cases,https://www.who.int/data/gho/data/indicators/indicator-details/GHO/number-of-suspected-malaria-cases,2017,2017,2017,EMR,Eastern Mediterranean,SOM,Somalia,,,,228912.0,228 912,,
MALARIA_TOTAL_CASES,Total number of  malaria cases (presumed + confirmed cases),https://www.who.int/data/gho/data/indicators/indicator-details/GHO/total-number-of-malaria-cases-presumed-confirmed-cases,2021,2021,2021,EMR,Eastern Mediterranean,SOM,Somalia,,,,50648.0,50 648,,
MALARIA_SUSPECTS,Number of suspected malaria cases,https://www.who.int/data/gho/data/indicators/indicator-details/GHO/number-of-suspected-malaria-cases,2016,2016,2016,EMR,Eastern Mediterranean,SOM,Somalia,,,,205753.0,205 753,,
MALARIA_EST_MORTALITY,Estimated malaria mortality rate (per 100 000 population),https://www.who.int/data/gho/data/indicators/indicator-details/GHO/estimated-malaria-mortality-rate-per-100-000-population,2019,2019,2019,EMR,Eastern Mediterranean,SOM,Somalia,,,,14.52812808,14.53 [6.04-26.86],6.038311715,26.8606624
MALARIA_INDIG,Number of indigenous malaria cases,https://www.who.int/data/gho/data/indicators/indicator-details/GHO/number-of-indigenous-malaria-cases,2016,2016,2016,EMR,Eastern Mediterranean,SOM,Somalia,,,,35628.0,35 628,,
MALARIA_CONF_CASES,Number of confirmed malaria cases,https://www.who.int/data/gho/data/indicators/indicator-details/GHO/number-confirmed-malaria-cases,2022,2022,2022,EMR,Eastern Mediterranean,SOM,Somalia,,,,11550.0,11 550,,
MALARIA_MICR_POS,Number of malaria positive cases by microscopy,https://www.who.int/data/gho/data/indicators/indicator-details/GHO/number-of-malaria-positive-cases-by-microscopy,2022,2022,2022,EMR,Eastern Mediterranean,SOM,Somalia,,,,4174.0,4174,,
MALARIA_EST_MORTALITY,Estimated malaria mortality rate (per 100 000 population),https://www.who.int/data/gho/data/indicators/indicator-details/GHO/estimated-malaria-mortality-rate-per-100-000-population,2000,2000,2000,EMR,Eastern Mediterranean,SOM,Somalia,,,,33.57954942,33.58 [13.23-63.10],13.22534174,63.09827008
MALARIA_EST_MORTALITY,Estimated malaria mortality rate (per 100 000 population),https://www.who.int/data/gho/data/indicators/indicator-details/GHO/estimated-malaria-mortality-rate-per-100-000-population,2016,2016,2016,EMR,Eastern Mediterranean,SOM,Somalia,,,,14.15455294,14.15 [5.25-28.18],5.254816799,28.177387
MALARIA_EST_INCIDENCE,Estimated malaria incidence (per 1000 population at risk),https://www.who.int/data/gho/data/indicators/indicator-details/GHO/malaria-incidence-%28per-1-000-population-at-risk%29,2016,2016,2016,EMR,Eastern Mediterranean,SOM,Somalia,,,,57.79678216,57.80 [32.71-94.43],32.70739626,94.43208951
MALARIA_EST_MORTALITY,Estimated malaria mortality rate (per 100 000 population),https://www.who.int/data/gho/data/indicators/indicator-details/GHO/estimated-malaria-mortality-rate-per-100-000-population,2003,2003,2003,EMR,Eastern Mediterranean,SOM,Somalia,,,,33.63555548,33.64 [13.96-60.63],13.95628306,60.63129285
MALARIA_PF_INDIG,Number of indigenous P. falciparum malaria cases,https://www.who.int/data/gho/data/indicators/indicator-details/GHO/number-of-indigenous-p.-falciparum-malaria-cases,2021,2021,2021,EMR,Eastern Mediterranean,SOM,Somalia,,,,10919.0,10 919,,
MALARIA_EST_MORTALITY,Estimated malaria mortality rate (per 100 000 population),https://www.who.int/data/gho/data/indicators/indicator-details/GHO/estimated-malaria-mortality-rate-per-100-000-population,2014,2014,2014,EMR,Eastern Mediterranean,SOM,Somalia,,,,12.04693642,12.05 [5.11-22.03],5.105142318,22.0250158
MALARIA_EST_MORTALITY,Estimated malaria mortality rate (per 100 000 population),https://www.who.int/data/gho/data/indicators/indicator-details/GHO/estimated-malaria-mortality-rate-per-100-000-population,2018,2018,2018,EMR,Eastern Mediterranean,SOM,Somalia,,,,14.43780632,14.44 [5.78-27.46],5.778843611,27.45836495
MALARIA_EST_MORTALITY,Estimated malaria mortality rate (per 100 000 population),https://www.who.int/data/gho/data/indicators/indicator-details/GHO/estimated-malaria-mortality-rate-per-100-000-population,2011,2011,2011,EMR,Eastern Mediterranean,SOM,Somalia,,,,8.519025689,8.52 [3.56-15.21],3.563090592,15.20791848
MALARIA_EST_INCIDENCE,Estimated malaria incidence (per 1000 population at risk),https://www.who.int/data/gho/data/indicators/indicator-details/GHO/malaria-incidence-%28per-1-000-population-at-risk%29,2023,2023,2023,EMR,Eastern Mediterranean,SOM,Somalia,,,,58.89263333,58.89 [36.08-91.47],36.080039,91.4714355
MALARIA_EST_MORTALITY,Estimated malaria mortality rate (per 100 000 population),https://www.who.int/data/gho/data/indicators/indicator-details/GHO/estimated-malaria-mortality-rate-per-100-000-population,2023,2023,2023,EMR,Eastern Mediterranean,SOM,Somalia,,,,14.22220576,14.22 [5.63-28.20],5.632096975,28.19997587
MALARIA_EST_INCIDENCE,Estimated malaria incidence (per 1000 population at risk),https://www.who.int/data/gho/data/indicators/indicator-details/GHO/malaria-incidence-%28per-1-000-population-at-risk%29,2002,2002,2002,EMR,Eastern Mediterranean,SOM,Somalia,,,,133.1649854,133.16 [85.82-197.45],85.82048359,197.4495247
