GHO (CODE),GHO (DISPLAY),GHO (URL),YEAR (DISPLAY),STARTYEAR,ENDYEAR,REGION (CODE),REGION (DISPLAY),COUNTRY (CODE),COUNTRY (DISPLAY),DIMENSION (TYPE),DIMENSION (CODE),DIMENSION (NAME),Numeric,Value,Low,High
#indicator+code,#indicator+name,#indicator+url,#date+year,#date+year+start,#date+year+end,#region+code,#region+name,#country+code,#country+name,#dimension+type,#dimension+code,#dimension+name,#indicator+value+num,#indicator+value,#indicator+value+low,#indicator+value+high
NUTRITION_ANAEMIA_REPRODUCTIVEAGE_PREV,Prevalence of anaemia in women of reproductive age (aged 15-49) (%),https://www.who.int/data/gho/data/indicators/indicator-details/GHO/prevalence-of-anaemia-in-women-of-reproductive-age-%28-%29,2018,2018,2018,EMR,Eastern Mediterranean,SOM,Somalia,SEX,SEX_FMLE,Female,44.3,44.3 [31.6-57.7],31.6,57.7
NUTRITION_ANAEMIA_REPRODUCTIVEAGE_NUM,Number of women of reproductive age (aged 15-49 years) with anaemia (thousands),https://www.who.int/data/gho/data/indicators/indicator-details/GHO/anaemia-in-women-of-reproductive-age-number-%28in-thousands%29,2020,2020,2020,EMR,Eastern Mediterranean,SOM,Somalia,SEX,SEX_FMLE,Female,245.4,245.4 [186.0-298.1],186.0,298.1
NUTRITION_ANAEMIA_REPRODUCTIVEAGE_NUM,Number of women of reproductive age (aged 15-49 years) with anaemia (thousands),https://www.who.int/data/gho/data/indicators/indicator-details/GHO/anaemia-in-women-of-reproductive-age-number-%28in-thousands%29,2021,2021,2021,EMR,Eastern Mediterranean,SOM,Somalia,SEX,SEX_FMLE,Female,1482.5,1482.5 [962.5-2031.6],962.5,2031.6
NUTRITION_ANAEMIA_REPRODUCTIVEAGE_PREV,Prevalence of anaemia in women of reproductive age (aged 15-49) (%),https://www.who.int/data/gho/data/indicators/indicator-details/GHO/prevalence-of-anaemia-in-women-of-reproductive-age-%28-%29,2016,2016,2016,EMR,Eastern Mediterranean,SOM,Somalia,SEX,SEX_FMLE,Female,42.4,42.4 [29.2-56.2],29.2,56.2
SRHINSTITUTIONALBIRTH,Proportion of births delivered in a health facility (Facility births) (%),https://www.who.int/data/gho/data/indicators/indicator-details/GHO/institutional-births-%28-%29,2006,2004,2006,EMR,Eastern Mediterranean,SOM,Somalia,,,,9.4,9.4,,
MDG_0000000003,Adolescent birth rate (per 1000 women),https://www.who.int/data/gho/data/indicators/indicator-details/GHO/adolescent-birth-rate-%28per-1000-women-aged-15-19-years%29,2008,2008,2008,EMR,Eastern Mediterranean,SOM,Somalia,SEX,SEX_FMLE,Female,8.161024094,8.2,,
SRHINSTITUTIONALBIRTH,Proportion of births delivered in a health facility (Facility births) (%),https://www.who.int/data/gho/data/indicators/indicator-details/GHO/institutional-births-%28-%29,2002,2001,2002,EMR,Eastern Mediterranean,SOM,Somalia,,,,8.8,8.8,,
NUTRITION_ANAEMIA_REPRODUCTIVEAGE_NUM,Number of women of reproductive age (aged 15-49 years) with anaemia (thousands),https://www.who.int/data/gho/data/indicators/indicator-details/GHO/anaemia-in-women-of-reproductive-age-number-%28in-thousands%29,2014,2014,2014,EMR,Eastern Mediterranean,SOM,Somalia,SEX,SEX_FMLE,Female,202.6,202.6 [157.2-244.6],157.2,244.6
NUTRITION_ANAEMIA_REPRODUCTIVEAGE_PREV,Prevalence of anaemia in women of reproductive age (aged 15-49) (%),https://www.who.int/data/gho/data/indicators/indicator-details/GHO/prevalence-of-anaemia-in-women-of-reproductive-age-%28-%29,2023,2023,2023,EMR,Eastern Mediterranean,SOM,Somalia,SEX,SEX_FMLE,Female,46.2,46.2 [28.2-64.7],28.2,64.7
NUTRITION_ANAEMIA_REPRODUCTIVEAGE_NUM,Number of women of reproductive age (aged 15-49 years) with anaemia (thousands),https://www.who.int/data/gho/data/indicators/indicator-details/GHO/anaemia-in-women-of-reproductive-age-number-%28in-thousands%29,2018,2018,2018,EMR,Eastern Mediterranean,SOM,Somalia,SEX,SEX_FMLE,Female,232.0,232.0 [181.0-278.6],181.0,278.6
NUTRITION_ANAEMIA_REPRODUCTIVEAGE_NUM,Number of women of reproductive age (aged 15-49 years) with anaemia (thousands),https://www.who.int/data/gho/data/indicators/indicator-details/GHO/anaemia-in-women-of-reproductive-age-number-%28in-thousands%29,2003,2003,2003,EMR,Eastern Mediterranean,SOM,Somalia,SEX,SEX_FMLE,Female,159.0,159.0 [117.4-198.0],117.4,198.0
NUTRITION_ANAEMIA_REPRODUCTIVEAGE_PREV,Prevalence of anaemia in women of reproductive age (aged 15-49) (%),https://www.who.int/data/gho/data/indicators/indicator-details/GHO/prevalence-of-anaemia-in-women-of-reproductive-age-%28-%29,2000,2000,2000,EMR,Eastern Mediterranean,SOM,Somalia,SEX,SEX_FMLE,Female,43.9,43.9 [25.4-62.8],25.4,62.8
NUTRITION_ANAEMIA_REPRODUCTIVEAGE_NUM,Number of women of reproductive age (aged 15-49 years) with anaemia (thousands),https://www.who.int/data/gho/data/indicators/indicator-details/GHO/anaemia-in-women-of-reproductive-age-number-%28in-thousands%29,2012,2012,2012,EMR,Eastern Mediterranean,SOM,Somalia,SEX,SEX_FMLE,Female,1135.3,1135.3 [797.3-1477.7],797.3,1477.7
MDG_0000000003,Adolescent birth rate (per 1000 women),https://www.who.int/data/gho/data/indicators/indicator-details/GHO/adolescent-birth-rate-%28per-1000-women-aged-15-19-years%29,2014,2014,2014,EMR,Eastern Mediterranean,SOM,Somalia,SEX,SEX_FMLE,Female,156.9437256,156.9,,
NUTRITION_ANAEMIA_REPRODUCTIVEAGE_NUM,Number of women of reproductive age (aged 15-49 years) with anaemia (thousands),https://www.who.int/data/gho/data/indicators/indicator-details/GHO/anaemia-in-women-of-reproductive-age-number-%28in-thousands%29,2012,2012,2012,EMR,Eastern Mediterranean,SOM,Somalia,SEX,SEX_FMLE,Female,945.8,945.8 [644.9-1262.5],644.9,1262.5
NUTRITION_ANAEMIA_REPRODUCTIVEAGE_NUM,Number of women of reproductive age (aged 15-49 years) with anaemia (thousands),https://www.who.int/data/gho/data/indicators/indicator-details/GHO/anaemia-in-women-of-reproductive-age-number-%28in-thousands%29,2002,2002,2002,EMR,Eastern Mediterranean,SOM,Somalia,SEX,SEX_FMLE,Female,154.6,154.6 [112.6-193.8],112.6,193.8
NUTRITION_ANAEMIA_REPRODUCTIVEAGE_PREV,Prevalence of anaemia in women of reproductive age (aged 15-49) (%),https://www.who.int/data/gho/data/indicators/indicator-details/GHO/prevalence-of-anaemia-in-women-of-reproductive-age-%28-%29,2009,2009,2009,EMR,Eastern Mediterranean,SOM,Somalia,SEX,SEX_FMLE,Female,41.9,41.9 [29.0-54.6],29.0,54.6
MDG_0000000003,Adolescent birth rate (per 1000 women),https://www.who.int/data/gho/data/indicators/indicator-details/GHO/adolescent-birth-rate-%28per-1000-women-aged-15-19-years%29,2004,2004,2004,EMR,Eastern Mediterranean,SOM,Somalia,SEX,SEX_FMLE,Female,2.201737642,2.2,,
NUTRITION_ANAEMIA_REPRODUCTIVEAGE_PREV,Prevalence of anaemia in women of reproductive age (aged 15-49) (%),https://www.who.int/data/gho/data/indicators/indicator-details/GHO/prevalence-of-anaemia-in-women-of-reproductive-age-%28-%29,2015,2015,2015,EMR,Eastern Mediterranean,SOM,Somalia,SEX,SEX_FMLE,Female,43.1,43.1 [30.7-55.7],30.7,55.7
NUTRITION_ANAEMIA_REPRODUCTIVEAGE_NUM,Number of women of reproductive age (aged 15-49 years) with anaemia (thousands),https://www.who.int/data/gho/data/indicators/indicator-details/GHO/anaemia-in-women-of-reproductive-age-number-%28in-thousands%29,2006,2006,2006,EMR,Eastern Mediterranean,SOM,Somalia,SEX,SEX_FMLE,Female,171.9,171.9 [129.6-212.7],129.6,212.7
MDG_0000000003,Adolescent birth rate (per 1000 women),https://www.who.int/data/gho/data/indicators/indicator-details/GHO/adolescent-birth-rate-%28per-1000-women-aged-15-19-years%29,2006,2006,2006,EMR,Eastern Mediterranean,SOM,Somalia,SEX,SEX_FMLE,Female,8.622951508,8.6,,
MDG_0000000003,Adolescent birth rate (per 1000 women),https://www.who.int/data/gho/data/indicators/indicator-details/GHO/adolescent-birth-rate-%28per-1000-women-aged-15-19-years%29,2017,2017,2017,EMR,Eastern Mediterranean,SOM,Somalia,SEX,SEX_FMLE,Female,115.6489639,115.6,,
NUTRITION_ANAEMIA_REPRODUCTIVEAGE_NUM,Number of women of reproductive age (aged 15-49 years) with anaemia (thousands),https://www.who.int/data/gho/data/indicators/indicator-details/GHO/anaemia-in-women-of-reproductive-age-number-%28in-thousands%29,2003,2003,2003,EMR,Eastern Mediterranean,SOM,Somalia,SEX,SEX_FMLE,Female,789.3,789.3 [493.5-1091.3],493.5,1091.3
NUTRITION_ANAEMIA_REPRODUCTIVEAGE_PREV,Prevalence of anaemia in women of reproductive age (aged 15-49) (%),https://www.who.int/data/gho/data/indicators/indicator-details/GHO/prevalence-of-anaemia-in-women-of-reproductive-age-%28-%29,2004,2004,2004,EMR,Eastern Mediterranean,SOM,Somalia,SEX,SEX_FMLE,Female,50.2,50.2 [37.3-62.2],37.3,62.2
MDG_0000000003,Adolescent birth rate (per 1000 women),https://www.who.int/data/gho/data/indicators/indicator-details/GHO/adolescent-birth-rate-%28per-1000-women-aged-15-19-years%29,2011,2011,2011,EMR,Eastern Mediterranean,SOM,Somalia,SEX,SEX_FMLE,Female,159.1608124,159.2,,
NUTRITION_ANAEMIA_REPRODUCTIVEAGE_PREV,Prevalence of anaemia in women of reproductive age (aged 15-49) (%),https://www.who.int/data/gho/data/indicators/indicator-details/GHO/prevalence-of-anaemia-in-women-of-reproductive-age-%28-%29,2012,2012,2012,EMR,Eastern Mediterranean,SOM,Somalia,SEX,SEX_FMLE,Female,41.9,41.9 [29.4-54.5],29.4,54.5
NUTRITION_ANAEMIA_REPRODUCTIVEAGE_PREV,Prevalence of anaemia in women of reproductive age (aged 15-49) (%),https://www.who.int/data/gho/data/indicators/indicator-details/GHO/prevalence-of-anaemia-in-women-of-reproductive-age-%28-%29,2014,2014,2014,EMR,Eastern Mediterranean,SOM,Somalia,SEX,SEX_FMLE,Female,42.6,42.6 [30.4-55.4],30.4,55.4
NUTRITION_ANAEMIA_REPRODUCTIVEAGE_NUM,Number of women of reproductive age (aged 15-49 years) with anaemia (thousands),https://www.who.int/data/gho/data/indicators/indicator-details/GHO/anaemia-in-women-of-reproductive-age-number-%28in-thousands%29,2010,2010,2010,EMR,Eastern Mediterranean,SOM,Somalia,SEX,SEX_FMLE,Female,904.5,904.5 [606.9-1212.3],606.9,1212.3
NUTRITION_ANAEMIA_REPRODUCTIVEAGE_NUM,Number of women of reproductive age (aged 15-49 years) with anaemia (thousands),https://www.who.int/data/gho/data/indicators/indicator-details/GHO/anaemia-in-women-of-reproductive-age-number-%28in-thousands%29,2009,2009,2009,EMR,Eastern Mediterranean,SOM,Somalia,SEX,SEX_FMLE,Female,883.0,883.0 [588.5-1184.2],588.5,1184.2
MDG_0000000003,Adolescent birth rate (per 1000 women),https://www.who.int/data/gho/data/indicators/indicator-details/GHO/adolescent-birth-rate-%28per-1000-women-aged-15-19-years%29,2002,2002,2002,EMR,Eastern Mediterranean,SOM,Somalia,SEX,SEX_FMLE,Female,3.863556147,3.9,,
MDG_0000000003,Adolescent birth rate (per 1000 women),https://www.who.int/data/gho/data/indicators/indicator-details/GHO/adolescent-birth-rate-%28per-1000-women-aged-15-19-years%29,2017,2017,2017,EMR,Eastern Mediterranean,SOM,Somalia,SEX,SEX_FMLE,Female,1.181290865,1.2,,
NUTRITION_ANAEMIA_REPRODUCTIVEAGE_PREV,Prevalence of anaemia in women of reproductive age (aged 15-49) (%),https://www.who.int/data/gho/data/indicators/indicator-details/GHO/prevalence-of-anaemia-in-women-of-reproductive-age-%28-%29,2021,2021,2021,EMR,Eastern Mediterranean,SOM,Somalia,SEX,SEX_FMLE,Female,45.2,45.2 [30.2-60.5],30.2,60.5
NUTRITION_ANAEMIA_REPRODUCTIVEAGE_PREV,Prevalence of anaemia in women of reproductive age (aged 15-49) (%),https://www.who.int/data/gho/data/indicators/indicator-details/GHO/prevalence-of-anaemia-in-women-of-reproductive-age-%28-%29,2016,2016,2016,EMR,Eastern Mediterranean,SOM,Somalia,SEX,SEX_FMLE,Female,43.6,43.6 [30.9-56.4],30.9,56.4
NUTRITION_ANAEMIA_REPRODUCTIVEAGE_PREV,Prevalence of anaemia in women of reproductive age (aged 15-49) (%),https://www.who.int/data/gho/data/indicators/indicator-details/GHO/prevalence-of-anaemia-in-women-of-reproductive-age-%28-%29,2015,2015,2015,EMR,Eastern Mediterranean,SOM,Somalia,SEX,SEX_FMLE,Female,50.8,50.8 [39.5-61.2],39.5,61.2
SRHINSTITUTIONALBIRTH,Proportion of births delivered in a health facility (Facility births) (%),https://www.who.int/data/gho/data/indicators/indicator-details/GHO/institutional-births-%28-%29,2019,2013,2019,EMR,Eastern Mediterranean,SOM,Somalia,,,,20.7,20.7,,
NUTRITION_ANAEMIA_REPRODUCTIVEAGE_PREV,Prevalence of anaemia in women of reproductive age (aged 15-49) (%),https://www.who.int/data/gho/data/indicators/indicator-details/GHO/prevalence-of-anaemia-in-women-of-reproductive-age-%28-%29,2022,2022,2022,EMR,Eastern Mediterranean,SOM,Somalia,SEX,SEX_FMLE,Female,45.6,45.6 [29.4-62.4],29.4,62.4
NUTRITION_ANAEMIA_REPRODUCTIVEAGE_NUM,Number of women of reproductive age (aged 15-49 years) with anaemia (thousands),https://www.who.int/data/gho/data/indicators/indicator-details/GHO/anaemia-in-women-of-reproductive-age-number-%28in-thousands%29,2023,2023,2023,EMR,Eastern Mediterranean,SOM,Somalia,SEX,SEX_FMLE,Female,1897.1,1897.1 [1159.1-2660.0],1159.1,2660.0
NUTRITION_ANAEMIA_REPRODUCTIVEAGE_NUM,Number of women of reproductive age (aged 15-49 years) with anaemia (thousands),https://www.who.int/data/gho/data/indicators/indicator-details/GHO/anaemia-in-women-of-reproductive-age-number-%28in-thousands%29,2017,2017,2017,EMR,Eastern Mediterranean,SOM,Somalia,SEX,SEX_FMLE,Female,1444.1,1444.1 [1029.7-1876.4],1029.7,1876.4
NUTRITION_ANAEMIA_REPRODUCTIVEAGE_NUM,Number of women of reproductive age (aged 15-49 years) with anaemia (thousands),https://www.who.int/data/gho/data/indicators/indicator-details/GHO/anaemia-in-women-of-reproductive-age-number-%28in-thousands%29,2020,2020,2020,EMR,Eastern Mediterranean,SOM,Somalia,SEX,SEX_FMLE,Female,1410.6,1410.6 [944.8-1903.8],944.8,1903.8
NUTRITION_ANAEMIA_REPRODUCTIVEAGE_PREV,Prevalence of anaemia in women of reproductive age (aged 15-49) (%),https://www.who.int/data/gho/data/indicators/indicator-details/GHO/prevalence-of-anaemia-in-women-of-reproductive-age-%28-%29,2000,2000,2000,EMR,Eastern Mediterranean,SOM,Somalia,SEX,SEX_FMLE,Female,50.8,50.8 [36.2-64.9],36.2,64.9
MDG_0000000003,Adolescent birth rate (per 1000 women),https://www.who.int/data/gho/data/indicators/indicator-details/GHO/adolescent-birth-rate-%28per-1000-women-aged-15-19-years%29,2002,2002,2002,EMR,Eastern Mediterranean,SOM,Somalia,SEX,SEX_FMLE,Female,142.8883972,142.9,,
NUTRITION_ANAEMIA_REPRODUCTIVEAGE_PREV,Prevalence of anaemia in women of reproductive age (aged 15-49) (%),https://www.who.int/data/gho/data/indicators/indicator-details/GHO/prevalence-of-anaemia-in-women-of-reproductive-age-%28-%29,2014,2014,2014,EMR,Eastern Mediterranean,SOM,Somalia,SEX,SEX_FMLE,Female,50.4,50.4 [39.1-60.9],39.1,60.9
NUTRITION_ANAEMIA_REPRODUCTIVEAGE_NUM,Number of women of reproductive age (aged 15-49 years) with anaemia (thousands),https://www.who.int/data/gho/data/indicators/indicator-details/GHO/anaemia-in-women-of-reproductive-age-number-%28in-thousands%29,2000,2000,2000,EMR,Eastern Mediterranean,SOM,Somalia,SEX,SEX_FMLE,Female,879.3,879.3 [535.5-1226.4],535.5,1226.4
NUTRITION_ANAEMIA_REPRODUCTIVEAGE_PREV,Prevalence of anaemia in women of reproductive age (aged 15-49) (%),https://www.who.int/data/gho/data/indicators/indicator-details/GHO/prevalence-of-anaemia-in-women-of-reproductive-age-%28-%29,2020,2020,2020,EMR,Eastern Mediterranean,SOM,Somalia,SEX,SEX_FMLE,Female,44.8,44.8 [31.0-59.2],31.0,59.2
NUTRITION_ANAEMIA_REPRODUCTIVEAGE_PREV,Prevalence of anaemia in women of reproductive age (aged 15-49) (%),https://www.who.int/data/gho/data/indicators/indicator-details/GHO/prevalence-of-anaemia-in-women-of-reproductive-age-%28-%29,2017,2017,2017,EMR,Eastern Mediterranean,SOM,Somalia,SEX,SEX_FMLE,Female,44.0,44.0 [31.4-57.2],31.4,57.2
NUTRITION_ANAEMIA_REPRODUCTIVEAGE_NUM,Number of women of reproductive age (aged 15-49 years) with anaemia (thousands),https://www.who.int/data/gho/data/indicators/indicator-details/GHO/anaemia-in-women-of-reproductive-age-number-%28in-thousands%29,2006,2006,2006,EMR,Eastern Mediterranean,SOM,Somalia,SEX,SEX_FMLE,Female,832.7,832.7 [542.0-1127.9],542.0,1127.9
NUTRITION_ANAEMIA_REPRODUCTIVEAGE_PREV,Prevalence of anaemia in women of reproductive age (aged 15-49) (%),https://www.who.int/data/gho/data/indicators/indicator-details/GHO/prevalence-of-anaemia-in-women-of-reproductive-age-%28-%29,2007,2007,2007,EMR,Eastern Mediterranean,SOM,Somalia,SEX,SEX_FMLE,Female,42.4,42.4 [29.0-55.7],29.0,55.7
NUTRITION_ANAEMIA_REPRODUCTIVEAGE_NUM,Number of women of reproductive age (aged 15-49 years) with anaemia (thousands),https://www.who.int/data/gho/data/indicators/indicator-details/GHO/anaemia-in-women-of-reproductive-age-number-%28in-thousands%29,2009,2009,2009,EMR,Eastern Mediterranean,SOM,Somalia,SEX,SEX_FMLE,Female,182.1,182.1 [138.5-222.1],138.5,222.1
NUTRITION_ANAEMIA_REPRODUCTIVEAGE_NUM,Number of women of reproductive age (aged 15-49 years) with anaemia (thousands),https://www.who.int/data/gho/data/indicators/indicator-details/GHO/anaemia-in-women-of-reproductive-age-number-%28in-thousands%29,2020,2020,2020,EMR,Eastern Mediterranean,SOM,Somalia,SEX,SEX_FMLE,Female,1656.0,1656.0 [1144.6-2186.8],1144.6,2186.8
NUTRITION_ANAEMIA_REPRODUCTIVEAGE_PREV,Prevalence of anaemia in women of reproductive age (aged 15-49) (%),https://www.who.int/data/gho/data/indicators/indicator-details/GHO/prevalence-of-anaemia-in-women-of-reproductive-age-%28-%29,2007,2007,2007,EMR,Eastern Mediterranean,SOM,Somalia,SEX,SEX_FMLE,Female,41.2,41.2 [27.1-55.5],27.1,55.5
NUTRITION_ANAEMIA_REPRODUCTIVEAGE_NUM,Number of women of reproductive age (aged 15-49 years) with anaemia (thousands),https://www.who.int/data/gho/data/indicators/indicator-details/GHO/anaemia-in-women-of-reproductive-age-number-%28in-thousands%29,2019,2019,2019,EMR,Eastern Mediterranean,SOM,Somalia,SEX,SEX_FMLE,Female,1341.8,1341.8 [918.2-1805.8],918.2,1805.8
NUTRITION_ANAEMIA_REPRODUCTIVEAGE_NUM,Number of women of reproductive age (aged 15-49 years) with anaemia (thousands),https://www.who.int/data/gho/data/indicators/indicator-details/GHO/anaemia-in-women-of-reproductive-age-number-%28in-thousands%29,2004,2004,2004,EMR,Eastern Mediterranean,SOM,Somalia,SEX,SEX_FMLE,Female,971.5,971.5 [643.1-1293.0],643.1,1293.0
NUTRITION_ANAEMIA_REPRODUCTIVEAGE_PREV,Prevalence of anaemia in women of reproductive age (aged 15-49) (%),https://www.who.int/data/gho/data/indicators/indicator-details/GHO/prevalence-of-anaemia-in-women-of-reproductive-age-%28-%29,2010,2010,2010,EMR,Eastern Mediterranean,SOM,Somalia,SEX,SEX_FMLE,Female,41.6,41.6 [29.1-54.5],29.1,54.5
NUTRITION_ANAEMIA_REPRODUCTIVEAGE_PREV,Prevalence of anaemia in women of reproductive age (aged 15-49) (%),https://www.who.int/data/gho/data/indicators/indicator-details/GHO/prevalence-of-anaemia-in-women-of-reproductive-age-%28-%29,2002,2002,2002,EMR,Eastern Mediterranean,SOM,Somalia,SEX,SEX_FMLE,Female,50.5,50.5 [36.8-63.3],36.8,63.3
NUTRITION_ANAEMIA_REPRODUCTIVEAGE_PREV,Prevalence of anaemia in women of reproductive age (aged 15-49) (%),https://www.who.int/data/gho/data/indicators/indicator-details/GHO/prevalence-of-anaemia-in-women-of-reproductive-age-%28-%29,2021,2021,2021,EMR,Eastern Mediterranean,SOM,Somalia,SEX,SEX_FMLE,Female,44.1,44.1 [28.6-60.5],28.6,60.5
NUTRITION_ANAEMIA_REPRODUCTIVEAGE_NUM,Number of women of reproductive age (aged 15-49 years) with anaemia (thousands),https://www.who.int/data/gho/data/indicators/indicator-details/GHO/anaemia-in-women-of-reproductive-age-number-%28in-thousands%29,2003,2003,2003,EMR,Eastern Mediterranean,SOM,Somalia,SEX,SEX_FMLE,Female,948.3,948.3 [616.2-1278.3],616.2,1278.3
NUTRITION_ANAEMIA_REPRODUCTIVEAGE_NUM,Number of women of reproductive age (aged 15-49 years) with anaemia (thousands),https://www.who.int/data/gho/data/indicators/indicator-details/GHO/anaemia-in-women-of-reproductive-age-number-%28in-thousands%29,2002,2002,2002,EMR,Eastern Mediterranean,SOM,Somalia,SEX,SEX_FMLE,Female,771.0,771.0 [473.0-1078.6],473.0,1078.6
NUTRITION_ANAEMIA_REPRODUCTIVEAGE_PREV,Prevalence of anaemia in women of reproductive age (aged 15-49) (%),https://www.who.int/data/gho/data/indicators/indicator-details/GHO/prevalence-of-anaemia-in-women-of-reproductive-age-%28-%29,2006,2006,2006,EMR,Eastern Mediterranean,SOM,Somalia,SEX,SEX_FMLE,Female,49.8,49.8 [37.6-61.7],37.6,61.7
NUTRITION_ANAEMIA_REPRODUCTIVEAGE_PREV,Prevalence of anaemia in women of reproductive age (aged 15-49) (%),https://www.who.int/data/gho/data/indicators/indicator-details/GHO/prevalence-of-anaemia-in-women-of-reproductive-age-%28-%29,2018,2018,2018,EMR,Eastern Mediterranean,SOM,Somalia,SEX,SEX_FMLE,Female,51.9,51.9 [40.5-62.3],40.5,62.3
NUTRITION_ANAEMIA_REPRODUCTIVEAGE_PREV,Prevalence of anaemia in women of reproductive age (aged 15-49) (%),https://www.who.int/data/gho/data/indicators/indicator-details/GHO/prevalence-of-anaemia-in-women-of-reproductive-age-%28-%29,2020,2020,2020,EMR,Eastern Mediterranean,SOM,Somalia,SEX,SEX_FMLE,Female,52.2,52.2 [39.6-63.4],39.6,63.4
NUTRITION_ANAEMIA_REPRODUCTIVEAGE_NUM,Number of women of reproductive age (aged 15-49 years) with anaemia (thousands),https://www.who.int/data/gho/data/indicators/indicator-details/GHO/anaemia-in-women-of-reproductive-age-number-%28in-thousands%29,2015,2015,2015,EMR,Eastern Mediterranean,SOM,Somalia,SEX,SEX_FMLE,Female,1092.6,1092.6 [751.9-1453.1],751.9,1453.1
NUTRITION_ANAEMIA_REPRODUCTIVEAGE_NUM,Number of women of reproductive age (aged 15-49 years) with anaemia (thousands),https://www.who.int/data/gho/data/indicators/indicator-details/GHO/anaemia-in-women-of-reproductive-age-number-%28in-thousands%29,2018,2018,2018,EMR,Eastern Mediterranean,SOM,Somalia,SEX,SEX_FMLE,Female,1510.4,1510.4 [1078.7-1966.9],1078.7,1966.9
NUTRITION_ANAEMIA_REPRODUCTIVEAGE_PREV,Prevalence of anaemia in women of reproductive age (aged 15-49) (%),https://www.who.int/data/gho/data/indicators/indicator-details/GHO/prevalence-of-anaemia-in-women-of-reproductive-age-%28-%29,2023,2023,2023,EMR,Eastern Mediterranean,SOM,Somalia,SEX,SEX_FMLE,Female,52.8,52.8 [36.1-67.1],36.1,67.1
NUTRITION_ANAEMIA_REPRODUCTIVEAGE_PREV,Prevalence of anaemia in women of reproductive age (aged 15-49) (%),https://www.who.int/data/gho/data/indicators/indicator-details/GHO/prevalence-of-anaemia-in-women-of-reproductive-age-%28-%29,2003,2003,2003,EMR,Eastern Mediterranean,SOM,Somalia,SEX,SEX_FMLE,Female,50.3,50.3 [37.2-62.7],37.2,62.7
NUTRITION_ANAEMIA_REPRODUCTIVEAGE_PREV,Prevalence of anaemia in women of reproductive age (aged 15-49) (%),https://www.who.int/data/gho/data/indicators/indicator-details/GHO/prevalence-of-anaemia-in-women-of-reproductive-age-%28-%29,2022,2022,2022,EMR,Eastern Mediterranean,SOM,Somalia,SEX,SEX_FMLE,Female,52.6,52.6 [37.5-65.5],37.5,65.5
NUTRITION_ANAEMIA_REPRODUCTIVEAGE_NUM,Number of women of reproductive age (aged 15-49 years) with anaemia (thousands),https://www.who.int/data/gho/data/indicators/indicator-details/GHO/anaemia-in-women-of-reproductive-age-number-%28in-thousands%29,2008,2008,2008,EMR,Eastern Mediterranean,SOM,Somalia,SEX,SEX_FMLE,Female,179.2,179.2 [135.7-218.8],135.7,218.8
MDG_0000000003,Adolescent birth rate (per 1000 women),https://www.who.int/data/gho/data/indicators/indicator-details/GHO/adolescent-birth-rate-%28per-1000-women-aged-15-19-years%29,2004,2004,2004,EMR,Eastern Mediterranean,SOM,Somalia,SEX,SEX_FMLE,Female,130.0249023,130.0,,
NUTRITION_ANAEMIA_REPRODUCTIVEAGE_PREV,Prevalence of anaemia in women of reproductive age (aged 15-49) (%),https://www.who.int/data/gho/data/indicators/indicator-details/GHO/prevalence-of-anaemia-in-women-of-reproductive-age-%28-%29,2007,2007,2007,EMR,Eastern Mediterranean,SOM,Somalia,SEX,SEX_FMLE,Female,49.7,49.7 [37.6-60.9],37.6,60.9
MDG_0000000003,Adolescent birth rate (per 1000 women),https://www.who.int/data/gho/data/indicators/indicator-details/GHO/adolescent-birth-rate-%28per-1000-women-aged-15-19-years%29,2011,2011,2011,EMR,Eastern Mediterranean,SOM,Somalia,SEX,SEX_FMLE,Female,4.53746891,4.5,,
NUTRITION_ANAEMIA_REPRODUCTIVEAGE_NUM,Number of women of reproductive age (aged 15-49 years) with anaemia (thousands),https://www.who.int/data/gho/data/indicators/indicator-details/GHO/anaemia-in-women-of-reproductive-age-number-%28in-thousands%29,2013,2013,2013,EMR,Eastern Mediterranean,SOM,Somalia,SEX,SEX_FMLE,Female,989.7,989.7 [678.4-1318.6],678.4,1318.6
NUTRITION_ANAEMIA_REPRODUCTIVEAGE_NUM,Number of women of reproductive age (aged 15-49 years) with anaemia (thousands),https://www.who.int/data/gho/data/indicators/indicator-details/GHO/anaemia-in-women-of-reproductive-age-number-%28in-thousands%29,2023,2023,2023,EMR,Eastern Mediterranean,SOM,Somalia,SEX,SEX_FMLE,Female,263.6,263.6 [180.4-335.2],180.4,335.2
NUTRITION_ANAEMIA_REPRODUCTIVEAGE_NUM,Number of women of reproductive age (aged 15-49 years) with anaemia (thousands),https://www.who.int/data/gho/data/indicators/indicator-details/GHO/anaemia-in-women-of-reproductive-age-number-%28in-thousands%29,2017,2017,2017,EMR,Eastern Mediterranean,SOM,Somalia,SEX,SEX_FMLE,Female,1218.7,1218.7 [842.7-1626.8],842.7,1626.8
NUTRITION_ANAEMIA_REPRODUCTIVEAGE_NUM,Number of women of reproductive age (aged 15-49 years) with anaemia (thousands),https://www.who.int/data/gho/data/indicators/indicator-details/GHO/anaemia-in-women-of-reproductive-age-number-%28in-thousands%29,2007,2007,2007,EMR,Eastern Mediterranean,SOM,Somalia,SEX,SEX_FMLE,Female,175.1,175.1 [132.4-214.6],132.4,214.6
NUTRITION_ANAEMIA_REPRODUCTIVEAGE_NUM,Number of women of reproductive age (aged 15-49 years) with anaemia (thousands),https://www.who.int/data/gho/data/indicators/indicator-details/GHO/anaemia-in-women-of-reproductive-age-number-%28in-thousands%29,2000,2000,2000,EMR,Eastern Mediterranean,SOM,Somalia,SEX,SEX_FMLE,Female,735.1,735.1 [425.8-1052.9],425.8,1052.9
NUTRITION_ANAEMIA_REPRODUCTIVEAGE_PREV,Prevalence of anaemia in women of reproductive age (aged 15-49) (%),https://www.who.int/data/gho/data/indicators/indicator-details/GHO/prevalence-of-anaemia-in-women-of-reproductive-age-%28-%29,2022,2022,2022,EMR,Eastern Mediterranean,SOM,Somalia,SEX,SEX_FMLE,Female,44.6,44.6 [27.7-62.5],27.7,62.5
MDG_0000000003,Adolescent birth rate (per 1000 women),https://www.who.int/data/gho/data/indicators/indicator-details/GHO/adolescent-birth-rate-%28per-1000-women-aged-15-19-years%29,2005,2005,2005,EMR,Eastern Mediterranean,SOM,Somalia,SEX,SEX_FMLE,Female,7.033669472,7.0,,
NUTRITION_ANAEMIA_REPRODUCTIVEAGE_PREV,Prevalence of anaemia in women of reproductive age (aged 15-49) (%),https://www.who.int/data/gho/data/indicators/indicator-details/GHO/prevalence-of-anaemia-in-women-of-reproductive-age-%28-%29,2005,2005,2005,EMR,Eastern Mediterranean,SOM,Somalia,SEX,SEX_FMLE,Female,41.9,41.9 [27.1-57.1],27.1,57.1
NUTRITION_ANAEMIA_REPRODUCTIVEAGE_PREV,Prevalence of anaemia in women of reproductive age (aged 15-49) (%),https://www.who.int/data/gho/data/indicators/indicator-details/GHO/prevalence-of-anaemia-in-women-of-reproductive-age-%28-%29,2011,2011,2011,EMR,Eastern Mediterranean,SOM,Somalia,SEX,SEX_FMLE,Female,49.5,49.5 [37.9-60.2],37.9,60.2
WHS4_154,Antenatal care coverage - at least four visits (%),https://www.who.int/data/gho/data/indicators/indicator-details/GHO/antenatal-care-coverage-at-least-four-visits,2006,2004,2006,EMR,Eastern Mediterranean,SOM,Somalia,,,,6.3,6.3,,
NUTRITION_ANAEMIA_REPRODUCTIVEAGE_NUM,Number of women of reproductive age (aged 15-49 years) with anaemia (thousands),https://www.who.int/data/gho/data/indicators/indicator-details/GHO/anaemia-in-women-of-reproductive-age-number-%28in-thousands%29,2009,2009,2009,EMR,Eastern Mediterranean,SOM,Somalia,SEX,SEX_FMLE,Female,1065.1,1065.1 [738.9-1388.6],738.9,1388.6
NUTRITION_ANAEMIA_REPRODUCTIVEAGE_NUM,Number of women of reproductive age (aged 15-49 years) with anaemia (thousands),https://www.who.int/data/gho/data/indicators/indicator-details/GHO/anaemia-in-women-of-reproductive-age-number-%28in-thousands%29,2016,2016,2016,EMR,Eastern Mediterranean,SOM,Somalia,SEX,SEX_FMLE,Female,1371.0,1371.0 [971.2-1774.7],971.2,1774.7
NUTRITION_ANAEMIA_REPRODUCTIVEAGE_NUM,Number of women of reproductive age (aged 15-49 years) with anaemia (thousands),https://www.who.int/data/gho/data/indicators/indicator-details/GHO/anaemia-in-women-of-reproductive-age-number-%28in-thousands%29,2011,2011,2011,EMR,Eastern Mediterranean,SOM,Somalia,SEX,SEX_FMLE,Female,188.6,188.6 [144.4-229.5],144.4,229.5
MDG_0000000003,Adolescent birth rate (per 1000 women),https://www.who.int/data/gho/data/indicators/indicator-details/GHO/adolescent-birth-rate-%28per-1000-women-aged-15-19-years%29,2014,2014,2014,EMR,Eastern Mediterranean,SOM,Somalia,SEX,SEX_FMLE,Female,4.243283749,4.2,,
NUTRITION_ANAEMIA_REPRODUCTIVEAGE_NUM,Number of women of reproductive age (aged 15-49 years) with anaemia (thousands),https://www.who.int/data/gho/data/indicators/indicator-details/GHO/anaemia-in-women-of-reproductive-age-number-%28in-thousands%29,2018,2018,2018,EMR,Eastern Mediterranean,SOM,Somalia,SEX,SEX_FMLE,Female,1278.4,1278.4 [890.7-1706.6],890.7,1706.6
NUTRITION_ANAEMIA_REPRODUCTIVEAGE_NUM,Number of women of reproductive age (aged 15-49 years) with anaemia (thousands),https://www.who.int/data/gho/data/indicators/indicator-details/GHO/anaemia-in-women-of-reproductive-age-number-%28in-thousands%29,2019,2019,2019,EMR,Eastern Mediterranean,SOM,Somalia,SEX,SEX_FMLE,Female,238.7,238.7 [184.7-288.5],184.7,288.5
NUTRITION_ANAEMIA_REPRODUCTIVEAGE_PREV,Prevalence of anaemia in women of reproductive age (aged 15-49) (%),https://www.who.int/data/gho/data/indicators/indicator-details/GHO/prevalence-of-anaemia-in-women-of-reproductive-age-%28-%29,2010,2010,2010,EMR,Eastern Mediterranean,SOM,Somalia,SEX,SEX_FMLE,Female,49.4,49.4 [37.6-60.2],37.6,60.2
NUTRITION_ANAEMIA_REPRODUCTIVEAGE_NUM,Number of women of reproductive age (aged 15-49 years) with anaemia (thousands),https://www.who.int/data/gho/data/indicators/indicator-details/GHO/anaemia-in-women-of-reproductive-age-number-%28in-thousands%29,2005,2005,2005,EMR,Eastern Mediterranean,SOM,Somalia,SEX,SEX_FMLE,Female,991.2,991.2 [668.9-1317.6],668.9,1317.6
NUTRITION_ANAEMIA_REPRODUCTIVEAGE_PREV,Prevalence of anaemia in women of reproductive age (aged 15-49) (%),https://www.who.int/data/gho/data/indicators/indicator-details/GHO/prevalence-of-anaemia-in-women-of-reproductive-age-%28-%29,2021,2021,2021,EMR,Eastern Mediterranean,SOM,Somalia,SEX,SEX_FMLE,Female,52.4,52.4 [38.9-64.5],38.9,64.5
NUTRITION_ANAEMIA_REPRODUCTIVEAGE_PREV,Prevalence of anaemia in women of reproductive age (aged 15-49) (%),https://www.who.int/data/gho/data/indicators/indicator-details/GHO/prevalence-of-anaemia-in-women-of-reproductive-age-%28-%29,2017,2017,2017,EMR,Eastern Mediterranean,SOM,Somalia,SEX,SEX_FMLE,Female,51.6,51.6 [40.4-61.9],40.4,61.9
MDG_0000000025,Births attended by skilled health personnel (%),https://www.who.int/data/gho/data/indicators/indicator-details/GHO/births-attended-by-skilled-health-personnel-%28-%29,2006,2006,2006,EMR,Eastern Mediterranean,SOM,Somalia,,,,9.0,9,,
NUTRITION_ANAEMIA_REPRODUCTIVEAGE_PREV,Prevalence of anaemia in women of reproductive age (aged 15-49) (%),https://www.who.int/data/gho/data/indicators/indicator-details/GHO/prevalence-of-anaemia-in-women-of-reproductive-age-%28-%29,2001,2001,2001,EMR,Eastern Mediterranean,SOM,Somalia,SEX,SEX_FMLE,Female,44.4,44.4 [27.7-61.2],27.7,61.2
NUTRITION_ANAEMIA_REPRODUCTIVEAGE_PREV,Prevalence of anaemia in women of reproductive age (aged 15-49) (%),https://www.who.int/data/gho/data/indicators/indicator-details/GHO/prevalence-of-anaemia-in-women-of-reproductive-age-%28-%29,2023,2023,2023,EMR,Eastern Mediterranean,SOM,Somalia,SEX,SEX_FMLE,Female,45.2,45.2 [26.6-65.0],26.6,65.0
NUTRITION_ANAEMIA_REPRODUCTIVEAGE_PREV,Prevalence of anaemia in women of reproductive age (aged 15-49) (%),https://www.who.int/data/gho/data/indicators/indicator-details/GHO/prevalence-of-anaemia-in-women-of-reproductive-age-%28-%29,2018,2018,2018,EMR,Eastern Mediterranean,SOM,Somalia,SEX,SEX_FMLE,Female,43.1,43.1 [30.1-57.6],30.1,57.6
NUTRITION_ANAEMIA_REPRODUCTIVEAGE_PREV,Prevalence of anaemia in women of reproductive age (aged 15-49) (%),https://www.who.int/data/gho/data/indicators/indicator-details/GHO/prevalence-of-anaemia-in-women-of-reproductive-age-%28-%29,2020,2020,2020,EMR,Eastern Mediterranean,SOM,Somalia,SEX,SEX_FMLE,Female,43.7,43.7 [29.3-59.0],29.3,59.0
NUTRITION_ANAEMIA_REPRODUCTIVEAGE_NUM,Number of women of reproductive age (aged 15-49 years) with anaemia (thousands),https://www.who.int/data/gho/data/indicators/indicator-details/GHO/anaemia-in-women-of-reproductive-age-number-%28in-thousands%29,2022,2022,2022,EMR,Eastern Mediterranean,SOM,Somalia,SEX,SEX_FMLE,Female,1552.3,1552.3 [962.7-2173.5],962.7,2173.5
NUTRITION_ANAEMIA_REPRODUCTIVEAGE_NUM,Number of women of reproductive age (aged 15-49 years) with anaemia (thousands),https://www.who.int/data/gho/data/indicators/indicator-details/GHO/anaemia-in-women-of-reproductive-age-number-%28in-thousands%29,2005,2005,2005,EMR,Eastern Mediterranean,SOM,Somalia,SEX,SEX_FMLE,Female,168.1,168.1 [125.6-208.2],125.6,208.2
NUTRITION_ANAEMIA_REPRODUCTIVEAGE_PREV,Prevalence of anaemia in women of reproductive age (aged 15-49) (%),https://www.who.int/data/gho/data/indicators/indicator-details/GHO/prevalence-of-anaemia-in-women-of-reproductive-age-%28-%29,2002,2002,2002,EMR,Eastern Mediterranean,SOM,Somalia,SEX,SEX_FMLE,Female,42.9,42.9 [26.3-60.1],26.3,60.1
NUTRITION_ANAEMIA_REPRODUCTIVEAGE_NUM,Number of women of reproductive age (aged 15-49 years) with anaemia (thousands),https://www.who.int/data/gho/data/indicators/indicator-details/GHO/anaemia-in-women-of-reproductive-age-number-%28in-thousands%29,2014,2014,2014,EMR,Eastern Mediterranean,SOM,Somalia,SEX,SEX_FMLE,Female,1039.9,1039.9 [715.3-1384.2],715.3,1384.2
NUTRITION_ANAEMIA_REPRODUCTIVEAGE_NUM,Number of women of reproductive age (aged 15-49 years) with anaemia (thousands),https://www.who.int/data/gho/data/indicators/indicator-details/GHO/anaemia-in-women-of-reproductive-age-number-%28in-thousands%29,2001,2001,2001,EMR,Eastern Mediterranean,SOM,Somalia,SEX,SEX_FMLE,Female,149.3,149.3 [107.7-188.8],107.7,188.8
MDG_0000000025,Births attended by skilled health personnel (%),https://www.who.int/data/gho/data/indicators/indicator-details/GHO/births-attended-by-skilled-health-personnel-%28-%29,2019,2018,2019,EMR,Eastern Mediterranean,SOM,Somalia,,,,32.0,32,,
NUTRITION_ANAEMIA_REPRODUCTIVEAGE_PREV,Prevalence of anaemia in women of reproductive age (aged 15-49) (%),https://www.who.int/data/gho/data/indicators/indicator-details/GHO/prevalence-of-anaemia-in-women-of-reproductive-age-%28-%29,2016,2016,2016,EMR,Eastern Mediterranean,SOM,Somalia,SEX,SEX_FMLE,Female,51.3,51.3 [40.1-61.4],40.1,61.4
NUTRITION_ANAEMIA_REPRODUCTIVEAGE_PREV,Prevalence of anaemia in women of reproductive age (aged 15-49) (%),https://www.who.int/data/gho/data/indicators/indicator-details/GHO/prevalence-of-anaemia-in-women-of-reproductive-age-%28-%29,2008,2008,2008,EMR,Eastern Mediterranean,SOM,Somalia,SEX,SEX_FMLE,Female,49.5,49.5 [37.5-60.5],37.5,60.5
NUTRITION_ANAEMIA_REPRODUCTIVEAGE_PREV,Prevalence of anaemia in women of reproductive age (aged 15-49) (%),https://www.who.int/data/gho/data/indicators/indicator-details/GHO/prevalence-of-anaemia-in-women-of-reproductive-age-%28-%29,2019,2019,2019,EMR,Eastern Mediterranean,SOM,Somalia,SEX,SEX_FMLE,Female,43.4,43.4 [29.7-58.4],29.7,58.4
NUTRITION_ANAEMIA_REPRODUCTIVEAGE_PREV,Prevalence of anaemia in women of reproductive age (aged 15-49) (%),https://www.who.int/data/gho/data/indicators/indicator-details/GHO/prevalence-of-anaemia-in-women-of-reproductive-age-%28-%29,2001,2001,2001,EMR,Eastern Mediterranean,SOM,Somalia,SEX,SEX_FMLE,Female,43.3,43.3 [25.8-61.2],25.8,61.2
NUTRITION_ANAEMIA_REPRODUCTIVEAGE_NUM,Number of women of reproductive age (aged 15-49 years) with anaemia (thousands),https://www.who.int/data/gho/data/indicators/indicator-details/GHO/anaemia-in-women-of-reproductive-age-number-%28in-thousands%29,2010,2010,2010,EMR,Eastern Mediterranean,SOM,Somalia,SEX,SEX_FMLE,Female,1089.4,1089.4 [760.4-1425.9],760.4,1425.9
NUTRITION_ANAEMIA_REPRODUCTIVEAGE_NUM,Number of women of reproductive age (aged 15-49 years) with anaemia (thousands),https://www.who.int/data/gho/data/indicators/indicator-details/GHO/anaemia-in-women-of-reproductive-age-number-%28in-thousands%29,2014,2014,2014,EMR,Eastern Mediterranean,SOM,Somalia,SEX,SEX_FMLE,Female,1242.5,1242.5 [885.4-1613.4],885.4,1613.4
NUTRITION_ANAEMIA_REPRODUCTIVEAGE_NUM,Number of women of reproductive age (aged 15-49 years) with anaemia (thousands),https://www.who.int/data/gho/data/indicators/indicator-details/GHO/anaemia-in-women-of-reproductive-age-number-%28in-thousands%29,2021,2021,2021,EMR,Eastern Mediterranean,SOM,Somalia,SEX,SEX_FMLE,Female,252.6,252.6 [187.4-311.0],187.4,311.0
NUTRITION_ANAEMIA_REPRODUCTIVEAGE_NUM,Number of women of reproductive age (aged 15-49 years) with anaemia (thousands),https://www.who.int/data/gho/data/indicators/indicator-details/GHO/anaemia-in-women-of-reproductive-age-number-%28in-thousands%29,2006,2006,2006,EMR,Eastern Mediterranean,SOM,Somalia,SEX,SEX_FMLE,Female,1004.6,1004.6 [679.6-1323.5],679.6,1323.5
NUTRITION_ANAEMIA_REPRODUCTIVEAGE_PREV,Prevalence of anaemia in women of reproductive age (aged 15-49) (%),https://www.who.int/data/gho/data/indicators/indicator-details/GHO/prevalence-of-anaemia-in-women-of-reproductive-age-%28-%29,2011,2011,2011,EMR,Eastern Mediterranean,SOM,Somalia,SEX,SEX_FMLE,Female,40.4,40.4 [27.3-53.9],27.3,53.9
MDG_0000000025,Births attended by skilled health personnel (%),https://www.who.int/data/gho/data/indicators/indicator-details/GHO/births-attended-by-skilled-health-personnel-%28-%29,2002,2001,2002,EMR,Eastern Mediterranean,SOM,Somalia,,,,25.0,25,,
NUTRITION_ANAEMIA_REPRODUCTIVEAGE_PREV,Prevalence of anaemia in women of reproductive age (aged 15-49) (%),https://www.who.int/data/gho/data/indicators/indicator-details/GHO/prevalence-of-anaemia-in-women-of-reproductive-age-%28-%29,2013,2013,2013,EMR,Eastern Mediterranean,SOM,Somalia,SEX,SEX_FMLE,Female,50.0,50.0 [38.7-60.5],38.7,60.5
NUTRITION_ANAEMIA_REPRODUCTIVEAGE_NUM,Number of women of reproductive age (aged 15-49 years) with anaemia (thousands),https://www.who.int/data/gho/data/indicators/indicator-details/GHO/anaemia-in-women-of-reproductive-age-number-%28in-thousands%29,2004,2004,2004,EMR,Eastern Mediterranean,SOM,Somalia,SEX,SEX_FMLE,Female,807.7,807.7 [512.2-1108.9],512.2,1108.9
MDG_0000000003,Adolescent birth rate (per 1000 women),https://www.who.int/data/gho/data/indicators/indicator-details/GHO/adolescent-birth-rate-%28per-1000-women-aged-15-19-years%29,2016,2016,2016,EMR,Eastern Mediterranean,SOM,Somalia,SEX,SEX_FMLE,Female,128.0561981,128.1,,
NUTRITION_ANAEMIA_REPRODUCTIVEAGE_NUM,Number of women of reproductive age (aged 15-49 years) with anaemia (thousands),https://www.who.int/data/gho/data/indicators/indicator-details/GHO/anaemia-in-women-of-reproductive-age-number-%28in-thousands%29,2001,2001,2001,EMR,Eastern Mediterranean,SOM,Somalia,SEX,SEX_FMLE,Female,752.9,752.9 [448.8-1063.4],448.8,1063.4
NUTRITION_ANAEMIA_REPRODUCTIVEAGE_PREV,Prevalence of anaemia in women of reproductive age (aged 15-49) (%),https://www.who.int/data/gho/data/indicators/indicator-details/GHO/prevalence-of-anaemia-in-women-of-reproductive-age-%28-%29,2003,2003,2003,EMR,Eastern Mediterranean,SOM,Somalia,SEX,SEX_FMLE,Female,42.5,42.5 [26.6-58.8],26.6,58.8
NUTRITION_ANAEMIA_REPRODUCTIVEAGE_NUM,Number of women of reproductive age (aged 15-49 years) with anaemia (thousands),https://www.who.int/data/gho/data/indicators/indicator-details/GHO/anaemia-in-women-of-reproductive-age-number-%28in-thousands%29,2016,2016,2016,EMR,Eastern Mediterranean,SOM,Somalia,SEX,SEX_FMLE,Female,217.2,217.2 [169.9-260.4],169.9,260.4
NUTRITION_ANAEMIA_REPRODUCTIVEAGE_PREV,Prevalence of anaemia in women of reproductive age (aged 15-49) (%),https://www.who.int/data/gho/data/indicators/indicator-details/GHO/prevalence-of-anaemia-in-women-of-reproductive-age-%28-%29,2004,2004,2004,EMR,Eastern Mediterranean,SOM,Somalia,SEX,SEX_FMLE,Female,43.3,43.3 [28.7-57.7],28.7,57.7
MDG_0000000003,Adolescent birth rate (per 1000 women),https://www.who.int/data/gho/data/indicators/indicator-details/GHO/adolescent-birth-rate-%28per-1000-women-aged-15-19-years%29,2008,2008,2008,EMR,Eastern Mediterranean,SOM,Somalia,SEX,SEX_FMLE,Female,137.4682007,137.5,,
NUTRITION_ANAEMIA_REPRODUCTIVEAGE_NUM,Number of women of reproductive age (aged 15-49 years) with anaemia (thousands),https://www.who.int/data/gho/data/indicators/indicator-details/GHO/anaemia-in-women-of-reproductive-age-number-%28in-thousands%29,2004,2004,2004,EMR,Eastern Mediterranean,SOM,Somalia,SEX,SEX_FMLE,Female,163.8,163.8 [121.7-203.2],121.7,203.2
NUTRITION_ANAEMIA_REPRODUCTIVEAGE_NUM,Number of women of reproductive age (aged 15-49 years) with anaemia (thousands),https://www.who.int/data/gho/data/indicators/indicator-details/GHO/anaemia-in-women-of-reproductive-age-number-%28in-thousands%29,2012,2012,2012,EMR,Eastern Mediterranean,SOM,Somalia,SEX,SEX_FMLE,Female,189.5,189.5 [145.4-230.3],145.4,230.3
NUTRITION_ANAEMIA_REPRODUCTIVEAGE_NUM,Number of women of reproductive age (aged 15-49 years) with anaemia (thousands),https://www.who.int/data/gho/data/indicators/indicator-details/GHO/anaemia-in-women-of-reproductive-age-number-%28in-thousands%29,2001,2001,2001,EMR,Eastern Mediterranean,SOM,Somalia,SEX,SEX_FMLE,Female,902.3,902.3 [562.8-1244.6],562.8,1244.6
NUTRITION_ANAEMIA_REPRODUCTIVEAGE_PREV,Prevalence of anaemia in women of reproductive age (aged 15-49) (%),https://www.who.int/data/gho/data/indicators/indicator-details/GHO/prevalence-of-anaemia-in-women-of-reproductive-age-%28-%29,2000,2000,2000,EMR,Eastern Mediterranean,SOM,Somalia,SEX,SEX_FMLE,Female,44.9,44.9 [27.3-62.6],27.3,62.6
NUTRITION_ANAEMIA_REPRODUCTIVEAGE_NUM,Number of women of reproductive age (aged 15-49 years) with anaemia (thousands),https://www.who.int/data/gho/data/indicators/indicator-details/GHO/anaemia-in-women-of-reproductive-age-number-%28in-thousands%29,2016,2016,2016,EMR,Eastern Mediterranean,SOM,Somalia,SEX,SEX_FMLE,Female,1153.8,1153.8 [793.8-1530.8],793.8,1530.8
NUTRITION_ANAEMIA_REPRODUCTIVEAGE_NUM,Number of women of reproductive age (aged 15-49 years) with anaemia (thousands),https://www.who.int/data/gho/data/indicators/indicator-details/GHO/anaemia-in-women-of-reproductive-age-number-%28in-thousands%29,2007,2007,2007,EMR,Eastern Mediterranean,SOM,Somalia,SEX,SEX_FMLE,Female,846.2,846.2 [556.6-1140.6],556.6,1140.6
MDG_0000000003,Adolescent birth rate (per 1000 women),https://www.who.int/data/gho/data/indicators/indicator-details/GHO/adolescent-birth-rate-%28per-1000-women-aged-15-19-years%29,2005,2005,2005,EMR,Eastern Mediterranean,SOM,Somalia,SEX,SEX_FMLE,Female,143.2060089,143.2,,
MDG_0000000003,Adolescent birth rate (per 1000 women),https://www.who.int/data/gho/data/indicators/indicator-details/GHO/adolescent-birth-rate-%28per-1000-women-aged-15-19-years%29,2006,2006,2006,EMR,Eastern Mediterranean,SOM,Somalia,SEX,SEX_FMLE,Female,140.9420319,140.9,,
NUTRITION_ANAEMIA_REPRODUCTIVEAGE_NUM,Number of women of reproductive age (aged 15-49 years) with anaemia (thousands),https://www.who.int/data/gho/data/indicators/indicator-details/GHO/anaemia-in-women-of-reproductive-age-number-%28in-thousands%29,2008,2008,2008,EMR,Eastern Mediterranean,SOM,Somalia,SEX,SEX_FMLE,Female,864.1,864.1 [572.0-1162.4],572.0,1162.4
NUTRITION_ANAEMIA_REPRODUCTIVEAGE_PREV,Prevalence of anaemia in women of reproductive age (aged 15-49) (%),https://www.who.int/data/gho/data/indicators/indicator-details/GHO/prevalence-of-anaemia-in-women-of-reproductive-age-%28-%29,2011,2011,2011,EMR,Eastern Mediterranean,SOM,Somalia,SEX,SEX_FMLE,Female,41.7,41.7 [29.2-54.5],29.2,54.5
NUTRITION_ANAEMIA_REPRODUCTIVEAGE_NUM,Number of women of reproductive age (aged 15-49 years) with anaemia (thousands),https://www.who.int/data/gho/data/indicators/indicator-details/GHO/anaemia-in-women-of-reproductive-age-number-%28in-thousands%29,2011,2011,2011,EMR,Eastern Mediterranean,SOM,Somalia,SEX,SEX_FMLE,Female,1109.5,1109.5 [776.6-1450.0],776.6,1450.0
NUTRITION_ANAEMIA_REPRODUCTIVEAGE_PREV,Prevalence of anaemia in women of reproductive age (aged 15-49) (%),https://www.who.int/data/gho/data/indicators/indicator-details/GHO/prevalence-of-anaemia-in-women-of-reproductive-age-%28-%29,2017,2017,2017,EMR,Eastern Mediterranean,SOM,Somalia,SEX,SEX_FMLE,Female,42.8,42.8 [29.6-57.2],29.6,57.2
NUTRITION_ANAEMIA_REPRODUCTIVEAGE_NUM,Number of women of reproductive age (aged 15-49 years) with anaemia (thousands),https://www.who.int/data/gho/data/indicators/indicator-details/GHO/anaemia-in-women-of-reproductive-age-number-%28in-thousands%29,2002,2002,2002,EMR,Eastern Mediterranean,SOM,Somalia,SEX,SEX_FMLE,Female,925.6,925.6 [590.3-1259.7],590.3,1259.7
NUTRITION_ANAEMIA_REPRODUCTIVEAGE_NUM,Number of women of reproductive age (aged 15-49 years) with anaemia (thousands),https://www.who.int/data/gho/data/indicators/indicator-details/GHO/anaemia-in-women-of-reproductive-age-number-%28in-thousands%29,2007,2007,2007,EMR,Eastern Mediterranean,SOM,Somalia,SEX,SEX_FMLE,Female,1021.3,1021.3 [698.3-1340.8],698.3,1340.8
NUTRITION_ANAEMIA_REPRODUCTIVEAGE_PREV,Prevalence of anaemia in women of reproductive age (aged 15-49) (%),https://www.who.int/data/gho/data/indicators/indicator-details/GHO/prevalence-of-anaemia-in-women-of-reproductive-age-%28-%29,2003,2003,2003,EMR,Eastern Mediterranean,SOM,Somalia,SEX,SEX_FMLE,Female,43.7,43.7 [28.4-58.8],28.4,58.8
MDG_0000000003,Adolescent birth rate (per 1000 women),https://www.who.int/data/gho/data/indicators/indicator-details/GHO/adolescent-birth-rate-%28per-1000-women-aged-15-19-years%29,2016,2016,2016,EMR,Eastern Mediterranean,SOM,Somalia,SEX,SEX_FMLE,Female,2.393866062,2.4,,
MDG_0000000025,Births attended by skilled health personnel (%),https://www.who.int/data/gho/data/indicators/indicator-details/GHO/births-attended-by-skilled-health-personnel-%28-%29,2000,2000,2000,EMR,Eastern Mediterranean,SOM,Somalia,,,,19.0,19,,
NUTRITION_ANAEMIA_REPRODUCTIVEAGE_NUM,Number of women of reproductive age (aged 15-49 years) with anaemia (thousands),https://www.who.int/data/gho/data/indicators/indicator-details/GHO/anaemia-in-women-of-reproductive-age-number-%28in-thousands%29,2017,2017,2017,EMR,Eastern Mediterranean,SOM,Somalia,SEX,SEX_FMLE,Female,225.4,225.4 [176.3-270.0],176.3,270.0
NUTRITION_ANAEMIA_REPRODUCTIVEAGE_PREV,Prevalence of anaemia in women of reproductive age (aged 15-49) (%),https://www.who.int/data/gho/data/indicators/indicator-details/GHO/prevalence-of-anaemia-in-women-of-reproductive-age-%28-%29,2001,2001,2001,EMR,Eastern Mediterranean,SOM,Somalia,SEX,SEX_FMLE,Female,50.7,50.7 [36.5-64.0],36.5,64.0
NUTRITION_ANAEMIA_REPRODUCTIVEAGE_NUM,Number of women of reproductive age (aged 15-49 years) with anaemia (thousands),https://www.who.int/data/gho/data/indicators/indicator-details/GHO/anaemia-in-women-of-reproductive-age-number-%28in-thousands%29,2023,2023,2023,EMR,Eastern Mediterranean,SOM,Somalia,SEX,SEX_FMLE,Female,1633.5,1633.5 [958.8-2345.2],958.8,2345.2
NUTRITION_ANAEMIA_REPRODUCTIVEAGE_PREV,Prevalence of anaemia in women of reproductive age (aged 15-49) (%),https://www.who.int/data/gho/data/indicators/indicator-details/GHO/prevalence-of-anaemia-in-women-of-reproductive-age-%28-%29,2009,2009,2009,EMR,Eastern Mediterranean,SOM,Somalia,SEX,SEX_FMLE,Female,49.4,49.4 [37.6-60.3],37.6,60.3
NUTRITION_ANAEMIA_REPRODUCTIVEAGE_PREV,Prevalence of anaemia in women of reproductive age (aged 15-49) (%),https://www.who.int/data/gho/data/indicators/indicator-details/GHO/prevalence-of-anaemia-in-women-of-reproductive-age-%28-%29,2013,2013,2013,EMR,Eastern Mediterranean,SOM,Somalia,SEX,SEX_FMLE,Female,42.2,42.2 [29.8-55.1],29.8,55.1
NUTRITION_ANAEMIA_REPRODUCTIVEAGE_NUM,Number of women of reproductive age (aged 15-49 years) with anaemia (thousands),https://www.who.int/data/gho/data/indicators/indicator-details/GHO/anaemia-in-women-of-reproductive-age-number-%28in-thousands%29,2021,2021,2021,EMR,Eastern Mediterranean,SOM,Somalia,SEX,SEX_FMLE,Female,1735.1,1735.1 [1162.0-2325.0],1162.0,2325.0
NUTRITION_ANAEMIA_REPRODUCTIVEAGE_NUM,Number of women of reproductive age (aged 15-49 years) with anaemia (thousands),https://www.who.int/data/gho/data/indicators/indicator-details/GHO/anaemia-in-women-of-reproductive-age-number-%28in-thousands%29,2015,2015,2015,EMR,Eastern Mediterranean,SOM,Somalia,SEX,SEX_FMLE,Female,1302.7,1302.7 [926.6-1683.5],926.6,1683.5
NUTRITION_ANAEMIA_REPRODUCTIVEAGE_PREV,Prevalence of anaemia in women of reproductive age (aged 15-49) (%),https://www.who.int/data/gho/data/indicators/indicator-details/GHO/prevalence-of-anaemia-in-women-of-reproductive-age-%28-%29,2014,2014,2014,EMR,Eastern Mediterranean,SOM,Somalia,SEX,SEX_FMLE,Female,41.4,41.4 [28.5-55.1],28.5,55.1
NUTRITION_ANAEMIA_REPRODUCTIVEAGE_NUM,Number of women of reproductive age (aged 15-49 years) with anaemia (thousands),https://www.who.int/data/gho/data/indicators/indicator-details/GHO/anaemia-in-women-of-reproductive-age-number-%28in-thousands%29,2010,2010,2010,EMR,Eastern Mediterranean,SOM,Somalia,SEX,SEX_FMLE,Female,184.9,184.9 [140.9-225.3],140.9,225.3
NUTRITION_ANAEMIA_REPRODUCTIVEAGE_PREV,Prevalence of anaemia in women of reproductive age (aged 15-49) (%),https://www.who.int/data/gho/data/indicators/indicator-details/GHO/prevalence-of-anaemia-in-women-of-reproductive-age-%28-%29,2009,2009,2009,EMR,Eastern Mediterranean,SOM,Somalia,SEX,SEX_FMLE,Female,40.6,40.6 [27.0-54.4],27.0,54.4
NUTRITION_ANAEMIA_REPRODUCTIVEAGE_NUM,Number of women of reproductive age (aged 15-49 years) with anaemia (thousands),https://www.who.int/data/gho/data/indicators/indicator-details/GHO/anaemia-in-women-of-reproductive-age-number-%28in-thousands%29,2022,2022,2022,EMR,Eastern Mediterranean,SOM,Somalia,SEX,SEX_FMLE,Female,259.5,259.5 [185.2-323.5],185.2,323.5
NUTRITION_ANAEMIA_REPRODUCTIVEAGE_PREV,Prevalence of anaemia in women of reproductive age (aged 15-49) (%),https://www.who.int/data/gho/data/indicators/indicator-details/GHO/prevalence-of-anaemia-in-women-of-reproductive-age-%28-%29,2006,2006,2006,EMR,Eastern Mediterranean,SOM,Somalia,SEX,SEX_FMLE,Female,41.5,41.5 [27.0-56.2],27.0,56.2
NUTRITION_ANAEMIA_REPRODUCTIVEAGE_PREV,Prevalence of anaemia in women of reproductive age (aged 15-49) (%),https://www.who.int/data/gho/data/indicators/indicator-details/GHO/prevalence-of-anaemia-in-women-of-reproductive-age-%28-%29,2004,2004,2004,EMR,Eastern Mediterranean,SOM,Somalia,SEX,SEX_FMLE,Female,42.2,42.2 [26.7-57.9],26.7,57.9
NUTRITION_ANAEMIA_REPRODUCTIVEAGE_PREV,Prevalence of anaemia in women of reproductive age (aged 15-49) (%),https://www.who.int/data/gho/data/indicators/indicator-details/GHO/prevalence-of-anaemia-in-women-of-reproductive-age-%28-%29,2005,2005,2005,EMR,Eastern Mediterranean,SOM,Somalia,SEX,SEX_FMLE,Female,43.0,43.0 [29.0-57.2],29.0,57.2
NUTRITION_ANAEMIA_REPRODUCTIVEAGE_NUM,Number of women of reproductive age (aged 15-49 years) with anaemia (thousands),https://www.who.int/data/gho/data/indicators/indicator-details/GHO/anaemia-in-women-of-reproductive-age-number-%28in-thousands%29,2013,2013,2013,EMR,Eastern Mediterranean,SOM,Somalia,SEX,SEX_FMLE,Female,1184.9,1184.9 [837.3-1545.7],837.3,1545.7
NUTRITION_ANAEMIA_REPRODUCTIVEAGE_PREV,Prevalence of anaemia in women of reproductive age (aged 15-49) (%),https://www.who.int/data/gho/data/indicators/indicator-details/GHO/prevalence-of-anaemia-in-women-of-reproductive-age-%28-%29,2019,2019,2019,EMR,Eastern Mediterranean,SOM,Somalia,SEX,SEX_FMLE,Female,44.5,44.5 [31.5-58.2],31.5,58.2
NUTRITION_ANAEMIA_REPRODUCTIVEAGE_PREV,Prevalence of anaemia in women of reproductive age (aged 15-49) (%),https://www.who.int/data/gho/data/indicators/indicator-details/GHO/prevalence-of-anaemia-in-women-of-reproductive-age-%28-%29,2019,2019,2019,EMR,Eastern Mediterranean,SOM,Somalia,SEX,SEX_FMLE,Female,52.1,52.1 [40.3-62.9],40.3,62.9
NUTRITION_ANAEMIA_REPRODUCTIVEAGE_NUM,Number of women of reproductive age (aged 15-49 years) with anaemia (thousands),https://www.who.int/data/gho/data/indicators/indicator-details/GHO/anaemia-in-women-of-reproductive-age-number-%28in-thousands%29,2013,2013,2013,EMR,Eastern Mediterranean,SOM,Somalia,SEX,SEX_FMLE,Female,195.2,195.2 [150.8-236.1],150.8,236.1
NUTRITION_ANAEMIA_REPRODUCTIVEAGE_PREV,Prevalence of anaemia in women of reproductive age (aged 15-49) (%),https://www.who.int/data/gho/data/indicators/indicator-details/GHO/prevalence-of-anaemia-in-women-of-reproductive-age-%28-%29,2006,2006,2006,EMR,Eastern Mediterranean,SOM,Somalia,SEX,SEX_FMLE,Female,42.7,42.7 [28.9-56.3],28.9,56.3
NUTRITION_ANAEMIA_REPRODUCTIVEAGE_PREV,Prevalence of anaemia in women of reproductive age (aged 15-49) (%),https://www.who.int/data/gho/data/indicators/indicator-details/GHO/prevalence-of-anaemia-in-women-of-reproductive-age-%28-%29,2008,2008,2008,EMR,Eastern Mediterranean,SOM,Somalia,SEX,SEX_FMLE,Female,42.1,42.1 [28.8-55.1],28.8,55.1
NUTRITION_ANAEMIA_REPRODUCTIVEAGE_PREV,Prevalence of anaemia in women of reproductive age (aged 15-49) (%),https://www.who.int/data/gho/data/indicators/indicator-details/GHO/prevalence-of-anaemia-in-women-of-reproductive-age-%28-%29,2015,2015,2015,EMR,Eastern Mediterranean,SOM,Somalia,SEX,SEX_FMLE,Female,41.9,41.9 [28.8-55.7],28.8,55.7
NUTRITION_ANAEMIA_REPRODUCTIVEAGE_PREV,Prevalence of anaemia in women of reproductive age (aged 15-49) (%),https://www.who.int/data/gho/data/indicators/indicator-details/GHO/prevalence-of-anaemia-in-women-of-reproductive-age-%28-%29,2012,2012,2012,EMR,Eastern Mediterranean,SOM,Somalia,SEX,SEX_FMLE,Female,40.6,40.6 [27.7-54.2],27.7,54.2
NUTRITION_ANAEMIA_REPRODUCTIVEAGE_NUM,Number of women of reproductive age (aged 15-49 years) with anaemia (thousands),https://www.who.int/data/gho/data/indicators/indicator-details/GHO/anaemia-in-women-of-reproductive-age-number-%28in-thousands%29,2015,2015,2015,EMR,Eastern Mediterranean,SOM,Somalia,SEX,SEX_FMLE,Female,210.1,210.1 [163.4-252.9],163.4,252.9
NUTRITION_ANAEMIA_REPRODUCTIVEAGE_NUM,Number of women of reproductive age (aged 15-49 years) with anaemia (thousands),https://www.who.int/data/gho/data/indicators/indicator-details/GHO/anaemia-in-women-of-reproductive-age-number-%28in-thousands%29,2000,2000,2000,EMR,Eastern Mediterranean,SOM,Somalia,SEX,SEX_FMLE,Female,144.2,144.2 [102.7-184.0],102.7,184.0
NUTRITION_ANAEMIA_REPRODUCTIVEAGE_PREV,Prevalence of anaemia in women of reproductive age (aged 15-49) (%),https://www.who.int/data/gho/data/indicators/indicator-details/GHO/prevalence-of-anaemia-in-women-of-reproductive-age-%28-%29,2012,2012,2012,EMR,Eastern Mediterranean,SOM,Somalia,SEX,SEX_FMLE,Female,49.7,49.7 [38.1-60.4],38.1,60.4
NUTRITION_ANAEMIA_REPRODUCTIVEAGE_PREV,Prevalence of anaemia in women of reproductive age (aged 15-49) (%),https://www.who.int/data/gho/data/indicators/indicator-details/GHO/prevalence-of-anaemia-in-women-of-reproductive-age-%28-%29,2005,2005,2005,EMR,Eastern Mediterranean,SOM,Somalia,SEX,SEX_FMLE,Female,50.0,50.0 [37.4-62.0],37.4,62.0
NUTRITION_ANAEMIA_REPRODUCTIVEAGE_NUM,Number of women of reproductive age (aged 15-49 years) with anaemia (thousands),https://www.who.int/data/gho/data/indicators/indicator-details/GHO/anaemia-in-women-of-reproductive-age-number-%28in-thousands%29,2005,2005,2005,EMR,Eastern Mediterranean,SOM,Somalia,SEX,SEX_FMLE,Female,823.1,823.1 [533.4-1122.6],533.4,1122.6
NUTRITION_ANAEMIA_REPRODUCTIVEAGE_NUM,Number of women of reproductive age (aged 15-49 years) with anaemia (thousands),https://www.who.int/data/gho/data/indicators/indicator-details/GHO/anaemia-in-women-of-reproductive-age-number-%28in-thousands%29,2019,2019,2019,EMR,Eastern Mediterranean,SOM,Somalia,SEX,SEX_FMLE,Female,1580.5,1580.5 [1117.1-2063.6],1117.1,2063.6
NUTRITION_ANAEMIA_REPRODUCTIVEAGE_NUM,Number of women of reproductive age (aged 15-49 years) with anaemia (thousands),https://www.who.int/data/gho/data/indicators/indicator-details/GHO/anaemia-in-women-of-reproductive-age-number-%28in-thousands%29,2011,2011,2011,EMR,Eastern Mediterranean,SOM,Somalia,SEX,SEX_FMLE,Female,920.8,920.8 [621.2-1228.9],621.2,1228.9
WHS4_154,Antenatal care coverage - at least four visits (%),https://www.who.int/data/gho/data/indicators/indicator-details/GHO/antenatal-care-coverage-at-least-four-visits,2019,2013,2019,EMR,Eastern Mediterranean,SOM,Somalia,,,,24.4,24.4,,
NUTRITION_ANAEMIA_REPRODUCTIVEAGE_NUM,Number of women of reproductive age (aged 15-49 years) with anaemia (thousands),https://www.who.int/data/gho/data/indicators/indicator-details/GHO/anaemia-in-women-of-reproductive-age-number-%28in-thousands%29,2008,2008,2008,EMR,Eastern Mediterranean,SOM,Somalia,SEX,SEX_FMLE,Female,1043.3,1043.3 [714.4-1365.6],714.4,1365.6
NUTRITION_ANAEMIA_REPRODUCTIVEAGE_PREV,Prevalence of anaemia in women of reproductive age (aged 15-49) (%),https://www.who.int/data/gho/data/indicators/indicator-details/GHO/prevalence-of-anaemia-in-women-of-reproductive-age-%28-%29,2002,2002,2002,EMR,Eastern Mediterranean,SOM,Somalia,SEX,SEX_FMLE,Female,44.0,44.0 [28.1-59.9],28.1,59.9
NUTRITION_ANAEMIA_REPRODUCTIVEAGE_PREV,Prevalence of anaemia in women of reproductive age (aged 15-49) (%),https://www.who.int/data/gho/data/indicators/indicator-details/GHO/prevalence-of-anaemia-in-women-of-reproductive-age-%28-%29,2013,2013,2013,EMR,Eastern Mediterranean,SOM,Somalia,SEX,SEX_FMLE,Female,40.9,40.9 [28.1-54.6],28.1,54.6
NUTRITION_ANAEMIA_REPRODUCTIVEAGE_PREV,Prevalence of anaemia in women of reproductive age (aged 15-49) (%),https://www.who.int/data/gho/data/indicators/indicator-details/GHO/prevalence-of-anaemia-in-women-of-reproductive-age-%28-%29,2010,2010,2010,EMR,Eastern Mediterranean,SOM,Somalia,SEX,SEX_FMLE,Female,40.4,40.4 [27.1-54.1],27.1,54.1
NUTRITION_ANAEMIA_REPRODUCTIVEAGE_NUM,Number of women of reproductive age (aged 15-49 years) with anaemia (thousands),https://www.who.int/data/gho/data/indicators/indicator-details/GHO/anaemia-in-women-of-reproductive-age-number-%28in-thousands%29,2022,2022,2022,EMR,Eastern Mediterranean,SOM,Somalia,SEX,SEX_FMLE,Female,1811.8,1811.8 [1167.9-2479.3],1167.9,2479.3
NUTRITION_ANAEMIA_REPRODUCTIVEAGE_PREV,Prevalence of anaemia in women of reproductive age (aged 15-49) (%),https://www.who.int/data/gho/data/indicators/indicator-details/GHO/prevalence-of-anaemia-in-women-of-reproductive-age-%28-%29,2008,2008,2008,EMR,Eastern Mediterranean,SOM,Somalia,SEX,SEX_FMLE,Female,40.9,40.9 [27.0-55.0],27.0,55.0
