GHO (CODE),GHO (DISPLAY),GHO (URL),YEAR (DISPLAY),STARTYEAR,ENDYEAR,REGION (CODE),REGION (DISPLAY),COUNTRY (CODE),COUNTRY (DISPLAY),DIMENSION (TYPE),DIMENSION (CODE),DIMENSION (NAME),Numeric,Value,Low,High
#indicator+code,#indicator+name,#indicator+url,#date+year,#date+year+start,#date+year+end,#region+code,#region+name,#country+code,#country+name,#dimension+type,#dimension+code,#dimension+name,#indicator+value+num,#indicator+value,#indicator+value+low,#indicator+value+high
SDGSUICIDE,Crude suicide rates (per 100 000 population),https://www.who.int/data/gho/data/indicators/indicator-details/GHO/suicide-mortality-rate-%28sdg-3.4.2%29,2007,2007,2007,EMR,Eastern Mediterranean,SOM,Somalia,SEX,SEX_BTSX,Both sexes,8.216811051,8.2 [3.8-16.3],3.788557853,16.3182882
SDGSUICIDE,Crude suicide rates (per 100 000 population),https://www.who.int/data/gho/data/indicators/indicator-details/GHO/suicide-mortality-rate-%28sdg-3.4.2%29,2009,2009,2009,EMR,Eastern Mediterranean,SOM,Somalia,SEX,SEX_FMLE,Female,5.681378075,5.7 [2.9-9.9],2.927315494,9.931892746
SDGSUICIDE,Crude suicide rates (per 100 000 population),https://www.who.int/data/gho/data/indicators/indicator-details/GHO/suicide-mortality-rate-%28sdg-3.4.2%29,2000,2000,2000,EMR,Eastern Mediterranean,SOM,Somalia,SEX,SEX_MLE,Male,11.51382098,11.5 [5.0-24.2],5.021988399,24.19311033
SDGSUICIDE,Crude suicide rates (per 100 000 population),https://www.who.int/data/gho/data/indicators/indicator-details/GHO/suicide-mortality-rate-%28sdg-3.4.2%29,2014,2014,2014,EMR,Eastern Mediterranean,SOM,Somalia,SEX,SEX_FMLE,Female,5.607287014,5.6 [3.0-10.1],2.962346752,10.08672627
SDGSUICIDE,Crude suicide rates (per 100 000 population),https://www.who.int/data/gho/data/indicators/indicator-details/GHO/suicide-mortality-rate-%28sdg-3.4.2%29,2005,2005,2005,EMR,Eastern Mediterranean,SOM,Somalia,SEX,SEX_FMLE,Female,5.652409577,5.7 [2.9-9.9],2.931819483,9.881008632
SDGSUICIDE,Crude suicide rates (per 100 000 population),https://www.who.int/data/gho/data/indicators/indicator-details/GHO/suicide-mortality-rate-%28sdg-3.4.2%29,2015,2015,2015,EMR,Eastern Mediterranean,SOM,Somalia,SEX,SEX_FMLE,Female,5.585818803,5.6 [3.0-10.0],2.972092856,10.02614902
SDGSUICIDE,Crude suicide rates (per 100 000 population),https://www.who.int/data/gho/data/indicators/indicator-details/GHO/suicide-mortality-rate-%28sdg-3.4.2%29,2003,2003,2003,EMR,Eastern Mediterranean,SOM,Somalia,SEX,SEX_MLE,Male,11.35900699,11.4 [5.0-24.1],4.994856099,24.06762148
MH_12,Age-standardized suicide rates (per 100 000 population),https://www.who.int/data/gho/data/indicators/indicator-details/GHO/age-standardized-suicide-rates-%28per-100-000-population%29,2003,2003,2003,EMR,Eastern Mediterranean,SOM,Somalia,SEX,SEX_FMLE,Female,10.65886738,10.7 [5.6-18.4],5.563012275,18.40813676
MH_12,Age-standardized suicide rates (per 100 000 population),https://www.who.int/data/gho/data/indicators/indicator-details/GHO/age-standardized-suicide-rates-%28per-100-000-population%29,2020,2020,2020,EMR,Eastern Mediterranean,SOM,Somalia,SEX,SEX_FMLE,Female,10.96430614,11.0 [5.9-20.0],5.933751214,20.03240437
MH_12,Age-standardized suicide rates (per 100 000 population),https://www.who.int/data/gho/data/indicators/indicator-details/GHO/age-standardized-suicide-rates-%28per-100-000-population%29,2002,2002,2002,EMR,Eastern Mediterranean,SOM,Somalia,SEX,SEX_BTSX,Both sexes,16.62247482,16.6 [7.9-32.3],7.874361568,32.28329938
MH_12,Age-standardized suicide rates (per 100 000 population),https://www.who.int/data/gho/data/indicators/indicator-details/GHO/age-standardized-suicide-rates-%28per-100-000-population%29,2001,2001,2001,EMR,Eastern Mediterranean,SOM,Somalia,SEX,SEX_FMLE,Female,10.62905188,10.6 [5.6-18.2],5.573246653,18.21670997
SDGSUICIDE,Crude suicide rates (per 100 000 population),https://www.who.int/data/gho/data/indicators/indicator-details/GHO/suicide-mortality-rate-%28sdg-3.4.2%29,2019,2019,2019,EMR,Eastern Mediterranean,SOM,Somalia,SEX,SEX_FMLE,Female,2.38,2.4,,
MH_12,Age-standardized suicide rates (per 100 000 population),https://www.who.int/data/gho/data/indicators/indicator-details/GHO/age-standardized-suicide-rates-%28per-100-000-population%29,2000,2000,2000,EMR,Eastern Mediterranean,SOM,Somalia,SEX,SEX_FMLE,Female,10.53502867,10.5 [5.5-17.9],5.520015969,17.8725711
SDGSUICIDE,Crude suicide rates (per 100 000 population),https://www.who.int/data/gho/data/indicators/indicator-details/GHO/suicide-mortality-rate-%28sdg-3.4.2%29,2004,2004,2004,EMR,Eastern Mediterranean,SOM,Somalia,SEX,SEX_MLE,Male,11.43052501,11.4 [5.0-24.4],4.976839463,24.3850494
MH_12,Age-standardized suicide rates (per 100 000 population),https://www.who.int/data/gho/data/indicators/indicator-details/GHO/age-standardized-suicide-rates-%28per-100-000-population%29,2018,2018,2018,EMR,Eastern Mediterranean,SOM,Somalia,SEX,SEX_BTSX,Both sexes,15.59478322,15.6 [7.7-31.3],7.700459542,31.26632524
SDGSUICIDE,Crude suicide rates (per 100 000 population),https://www.who.int/data/gho/data/indicators/indicator-details/GHO/suicide-mortality-rate-%28sdg-3.4.2%29,2005,2005,2005,EMR,Eastern Mediterranean,SOM,Somalia,SEX,SEX_BTSX,Both sexes,8.447456881,8.4 [3.9-16.9],3.909068423,16.91525607
MH_12,Age-standardized suicide rates (per 100 000 population),https://www.who.int/data/gho/data/indicators/indicator-details/GHO/age-standardized-suicide-rates-%28per-100-000-population%29,2014,2014,2014,EMR,Eastern Mediterranean,SOM,Somalia,SEX,SEX_FMLE,Female,10.49743226,10.5 [5.7-19.0],5.711381762,19.00403818
MH_1,Mental health policy,https://www.who.int/data/gho/data/indicators/indicator-details/GHO/policy-and-financing,2011,2011,2011,EMR,Eastern Mediterranean,SOM,Somalia,,,,,No,,
MH_12,Age-standardized suicide rates (per 100 000 population),https://www.who.int/data/gho/data/indicators/indicator-details/GHO/age-standardized-suicide-rates-%28per-100-000-population%29,2018,2018,2018,EMR,Eastern Mediterranean,SOM,Somalia,SEX,SEX_FMLE,Female,10.52358416,10.5 [5.7-19.2],5.723122883,19.18158219
MH_12,Age-standardized suicide rates (per 100 000 population),https://www.who.int/data/gho/data/indicators/indicator-details/GHO/age-standardized-suicide-rates-%28per-100-000-population%29,2007,2007,2007,EMR,Eastern Mediterranean,SOM,Somalia,SEX,SEX_BTSX,Both sexes,16.23701095,16.2 [7.7-31.6],7.7266676,31.64052408
SDGSUICIDE,Crude suicide rates (per 100 000 population),https://www.who.int/data/gho/data/indicators/indicator-details/GHO/suicide-mortality-rate-%28sdg-3.4.2%29,2021,2021,2021,EMR,Eastern Mediterranean,SOM,Somalia,SEX,SEX_MLE,Male,9.823251017,9.8 [4.3-20.5],4.310109135,20.50444259
SDGSUICIDE,Crude suicide rates (per 100 000 population),https://www.who.int/data/gho/data/indicators/indicator-details/GHO/suicide-mortality-rate-%28sdg-3.4.2%29,2019,2019,2019,EMR,Eastern Mediterranean,SOM,Somalia,SEX,SEX_FMLE,Female,2.11,2.1,,
MH_12,Age-standardized suicide rates (per 100 000 population),https://www.who.int/data/gho/data/indicators/indicator-details/GHO/age-standardized-suicide-rates-%28per-100-000-population%29,2021,2021,2021,EMR,Eastern Mediterranean,SOM,Somalia,SEX,SEX_FMLE,Female,11.43557623,11.4 [6.2-20.7],6.154105366,20.73632399
MH_12,Age-standardized suicide rates (per 100 000 population),https://www.who.int/data/gho/data/indicators/indicator-details/GHO/age-standardized-suicide-rates-%28per-100-000-population%29,2019,2019,2019,EMR,Eastern Mediterranean,SOM,Somalia,SEX,SEX_MLE,Male,21.14800495,21.1 [9.9-44.5],9.899388303,44.47983596
MH_12,Age-standardized suicide rates (per 100 000 population),https://www.who.int/data/gho/data/indicators/indicator-details/GHO/age-standardized-suicide-rates-%28per-100-000-population%29,2014,2014,2014,EMR,Eastern Mediterranean,SOM,Somalia,SEX,SEX_MLE,Male,21.93706132,21.9 [10.2-46.8],10.18473303,46.80741955
SDGSUICIDE,Crude suicide rates (per 100 000 population),https://www.who.int/data/gho/data/indicators/indicator-details/GHO/suicide-mortality-rate-%28sdg-3.4.2%29,2001,2001,2001,EMR,Eastern Mediterranean,SOM,Somalia,SEX,SEX_MLE,Male,11.53721668,11.5 [5.1-24.2],5.060776203,24.20572597
MH_12,Age-standardized suicide rates (per 100 000 population),https://www.who.int/data/gho/data/indicators/indicator-details/GHO/age-standardized-suicide-rates-%28per-100-000-population%29,2016,2016,2016,EMR,Eastern Mediterranean,SOM,Somalia,SEX,SEX_BTSX,Both sexes,15.66414595,15.7 [7.7-31.5],7.673188644,31.466528
MH_12,Age-standardized suicide rates (per 100 000 population),https://www.who.int/data/gho/data/indicators/indicator-details/GHO/age-standardized-suicide-rates-%28per-100-000-population%29,2011,2011,2011,EMR,Eastern Mediterranean,SOM,Somalia,SEX,SEX_FMLE,Female,9.012999839,9.0 [4.9-16.0],4.920752346,15.98570732
SDGSUICIDE,Crude suicide rates (per 100 000 population),https://www.who.int/data/gho/data/indicators/indicator-details/GHO/suicide-mortality-rate-%28sdg-3.4.2%29,2008,2008,2008,EMR,Eastern Mediterranean,SOM,Somalia,SEX,SEX_MLE,Male,11.07930467,11.1 [4.8-23.3],4.774753332,23.32269413
SDGSUICIDE,Crude suicide rates (per 100 000 population),https://www.who.int/data/gho/data/indicators/indicator-details/GHO/suicide-mortality-rate-%28sdg-3.4.2%29,2006,2006,2006,EMR,Eastern Mediterranean,SOM,Somalia,SEX,SEX_MLE,Male,11.1468962,11.1 [4.8-23.7],4.798321183,23.71155695
SDGSUICIDE,Crude suicide rates (per 100 000 population),https://www.who.int/data/gho/data/indicators/indicator-details/GHO/suicide-mortality-rate-%28sdg-3.4.2%29,2012,2012,2012,EMR,Eastern Mediterranean,SOM,Somalia,SEX,SEX_MLE,Male,10.08203807,10.1 [4.5-21.5],4.464671571,21.52838912
SDGSUICIDE,Crude suicide rates (per 100 000 population),https://www.who.int/data/gho/data/indicators/indicator-details/GHO/suicide-mortality-rate-%28sdg-3.4.2%29,2001,2001,2001,EMR,Eastern Mediterranean,SOM,Somalia,SEX,SEX_BTSX,Both sexes,8.590193098,8.6 [4.0-16.9],3.980203936,16.93675704
SDGSUICIDE,Crude suicide rates (per 100 000 population),https://www.who.int/data/gho/data/indicators/indicator-details/GHO/suicide-mortality-rate-%28sdg-3.4.2%29,2018,2018,2018,EMR,Eastern Mediterranean,SOM,Somalia,SEX,SEX_BTSX,Both sexes,7.946058399,7.9 [3.8-16.1],3.769031774,16.06540505
SDGSUICIDE,Crude suicide rates (per 100 000 population),https://www.who.int/data/gho/data/indicators/indicator-details/GHO/suicide-mortality-rate-%28sdg-3.4.2%29,2021,2021,2021,EMR,Eastern Mediterranean,SOM,Somalia,SEX,SEX_FMLE,Female,6.089441103,6.1 [3.2-11.1],3.205108816,11.07601429
SDGSUICIDE,Crude suicide rates (per 100 000 population),https://www.who.int/data/gho/data/indicators/indicator-details/GHO/suicide-mortality-rate-%28sdg-3.4.2%29,2018,2018,2018,EMR,Eastern Mediterranean,SOM,Somalia,SEX,SEX_FMLE,Female,5.672581423,5.7 [3.0-10.3],3.009124981,10.33576855
SDGSUICIDE,Crude suicide rates (per 100 000 population),https://www.who.int/data/gho/data/indicators/indicator-details/GHO/suicide-mortality-rate-%28sdg-3.4.2%29,2009,2009,2009,EMR,Eastern Mediterranean,SOM,Somalia,SEX,SEX_MLE,Male,11.17332503,11.2 [4.8-23.6],4.809476728,23.56228345
MH_12,Age-standardized suicide rates (per 100 000 population),https://www.who.int/data/gho/data/indicators/indicator-details/GHO/age-standardized-suicide-rates-%28per-100-000-population%29,2009,2009,2009,EMR,Eastern Mediterranean,SOM,Somalia,SEX,SEX_BTSX,Both sexes,16.51087915,16.5 [7.8-32.2],7.806582032,32.24149227
SDGSUICIDE,Crude suicide rates (per 100 000 population),https://www.who.int/data/gho/data/indicators/indicator-details/GHO/suicide-mortality-rate-%28sdg-3.4.2%29,2016,2016,2016,EMR,Eastern Mediterranean,SOM,Somalia,SEX,SEX_MLE,Male,10.28545627,10.3 [4.5-22.0],4.513291974,22.01857301
SDGSUICIDE,Crude suicide rates (per 100 000 population),https://www.who.int/data/gho/data/indicators/indicator-details/GHO/suicide-mortality-rate-%28sdg-3.4.2%29,2004,2004,2004,EMR,Eastern Mediterranean,SOM,Somalia,SEX,SEX_FMLE,Female,5.646856463,5.6 [2.9-9.9],2.917920128,9.881150166
SDGSUICIDE,Crude suicide rates (per 100 000 population),https://www.who.int/data/gho/data/indicators/indicator-details/GHO/suicide-mortality-rate-%28sdg-3.4.2%29,2013,2013,2013,EMR,Eastern Mediterranean,SOM,Somalia,SEX,SEX_FMLE,Female,5.613947068,5.6 [3.0-10.0],2.97592157,10.00817535
SDGSUICIDE,Crude suicide rates (per 100 000 population),https://www.who.int/data/gho/data/indicators/indicator-details/GHO/suicide-mortality-rate-%28sdg-3.4.2%29,2019,2019,2019,EMR,Eastern Mediterranean,SOM,Somalia,SEX,SEX_FMLE,Female,35.68,35.7,,
SDGSUICIDE,Crude suicide rates (per 100 000 population),https://www.who.int/data/gho/data/indicators/indicator-details/GHO/suicide-mortality-rate-%28sdg-3.4.2%29,2019,2019,2019,EMR,Eastern Mediterranean,SOM,Somalia,SEX,SEX_MLE,Male,9.12,9.1,,
MH_12,Age-standardized suicide rates (per 100 000 population),https://www.who.int/data/gho/data/indicators/indicator-details/GHO/age-standardized-suicide-rates-%28per-100-000-population%29,2007,2007,2007,EMR,Eastern Mediterranean,SOM,Somalia,SEX,SEX_MLE,Male,22.6265945,22.6 [10.2-46.5],10.18265888,46.4781124
SDGSUICIDE,Crude suicide rates (per 100 000 population),https://www.who.int/data/gho/data/indicators/indicator-details/GHO/suicide-mortality-rate-%28sdg-3.4.2%29,2019,2019,2019,EMR,Eastern Mediterranean,SOM,Somalia,SEX,SEX_FMLE,Female,8.26,8.3,,
MH_12,Age-standardized suicide rates (per 100 000 population),https://www.who.int/data/gho/data/indicators/indicator-details/GHO/age-standardized-suicide-rates-%28per-100-000-population%29,2012,2012,2012,EMR,Eastern Mediterranean,SOM,Somalia,SEX,SEX_FMLE,Female,9.832712836,9.8 [5.4-17.6],5.420524658,17.55503142
SDGSUICIDE,Crude suicide rates (per 100 000 population),https://www.who.int/data/gho/data/indicators/indicator-details/GHO/suicide-mortality-rate-%28sdg-3.4.2%29,2006,2006,2006,EMR,Eastern Mediterranean,SOM,Somalia,SEX,SEX_BTSX,Both sexes,8.365318268,8.4 [3.8-16.8],3.837291971,16.77355724
SDGSUICIDE,Crude suicide rates (per 100 000 population),https://www.who.int/data/gho/data/indicators/indicator-details/GHO/suicide-mortality-rate-%28sdg-3.4.2%29,2019,2019,2019,EMR,Eastern Mediterranean,SOM,Somalia,SEX,SEX_FMLE,Female,5.699298918,5.7 [3.0-10.4],3.032556837,10.41335805
SDGSUICIDE,Crude suicide rates (per 100 000 population),https://www.who.int/data/gho/data/indicators/indicator-details/GHO/suicide-mortality-rate-%28sdg-3.4.2%29,2000,2000,2000,EMR,Eastern Mediterranean,SOM,Somalia,SEX,SEX_FMLE,Female,5.618047691,5.6 [2.9-9.6],2.890277069,9.563607623
SDGSUICIDE,Crude suicide rates (per 100 000 population),https://www.who.int/data/gho/data/indicators/indicator-details/GHO/suicide-mortality-rate-%28sdg-3.4.2%29,2017,2017,2017,EMR,Eastern Mediterranean,SOM,Somalia,SEX,SEX_BTSX,Both sexes,7.967284041,8.0 [3.8-16.1],3.762961961,16.12588346
SDGSUICIDE,Crude suicide rates (per 100 000 population),https://www.who.int/data/gho/data/indicators/indicator-details/GHO/suicide-mortality-rate-%28sdg-3.4.2%29,2000,2000,2000,EMR,Eastern Mediterranean,SOM,Somalia,SEX,SEX_BTSX,Both sexes,8.561622596,8.6 [4.0-16.8],3.951665986,16.84990026
MH_12,Age-standardized suicide rates (per 100 000 population),https://www.who.int/data/gho/data/indicators/indicator-details/GHO/age-standardized-suicide-rates-%28per-100-000-population%29,2010,2010,2010,EMR,Eastern Mediterranean,SOM,Somalia,SEX,SEX_FMLE,Female,10.02034064,10.0 [5.3-17.5],5.348559514,17.53433028
SDGSUICIDE,Crude suicide rates (per 100 000 population),https://www.who.int/data/gho/data/indicators/indicator-details/GHO/suicide-mortality-rate-%28sdg-3.4.2%29,2019,2019,2019,EMR,Eastern Mediterranean,SOM,Somalia,SEX,SEX_BTSX,Both sexes,153.92,153.9,,
SDGSUICIDE,Crude suicide rates (per 100 000 population),https://www.who.int/data/gho/data/indicators/indicator-details/GHO/suicide-mortality-rate-%28sdg-3.4.2%29,2017,2017,2017,EMR,Eastern Mediterranean,SOM,Somalia,SEX,SEX_MLE,Male,10.23994368,10.2 [4.5-21.9],4.526802018,21.91915663
MH_12,Age-standardized suicide rates (per 100 000 population),https://www.who.int/data/gho/data/indicators/indicator-details/GHO/age-standardized-suicide-rates-%28per-100-000-population%29,2019,2019,2019,EMR,Eastern Mediterranean,SOM,Somalia,SEX,SEX_BTSX,Both sexes,15.49735837,15.5 [7.7-31.0],7.658902395,31.02647169
SDGSUICIDE,Crude suicide rates (per 100 000 population),https://www.who.int/data/gho/data/indicators/indicator-details/GHO/suicide-mortality-rate-%28sdg-3.4.2%29,2011,2011,2011,EMR,Eastern Mediterranean,SOM,Somalia,SEX,SEX_MLE,Male,9.24676928,9.2 [4.0-19.6],4.03685513,19.5850835
MH_12,Age-standardized suicide rates (per 100 000 population),https://www.who.int/data/gho/data/indicators/indicator-details/GHO/age-standardized-suicide-rates-%28per-100-000-population%29,2016,2016,2016,EMR,Eastern Mediterranean,SOM,Somalia,SEX,SEX_FMLE,Female,10.50329633,10.5 [5.7-19.2],5.722455453,19.2048105
SDGSUICIDE,Crude suicide rates (per 100 000 population),https://www.who.int/data/gho/data/indicators/indicator-details/GHO/suicide-mortality-rate-%28sdg-3.4.2%29,2019,2019,2019,EMR,Eastern Mediterranean,SOM,Somalia,SEX,SEX_MLE,Male,20.61,20.6,,
MH_12,Age-standardized suicide rates (per 100 000 population),https://www.who.int/data/gho/data/indicators/indicator-details/GHO/age-standardized-suicide-rates-%28per-100-000-population%29,2004,2004,2004,EMR,Eastern Mediterranean,SOM,Somalia,SEX,SEX_FMLE,Female,10.76620799,10.8 [5.7-18.7],5.688357379,18.72510482
SDGSUICIDE,Crude suicide rates (per 100 000 population),https://www.who.int/data/gho/data/indicators/indicator-details/GHO/suicide-mortality-rate-%28sdg-3.4.2%29,2019,2019,2019,EMR,Eastern Mediterranean,SOM,Somalia,SEX,SEX_BTSX,Both sexes,5.84,5.8,,
MH_12,Age-standardized suicide rates (per 100 000 population),https://www.who.int/data/gho/data/indicators/indicator-details/GHO/age-standardized-suicide-rates-%28per-100-000-population%29,2008,2008,2008,EMR,Eastern Mediterranean,SOM,Somalia,SEX,SEX_BTSX,Both sexes,16.45670203,16.5 [7.8-32.1],7.804359011,32.08188302
SDGSUICIDE,Crude suicide rates (per 100 000 population),https://www.who.int/data/gho/data/indicators/indicator-details/GHO/suicide-mortality-rate-%28sdg-3.4.2%29,2010,2010,2010,EMR,Eastern Mediterranean,SOM,Somalia,SEX,SEX_BTSX,Both sexes,7.80311804,7.8 [3.6-15.5],3.588963887,15.49626415
MH_12,Age-standardized suicide rates (per 100 000 population),https://www.who.int/data/gho/data/indicators/indicator-details/GHO/age-standardized-suicide-rates-%28per-100-000-population%29,2000,2000,2000,EMR,Eastern Mediterranean,SOM,Somalia,SEX,SEX_MLE,Male,23.27384061,23.3 [10.5-47.7],10.4763793,47.72193596
MH_25,Stand-alone policy or plan for mental health,https://www.who.int/data/gho/data/indicators/indicator-details/GHO/stand-alone-policy-or-plan-for-mental-health,2014,2014,2014,EMR,Eastern Mediterranean,SOM,Somalia,,,,,No,,
MH_12,Age-standardized suicide rates (per 100 000 population),https://www.who.int/data/gho/data/indicators/indicator-details/GHO/age-standardized-suicide-rates-%28per-100-000-population%29,2001,2001,2001,EMR,Eastern Mediterranean,SOM,Somalia,SEX,SEX_MLE,Male,23.41085644,23.4 [10.6-47.9],10.58262987,47.92010289
MH_12,Age-standardized suicide rates (per 100 000 population),https://www.who.int/data/gho/data/indicators/indicator-details/GHO/age-standardized-suicide-rates-%28per-100-000-population%29,2011,2011,2011,EMR,Eastern Mediterranean,SOM,Somalia,SEX,SEX_BTSX,Both sexes,14.20167416,14.2 [6.9-28.1],6.879310859,28.06422708
MH_12,Age-standardized suicide rates (per 100 000 population),https://www.who.int/data/gho/data/indicators/indicator-details/GHO/age-standardized-suicide-rates-%28per-100-000-population%29,2020,2020,2020,EMR,Eastern Mediterranean,SOM,Somalia,SEX,SEX_MLE,Male,21.74066669,21.7 [10.2-44.9],10.16485862,44.941341
MH_12,Age-standardized suicide rates (per 100 000 population),https://www.who.int/data/gho/data/indicators/indicator-details/GHO/age-standardized-suicide-rates-%28per-100-000-population%29,2019,2019,2019,EMR,Eastern Mediterranean,SOM,Somalia,SEX,SEX_FMLE,Female,10.51320738,10.5 [5.7-19.2],5.739144488,19.20601282
MH_12,Age-standardized suicide rates (per 100 000 population),https://www.who.int/data/gho/data/indicators/indicator-details/GHO/age-standardized-suicide-rates-%28per-100-000-population%29,2017,2017,2017,EMR,Eastern Mediterranean,SOM,Somalia,SEX,SEX_FMLE,Female,10.57013745,10.6 [5.7-19.3],5.736559809,19.25223154
SDGSUICIDE,Crude suicide rates (per 100 000 population),https://www.who.int/data/gho/data/indicators/indicator-details/GHO/suicide-mortality-rate-%28sdg-3.4.2%29,2019,2019,2019,EMR,Eastern Mediterranean,SOM,Somalia,SEX,SEX_BTSX,Both sexes,37.97,38,,
SDGSUICIDE,Crude suicide rates (per 100 000 population),https://www.who.int/data/gho/data/indicators/indicator-details/GHO/suicide-mortality-rate-%28sdg-3.4.2%29,2010,2010,2010,EMR,Eastern Mediterranean,SOM,Somalia,SEX,SEX_FMLE,Female,5.163087162,5.2 [2.7-9.1],2.695233116,9.067854211
SDGSUICIDE,Crude suicide rates (per 100 000 population),https://www.who.int/data/gho/data/indicators/indicator-details/GHO/suicide-mortality-rate-%28sdg-3.4.2%29,2019,2019,2019,EMR,Eastern Mediterranean,SOM,Somalia,SEX,SEX_FMLE,Female,79.61,79.6,,
SDGSUICIDE,Crude suicide rates (per 100 000 population),https://www.who.int/data/gho/data/indicators/indicator-details/GHO/suicide-mortality-rate-%28sdg-3.4.2%29,2019,2019,2019,EMR,Eastern Mediterranean,SOM,Somalia,SEX,SEX_MLE,Male,7.1,7.1,,
MH_12,Age-standardized suicide rates (per 100 000 population),https://www.who.int/data/gho/data/indicators/indicator-details/GHO/age-standardized-suicide-rates-%28per-100-000-population%29,2021,2021,2021,EMR,Eastern Mediterranean,SOM,Somalia,SEX,SEX_BTSX,Both sexes,15.32265094,15.3 [7.5-30.0],7.506823319,29.96628625
MH_12,Age-standardized suicide rates (per 100 000 population),https://www.who.int/data/gho/data/indicators/indicator-details/GHO/age-standardized-suicide-rates-%28per-100-000-population%29,2005,2005,2005,EMR,Eastern Mediterranean,SOM,Somalia,SEX,SEX_MLE,Male,23.1199701,23.1 [10.4-48.0],10.43234484,48.0007013
MH_3,Stand-alone mental health legislation,https://www.who.int/data/gho/data/indicators/indicator-details/GHO/mental-health-care-delivery,2014,2014,2014,EMR,Eastern Mediterranean,SOM,Somalia,,,,,No,,
SDGSUICIDE,Crude suicide rates (per 100 000 population),https://www.who.int/data/gho/data/indicators/indicator-details/GHO/suicide-mortality-rate-%28sdg-3.4.2%29,2019,2019,2019,EMR,Eastern Mediterranean,SOM,Somalia,SEX,SEX_MLE,Male,96.97,97,,
SDGSUICIDE,Crude suicide rates (per 100 000 population),https://www.who.int/data/gho/data/indicators/indicator-details/GHO/suicide-mortality-rate-%28sdg-3.4.2%29,2002,2002,2002,EMR,Eastern Mediterranean,SOM,Somalia,SEX,SEX_BTSX,Both sexes,8.561956867,8.6 [3.9-17.0],3.944942226,16.9519479
MH_12,Age-standardized suicide rates (per 100 000 population),https://www.who.int/data/gho/data/indicators/indicator-details/GHO/age-standardized-suicide-rates-%28per-100-000-population%29,2013,2013,2013,EMR,Eastern Mediterranean,SOM,Somalia,SEX,SEX_FMLE,Female,10.53228968,10.5 [5.8-18.9],5.760467288,18.93552246
SDGSUICIDE,Crude suicide rates (per 100 000 population),https://www.who.int/data/gho/data/indicators/indicator-details/GHO/suicide-mortality-rate-%28sdg-3.4.2%29,2009,2009,2009,EMR,Eastern Mediterranean,SOM,Somalia,SEX,SEX_BTSX,Both sexes,8.431318579,8.4 [3.9-16.7],3.867378001,16.74204652
SDGSUICIDE,Crude suicide rates (per 100 000 population),https://www.who.int/data/gho/data/indicators/indicator-details/GHO/suicide-mortality-rate-%28sdg-3.4.2%29,2019,2019,2019,EMR,Eastern Mediterranean,SOM,Somalia,SEX,SEX_BTSX,Both sexes,4.62,4.6,,
SDGSUICIDE,Crude suicide rates (per 100 000 population),https://www.who.int/data/gho/data/indicators/indicator-details/GHO/suicide-mortality-rate-%28sdg-3.4.2%29,2019,2019,2019,EMR,Eastern Mediterranean,SOM,Somalia,SEX,SEX_BTSX,Both sexes,7.920553407,7.9 [3.8-16.0],3.759946381,16.02840475
SDGSUICIDE,Crude suicide rates (per 100 000 population),https://www.who.int/data/gho/data/indicators/indicator-details/GHO/suicide-mortality-rate-%28sdg-3.4.2%29,2019,2019,2019,EMR,Eastern Mediterranean,SOM,Somalia,SEX,SEX_MLE,Male,11.58,11.6,,
SDGSUICIDE,Crude suicide rates (per 100 000 population),https://www.who.int/data/gho/data/indicators/indicator-details/GHO/suicide-mortality-rate-%28sdg-3.4.2%29,2007,2007,2007,EMR,Eastern Mediterranean,SOM,Somalia,SEX,SEX_FMLE,Female,5.516637299,5.5 [2.8-9.7],2.8396664,9.661702636
MH_12,Age-standardized suicide rates (per 100 000 population),https://www.who.int/data/gho/data/indicators/indicator-details/GHO/age-standardized-suicide-rates-%28per-100-000-population%29,2020,2020,2020,EMR,Eastern Mediterranean,SOM,Somalia,SEX,SEX_BTSX,Both sexes,15.99993795,16.0 [7.9-31.7],7.881557932,31.65896651
MH_12,Age-standardized suicide rates (per 100 000 population),https://www.who.int/data/gho/data/indicators/indicator-details/GHO/age-standardized-suicide-rates-%28per-100-000-population%29,2010,2010,2010,EMR,Eastern Mediterranean,SOM,Somalia,SEX,SEX_MLE,Male,21.89037613,21.9 [9.8-45.0],9.755180464,44.96650303
MH_12,Age-standardized suicide rates (per 100 000 population),https://www.who.int/data/gho/data/indicators/indicator-details/GHO/age-standardized-suicide-rates-%28per-100-000-population%29,2003,2003,2003,EMR,Eastern Mediterranean,SOM,Somalia,SEX,SEX_MLE,Male,23.17779534,23.2 [10.5-47.9],10.52155495,47.92814991
MH_12,Age-standardized suicide rates (per 100 000 population),https://www.who.int/data/gho/data/indicators/indicator-details/GHO/age-standardized-suicide-rates-%28per-100-000-population%29,2006,2006,2006,EMR,Eastern Mediterranean,SOM,Somalia,SEX,SEX_FMLE,Female,10.6428183,10.6 [5.6-18.7],5.640879168,18.72952398
MH_12,Age-standardized suicide rates (per 100 000 population),https://www.who.int/data/gho/data/indicators/indicator-details/GHO/age-standardized-suicide-rates-%28per-100-000-population%29,2003,2003,2003,EMR,Eastern Mediterranean,SOM,Somalia,SEX,SEX_BTSX,Both sexes,16.56161914,16.6 [7.9-32.3],7.888256503,32.33622741
SDGSUICIDE,Crude suicide rates (per 100 000 population),https://www.who.int/data/gho/data/indicators/indicator-details/GHO/suicide-mortality-rate-%28sdg-3.4.2%29,2019,2019,2019,EMR,Eastern Mediterranean,SOM,Somalia,SEX,SEX_MLE,Male,55.64,55.6,,
MH_12,Age-standardized suicide rates (per 100 000 population),https://www.who.int/data/gho/data/indicators/indicator-details/GHO/age-standardized-suicide-rates-%28per-100-000-population%29,2001,2001,2001,EMR,Eastern Mediterranean,SOM,Somalia,SEX,SEX_BTSX,Both sexes,16.65022355,16.7 [7.9-32.2],7.919622502,32.22199354
SDGSUICIDE,Crude suicide rates (per 100 000 population),https://www.who.int/data/gho/data/indicators/indicator-details/GHO/suicide-mortality-rate-%28sdg-3.4.2%29,2003,2003,2003,EMR,Eastern Mediterranean,SOM,Somalia,SEX,SEX_BTSX,Both sexes,8.484765186,8.5 [3.9-16.9],3.927639878,16.89519061
MH_12,Age-standardized suicide rates (per 100 000 population),https://www.who.int/data/gho/data/indicators/indicator-details/GHO/age-standardized-suicide-rates-%28per-100-000-population%29,2021,2021,2021,EMR,Eastern Mediterranean,SOM,Somalia,SEX,SEX_MLE,Male,19.61937298,19.6 [9.0-40.2],9.025950697,40.17408996
SDGSUICIDE,Crude suicide rates (per 100 000 population),https://www.who.int/data/gho/data/indicators/indicator-details/GHO/suicide-mortality-rate-%28sdg-3.4.2%29,2013,2013,2013,EMR,Eastern Mediterranean,SOM,Somalia,SEX,SEX_MLE,Male,10.60112281,10.6 [4.7-22.7],4.686499407,22.696916
SDGSUICIDE,Crude suicide rates (per 100 000 population),https://www.who.int/data/gho/data/indicators/indicator-details/GHO/suicide-mortality-rate-%28sdg-3.4.2%29,2015,2015,2015,EMR,Eastern Mediterranean,SOM,Somalia,SEX,SEX_MLE,Male,10.41275843,10.4 [4.6-22.4],4.601719922,22.43806987
MH_12,Age-standardized suicide rates (per 100 000 population),https://www.who.int/data/gho/data/indicators/indicator-details/GHO/age-standardized-suicide-rates-%28per-100-000-population%29,2012,2012,2012,EMR,Eastern Mediterranean,SOM,Somalia,SEX,SEX_MLE,Male,21.44581282,21.4 [10.0-45.4],10.00592949,45.37864745
SDGSUICIDE,Crude suicide rates (per 100 000 population),https://www.who.int/data/gho/data/indicators/indicator-details/GHO/suicide-mortality-rate-%28sdg-3.4.2%29,2019,2019,2019,EMR,Eastern Mediterranean,SOM,Somalia,SEX,SEX_BTSX,Both sexes,12.78,12.8,,
SDGSUICIDE,Crude suicide rates (per 100 000 population),https://www.who.int/data/gho/data/indicators/indicator-details/GHO/suicide-mortality-rate-%28sdg-3.4.2%29,2019,2019,2019,EMR,Eastern Mediterranean,SOM,Somalia,SEX,SEX_FMLE,Female,5.03,5,,
SDGSUICIDE,Crude suicide rates (per 100 000 population),https://www.who.int/data/gho/data/indicators/indicator-details/GHO/suicide-mortality-rate-%28sdg-3.4.2%29,2019,2019,2019,EMR,Eastern Mediterranean,SOM,Somalia,SEX,SEX_BTSX,Both sexes,63.69,63.7,,
SDGSUICIDE,Crude suicide rates (per 100 000 population),https://www.who.int/data/gho/data/indicators/indicator-details/GHO/suicide-mortality-rate-%28sdg-3.4.2%29,2008,2008,2008,EMR,Eastern Mediterranean,SOM,Somalia,SEX,SEX_FMLE,Female,5.605769526,5.6 [2.9-9.8],2.906427321,9.78603811
SDGSUICIDE,Crude suicide rates (per 100 000 population),https://www.who.int/data/gho/data/indicators/indicator-details/GHO/suicide-mortality-rate-%28sdg-3.4.2%29,2019,2019,2019,EMR,Eastern Mediterranean,SOM,Somalia,SEX,SEX_BTSX,Both sexes,5.35,5.4,,
SDGSUICIDE,Crude suicide rates (per 100 000 population),https://www.who.int/data/gho/data/indicators/indicator-details/GHO/suicide-mortality-rate-%28sdg-3.4.2%29,2019,2019,2019,EMR,Eastern Mediterranean,SOM,Somalia,SEX,SEX_MLE,Male,73.14,73.1,,
SDGSUICIDE,Crude suicide rates (per 100 000 population),https://www.who.int/data/gho/data/indicators/indicator-details/GHO/suicide-mortality-rate-%28sdg-3.4.2%29,2011,2011,2011,EMR,Eastern Mediterranean,SOM,Somalia,SEX,SEX_BTSX,Both sexes,6.859929701,6.9 [3.2-13.7],3.206054726,13.72790264
MH_12,Age-standardized suicide rates (per 100 000 population),https://www.who.int/data/gho/data/indicators/indicator-details/GHO/age-standardized-suicide-rates-%28per-100-000-population%29,2015,2015,2015,EMR,Eastern Mediterranean,SOM,Somalia,SEX,SEX_BTSX,Both sexes,15.76930428,15.8 [7.8-31.7],7.773831195,31.67599996
MH_12,Age-standardized suicide rates (per 100 000 population),https://www.who.int/data/gho/data/indicators/indicator-details/GHO/age-standardized-suicide-rates-%28per-100-000-population%29,2002,2002,2002,EMR,Eastern Mediterranean,SOM,Somalia,SEX,SEX_FMLE,Female,10.62507649,10.6 [5.5-18.2],5.545251013,18.17240847
SDGSUICIDE,Crude suicide rates (per 100 000 population),https://www.who.int/data/gho/data/indicators/indicator-details/GHO/suicide-mortality-rate-%28sdg-3.4.2%29,2005,2005,2005,EMR,Eastern Mediterranean,SOM,Somalia,SEX,SEX_MLE,Male,11.23977513,11.2 [4.9-24.0],4.890609248,23.97519935
SDGSUICIDE,Crude suicide rates (per 100 000 population),https://www.who.int/data/gho/data/indicators/indicator-details/GHO/suicide-mortality-rate-%28sdg-3.4.2%29,2017,2017,2017,EMR,Eastern Mediterranean,SOM,Somalia,SEX,SEX_FMLE,Female,5.686436921,5.7 [3.0-10.4],3.003737054,10.35466701
MH_12,Age-standardized suicide rates (per 100 000 population),https://www.who.int/data/gho/data/indicators/indicator-details/GHO/age-standardized-suicide-rates-%28per-100-000-population%29,2011,2011,2011,EMR,Eastern Mediterranean,SOM,Somalia,SEX,SEX_MLE,Male,20.05199054,20.1 [9.1-41.7],9.128107378,41.71254228
MH_12,Age-standardized suicide rates (per 100 000 population),https://www.who.int/data/gho/data/indicators/indicator-details/GHO/age-standardized-suicide-rates-%28per-100-000-population%29,2004,2004,2004,EMR,Eastern Mediterranean,SOM,Somalia,SEX,SEX_BTSX,Both sexes,16.6913881,16.7 [7.9-32.8],7.936322565,32.79725796
MH_12,Age-standardized suicide rates (per 100 000 population),https://www.who.int/data/gho/data/indicators/indicator-details/GHO/age-standardized-suicide-rates-%28per-100-000-population%29,2018,2018,2018,EMR,Eastern Mediterranean,SOM,Somalia,SEX,SEX_MLE,Male,21.34247058,21.3 [10.0-45.0],10.00893133,45.03772949
MH_12,Age-standardized suicide rates (per 100 000 population),https://www.who.int/data/gho/data/indicators/indicator-details/GHO/age-standardized-suicide-rates-%28per-100-000-population%29,2009,2009,2009,EMR,Eastern Mediterranean,SOM,Somalia,SEX,SEX_MLE,Male,22.99301989,23.0 [10.3-47.4],10.25198634,47.3711664
SDGSUICIDE,Crude suicide rates (per 100 000 population),https://www.who.int/data/gho/data/indicators/indicator-details/GHO/suicide-mortality-rate-%28sdg-3.4.2%29,2014,2014,2014,EMR,Eastern Mediterranean,SOM,Somalia,SEX,SEX_MLE,Male,10.49000966,10.5 [4.6-22.6],4.614652624,22.63059087
MH_12,Age-standardized suicide rates (per 100 000 population),https://www.who.int/data/gho/data/indicators/indicator-details/GHO/age-standardized-suicide-rates-%28per-100-000-population%29,2015,2015,2015,EMR,Eastern Mediterranean,SOM,Somalia,SEX,SEX_MLE,Male,21.79019874,21.8 [10.2-46.2],10.15943012,46.23925843
SDGSUICIDE,Crude suicide rates (per 100 000 population),https://www.who.int/data/gho/data/indicators/indicator-details/GHO/suicide-mortality-rate-%28sdg-3.4.2%29,2016,2016,2016,EMR,Eastern Mediterranean,SOM,Somalia,SEX,SEX_BTSX,Both sexes,7.969694096,8.0 [3.7-16.1],3.749503754,16.13975563
MH_12,Age-standardized suicide rates (per 100 000 population),https://www.who.int/data/gho/data/indicators/indicator-details/GHO/age-standardized-suicide-rates-%28per-100-000-population%29,2014,2014,2014,EMR,Eastern Mediterranean,SOM,Somalia,SEX,SEX_BTSX,Both sexes,15.86362624,15.9 [7.8-32.0],7.778732067,32.00921112
MH_12,Age-standardized suicide rates (per 100 000 population),https://www.who.int/data/gho/data/indicators/indicator-details/GHO/age-standardized-suicide-rates-%28per-100-000-population%29,2016,2016,2016,EMR,Eastern Mediterranean,SOM,Somalia,SEX,SEX_MLE,Male,21.50907067,21.5 [9.9-45.4],9.945976337,45.40963186
SDGSUICIDE,Crude suicide rates (per 100 000 population),https://www.who.int/data/gho/data/indicators/indicator-details/GHO/suicide-mortality-rate-%28sdg-3.4.2%29,2002,2002,2002,EMR,Eastern Mediterranean,SOM,Somalia,SEX,SEX_FMLE,Female,5.620888912,5.6 [2.9-9.7],2.874902581,9.652037413
SDGSUICIDE,Crude suicide rates (per 100 000 population),https://www.who.int/data/gho/data/indicators/indicator-details/GHO/suicide-mortality-rate-%28sdg-3.4.2%29,2012,2012,2012,EMR,Eastern Mediterranean,SOM,Somalia,SEX,SEX_BTSX,Both sexes,7.565051838,7.6 [3.6-15.2],3.577018837,15.20812271
MH_12,Age-standardized suicide rates (per 100 000 population),https://www.who.int/data/gho/data/indicators/indicator-details/GHO/age-standardized-suicide-rates-%28per-100-000-population%29,2006,2006,2006,EMR,Eastern Mediterranean,SOM,Somalia,SEX,SEX_MLE,Male,22.89778412,22.9 [10.2-47.4],10.21858223,47.38900961
SDGSUICIDE,Crude suicide rates (per 100 000 population),https://www.who.int/data/gho/data/indicators/indicator-details/GHO/suicide-mortality-rate-%28sdg-3.4.2%29,2019,2019,2019,EMR,Eastern Mediterranean,SOM,Somalia,SEX,SEX_FMLE,Female,2.56,2.6,,
SDGSUICIDE,Crude suicide rates (per 100 000 population),https://www.who.int/data/gho/data/indicators/indicator-details/GHO/suicide-mortality-rate-%28sdg-3.4.2%29,2004,2004,2004,EMR,Eastern Mediterranean,SOM,Somalia,SEX,SEX_BTSX,Both sexes,8.539162442,8.5 [3.9-17.1],3.944811424,17.11738633
SDGSUICIDE,Crude suicide rates (per 100 000 population),https://www.who.int/data/gho/data/indicators/indicator-details/GHO/suicide-mortality-rate-%28sdg-3.4.2%29,2021,2021,2021,EMR,Eastern Mediterranean,SOM,Somalia,SEX,SEX_BTSX,Both sexes,7.960226565,8.0 [3.8-15.8],3.757091511,15.78904967
SDGSUICIDE,Crude suicide rates (per 100 000 population),https://www.who.int/data/gho/data/indicators/indicator-details/GHO/suicide-mortality-rate-%28sdg-3.4.2%29,2007,2007,2007,EMR,Eastern Mediterranean,SOM,Somalia,SEX,SEX_MLE,Male,10.91147542,10.9 [4.7-23.0],4.740478748,22.99159187
MH_12,Age-standardized suicide rates (per 100 000 population),https://www.who.int/data/gho/data/indicators/indicator-details/GHO/age-standardized-suicide-rates-%28per-100-000-population%29,2012,2012,2012,EMR,Eastern Mediterranean,SOM,Somalia,SEX,SEX_BTSX,Both sexes,15.28345713,15.3 [7.5-30.6],7.543211277,30.56514574
SDGSUICIDE,Crude suicide rates (per 100 000 population),https://www.who.int/data/gho/data/indicators/indicator-details/GHO/suicide-mortality-rate-%28sdg-3.4.2%29,2019,2019,2019,EMR,Eastern Mediterranean,SOM,Somalia,SEX,SEX_MLE,Male,20.9,20.9,,
SDGSUICIDE,Crude suicide rates (per 100 000 population),https://www.who.int/data/gho/data/indicators/indicator-details/GHO/suicide-mortality-rate-%28sdg-3.4.2%29,2015,2015,2015,EMR,Eastern Mediterranean,SOM,Somalia,SEX,SEX_BTSX,Both sexes,8.003516521,8.0 [3.8-16.2],3.784397451,16.21950078
SDGSUICIDE,Crude suicide rates (per 100 000 population),https://www.who.int/data/gho/data/indicators/indicator-details/GHO/suicide-mortality-rate-%28sdg-3.4.2%29,2006,2006,2006,EMR,Eastern Mediterranean,SOM,Somalia,SEX,SEX_FMLE,Female,5.57937428,5.6 [2.9-9.9],2.879787743,9.856101763
MH_12,Age-standardized suicide rates (per 100 000 population),https://www.who.int/data/gho/data/indicators/indicator-details/GHO/age-standardized-suicide-rates-%28per-100-000-population%29,2004,2004,2004,EMR,Eastern Mediterranean,SOM,Somalia,SEX,SEX_MLE,Male,23.32387349,23.3 [10.5-48.5],10.47860633,48.52352666
MH_12,Age-standardized suicide rates (per 100 000 population),https://www.who.int/data/gho/data/indicators/indicator-details/GHO/age-standardized-suicide-rates-%28per-100-000-population%29,2000,2000,2000,EMR,Eastern Mediterranean,SOM,Somalia,SEX,SEX_BTSX,Both sexes,16.53406468,16.5 [7.8-31.9],7.840806427,31.94110778
SDGSUICIDE,Crude suicide rates (per 100 000 population),https://www.who.int/data/gho/data/indicators/indicator-details/GHO/suicide-mortality-rate-%28sdg-3.4.2%29,2001,2001,2001,EMR,Eastern Mediterranean,SOM,Somalia,SEX,SEX_FMLE,Female,5.649080375,5.6 [2.9-9.7],2.907643837,9.717416619
SDGSUICIDE,Crude suicide rates (per 100 000 population),https://www.who.int/data/gho/data/indicators/indicator-details/GHO/suicide-mortality-rate-%28sdg-3.4.2%29,2020,2020,2020,EMR,Eastern Mediterranean,SOM,Somalia,SEX,SEX_FMLE,Female,5.833893474,5.8 [3.1-10.7],3.08266683,10.66804162
SDGSUICIDE,Crude suicide rates (per 100 000 population),https://www.who.int/data/gho/data/indicators/indicator-details/GHO/suicide-mortality-rate-%28sdg-3.4.2%29,2020,2020,2020,EMR,Eastern Mediterranean,SOM,Somalia,SEX,SEX_MLE,Male,10.23618878,10.2 [4.5-21.5],4.536573129,21.49239873
SDGSUICIDE,Crude suicide rates (per 100 000 population),https://www.who.int/data/gho/data/indicators/indicator-details/GHO/suicide-mortality-rate-%28sdg-3.4.2%29,2019,2019,2019,EMR,Eastern Mediterranean,SOM,Somalia,SEX,SEX_BTSX,Both sexes,50.3,50.3,,
SDGSUICIDE,Crude suicide rates (per 100 000 population),https://www.who.int/data/gho/data/indicators/indicator-details/GHO/suicide-mortality-rate-%28sdg-3.4.2%29,2019,2019,2019,EMR,Eastern Mediterranean,SOM,Somalia,SEX,SEX_FMLE,Female,20.74,20.7,,
SDGSUICIDE,Crude suicide rates (per 100 000 population),https://www.who.int/data/gho/data/indicators/indicator-details/GHO/suicide-mortality-rate-%28sdg-3.4.2%29,2002,2002,2002,EMR,Eastern Mediterranean,SOM,Somalia,SEX,SEX_MLE,Male,11.50638785,11.5 [5.0-24.3],5.021998147,24.29512103
MH_12,Age-standardized suicide rates (per 100 000 population),https://www.who.int/data/gho/data/indicators/indicator-details/GHO/age-standardized-suicide-rates-%28per-100-000-population%29,2015,2015,2015,EMR,Eastern Mediterranean,SOM,Somalia,SEX,SEX_FMLE,Female,10.44949268,10.4 [5.7-18.9],5.72276569,18.85697447
MH_12,Age-standardized suicide rates (per 100 000 population),https://www.who.int/data/gho/data/indicators/indicator-details/GHO/age-standardized-suicide-rates-%28per-100-000-population%29,2002,2002,2002,EMR,Eastern Mediterranean,SOM,Somalia,SEX,SEX_MLE,Male,23.34519064,23.3 [10.5-48.1],10.51240283,48.07372655
MH_12,Age-standardized suicide rates (per 100 000 population),https://www.who.int/data/gho/data/indicators/indicator-details/GHO/age-standardized-suicide-rates-%28per-100-000-population%29,2009,2009,2009,EMR,Eastern Mediterranean,SOM,Somalia,SEX,SEX_FMLE,Female,10.72550009,10.7 [5.7-18.7],5.653307348,18.71056191
MH_12,Age-standardized suicide rates (per 100 000 population),https://www.who.int/data/gho/data/indicators/indicator-details/GHO/age-standardized-suicide-rates-%28per-100-000-population%29,2005,2005,2005,EMR,Eastern Mediterranean,SOM,Somalia,SEX,SEX_BTSX,Both sexes,16.59819655,16.6 [7.9-32.6],7.931390141,32.57825226
MH_12,Age-standardized suicide rates (per 100 000 population),https://www.who.int/data/gho/data/indicators/indicator-details/GHO/age-standardized-suicide-rates-%28per-100-000-population%29,2006,2006,2006,EMR,Eastern Mediterranean,SOM,Somalia,SEX,SEX_BTSX,Both sexes,16.42358767,16.4 [7.8-32.3],7.785894751,32.26480808
SDGSUICIDE,Crude suicide rates (per 100 000 population),https://www.who.int/data/gho/data/indicators/indicator-details/GHO/suicide-mortality-rate-%28sdg-3.4.2%29,2019,2019,2019,EMR,Eastern Mediterranean,SOM,Somalia,SEX,SEX_BTSX,Both sexes,23.69,23.7,,
SDGSUICIDE,Crude suicide rates (per 100 000 population),https://www.who.int/data/gho/data/indicators/indicator-details/GHO/suicide-mortality-rate-%28sdg-3.4.2%29,2019,2019,2019,EMR,Eastern Mediterranean,SOM,Somalia,SEX,SEX_FMLE,Female,4.04,4.0,,
MH_12,Age-standardized suicide rates (per 100 000 population),https://www.who.int/data/gho/data/indicators/indicator-details/GHO/age-standardized-suicide-rates-%28per-100-000-population%29,2008,2008,2008,EMR,Eastern Mediterranean,SOM,Somalia,SEX,SEX_FMLE,Female,10.67497116,10.7 [5.7-18.6],5.66450684,18.60060603
MH_12,Age-standardized suicide rates (per 100 000 population),https://www.who.int/data/gho/data/indicators/indicator-details/GHO/age-standardized-suicide-rates-%28per-100-000-population%29,2013,2013,2013,EMR,Eastern Mediterranean,SOM,Somalia,SEX,SEX_BTSX,Both sexes,15.98523868,16.0 [7.9-32.0],7.877806878,32.01734404
SDGSUICIDE,Crude suicide rates (per 100 000 population),https://www.who.int/data/gho/data/indicators/indicator-details/GHO/suicide-mortality-rate-%28sdg-3.4.2%29,2014,2014,2014,EMR,Eastern Mediterranean,SOM,Somalia,SEX,SEX_BTSX,Both sexes,8.052742437,8.1 [3.8-16.3],3.78576241,16.34433857
MH_12,Age-standardized suicide rates (per 100 000 population),https://www.who.int/data/gho/data/indicators/indicator-details/GHO/age-standardized-suicide-rates-%28per-100-000-population%29,2010,2010,2010,EMR,Eastern Mediterranean,SOM,Somalia,SEX,SEX_BTSX,Both sexes,15.61431874,15.6 [7.4-30.5],7.41041783,30.47315508
SDGSUICIDE,Crude suicide rates (per 100 000 population),https://www.who.int/data/gho/data/indicators/indicator-details/GHO/suicide-mortality-rate-%28sdg-3.4.2%29,2019,2019,2019,EMR,Eastern Mediterranean,SOM,Somalia,SEX,SEX_MLE,Male,40.35,40.3,,
MH_12,Age-standardized suicide rates (per 100 000 population),https://www.who.int/data/gho/data/indicators/indicator-details/GHO/age-standardized-suicide-rates-%28per-100-000-population%29,2017,2017,2017,EMR,Eastern Mediterranean,SOM,Somalia,SEX,SEX_MLE,Male,21.4301586,21.4 [10.0-45.2],10.00793651,45.23728125
MH_12,Age-standardized suicide rates (per 100 000 population),https://www.who.int/data/gho/data/indicators/indicator-details/GHO/age-standardized-suicide-rates-%28per-100-000-population%29,2013,2013,2013,EMR,Eastern Mediterranean,SOM,Somalia,SEX,SEX_MLE,Male,22.15651974,22.2 [10.3-46.9],10.34196689,46.91313645
SDGSUICIDE,Crude suicide rates (per 100 000 population),https://www.who.int/data/gho/data/indicators/indicator-details/GHO/suicide-mortality-rate-%28sdg-3.4.2%29,2020,2020,2020,EMR,Eastern Mediterranean,SOM,Somalia,SEX,SEX_BTSX,Both sexes,8.039417194,8.0 [3.8-16.1],3.807725784,16.07224613
MH_12,Age-standardized suicide rates (per 100 000 population),https://www.who.int/data/gho/data/indicators/indicator-details/GHO/age-standardized-suicide-rates-%28per-100-000-population%29,2007,2007,2007,EMR,Eastern Mediterranean,SOM,Somalia,SEX,SEX_FMLE,Female,10.54267259,10.5 [5.6-18.4],5.566025396,18.38838119
SDGSUICIDE,Crude suicide rates (per 100 000 population),https://www.who.int/data/gho/data/indicators/indicator-details/GHO/suicide-mortality-rate-%28sdg-3.4.2%29,2019,2019,2019,EMR,Eastern Mediterranean,SOM,Somalia,SEX,SEX_BTSX,Both sexes,7.37,7.4,,
SDGSUICIDE,Crude suicide rates (per 100 000 population),https://www.who.int/data/gho/data/indicators/indicator-details/GHO/suicide-mortality-rate-%28sdg-3.4.2%29,2018,2018,2018,EMR,Eastern Mediterranean,SOM,Somalia,SEX,SEX_MLE,Male,10.21130032,10.2 [4.5-21.8],4.533655847,21.81742739
SDGSUICIDE,Crude suicide rates (per 100 000 population),https://www.who.int/data/gho/data/indicators/indicator-details/GHO/suicide-mortality-rate-%28sdg-3.4.2%29,2008,2008,2008,EMR,Eastern Mediterranean,SOM,Somalia,SEX,SEX_BTSX,Both sexes,8.345888162,8.3 [3.8-16.5],3.839310763,16.54750771
MH_12,Age-standardized suicide rates (per 100 000 population),https://www.who.int/data/gho/data/indicators/indicator-details/GHO/age-standardized-suicide-rates-%28per-100-000-population%29,2017,2017,2017,EMR,Eastern Mediterranean,SOM,Somalia,SEX,SEX_BTSX,Both sexes,15.66112829,15.7 [7.7-31.4],7.707747923,31.40033194
MH_12,Age-standardized suicide rates (per 100 000 population),https://www.who.int/data/gho/data/indicators/indicator-details/GHO/age-standardized-suicide-rates-%28per-100-000-population%29,2008,2008,2008,EMR,Eastern Mediterranean,SOM,Somalia,SEX,SEX_MLE,Male,22.94178112,22.9 [10.2-47.2],10.23581368,47.17238126
SDGSUICIDE,Crude suicide rates (per 100 000 population),https://www.who.int/data/gho/data/indicators/indicator-details/GHO/suicide-mortality-rate-%28sdg-3.4.2%29,2010,2010,2010,EMR,Eastern Mediterranean,SOM,Somalia,SEX,SEX_MLE,Male,10.43481983,10.4 [4.5-21.9],4.484420809,21.93289272
SDGSUICIDE,Crude suicide rates (per 100 000 population),https://www.who.int/data/gho/data/indicators/indicator-details/GHO/suicide-mortality-rate-%28sdg-3.4.2%29,2012,2012,2012,EMR,Eastern Mediterranean,SOM,Somalia,SEX,SEX_FMLE,Female,5.040618272,5.0 [2.7-8.9],2.695448654,8.921037978
SDGSUICIDE,Crude suicide rates (per 100 000 population),https://www.who.int/data/gho/data/indicators/indicator-details/GHO/suicide-mortality-rate-%28sdg-3.4.2%29,2019,2019,2019,EMR,Eastern Mediterranean,SOM,Somalia,SEX,SEX_MLE,Male,258.47,258.5,,
SDGSUICIDE,Crude suicide rates (per 100 000 population),https://www.who.int/data/gho/data/indicators/indicator-details/GHO/suicide-mortality-rate-%28sdg-3.4.2%29,2013,2013,2013,EMR,Eastern Mediterranean,SOM,Somalia,SEX,SEX_BTSX,Both sexes,8.111466675,8.1 [3.8-16.3],3.828187881,16.33662269
SDGSUICIDE,Crude suicide rates (per 100 000 population),https://www.who.int/data/gho/data/indicators/indicator-details/GHO/suicide-mortality-rate-%28sdg-3.4.2%29,2019,2019,2019,EMR,Eastern Mediterranean,SOM,Somalia,SEX,SEX_BTSX,Both sexes,12.15,12.2,,
SDGSUICIDE,Crude suicide rates (per 100 000 population),https://www.who.int/data/gho/data/indicators/indicator-details/GHO/suicide-mortality-rate-%28sdg-3.4.2%29,2003,2003,2003,EMR,Eastern Mediterranean,SOM,Somalia,SEX,SEX_FMLE,Female,5.61155407,5.6 [2.9-9.8],2.866522078,9.759207611
SDGSUICIDE,Crude suicide rates (per 100 000 population),https://www.who.int/data/gho/data/indicators/indicator-details/GHO/suicide-mortality-rate-%28sdg-3.4.2%29,2019,2019,2019,EMR,Eastern Mediterranean,SOM,Somalia,SEX,SEX_FMLE,Female,28.17,28.2,,
SDGSUICIDE,Crude suicide rates (per 100 000 population),https://www.who.int/data/gho/data/indicators/indicator-details/GHO/suicide-mortality-rate-%28sdg-3.4.2%29,2011,2011,2011,EMR,Eastern Mediterranean,SOM,Somalia,SEX,SEX_FMLE,Female,4.465810384,4.5 [2.4-7.9],2.378869655,7.890150363
SDGSUICIDE,Crude suicide rates (per 100 000 population),https://www.who.int/data/gho/data/indicators/indicator-details/GHO/suicide-mortality-rate-%28sdg-3.4.2%29,2019,2019,2019,EMR,Eastern Mediterranean,SOM,Somalia,SEX,SEX_MLE,Male,10.13344494,10.1 [4.5-21.7],4.49171027,21.66337894
SDGSUICIDE,Crude suicide rates (per 100 000 population),https://www.who.int/data/gho/data/indicators/indicator-details/GHO/suicide-mortality-rate-%28sdg-3.4.2%29,2019,2019,2019,EMR,Eastern Mediterranean,SOM,Somalia,SEX,SEX_FMLE,Female,3.22,3.2,,
SDGSUICIDE,Crude suicide rates (per 100 000 population),https://www.who.int/data/gho/data/indicators/indicator-details/GHO/suicide-mortality-rate-%28sdg-3.4.2%29,2019,2019,2019,EMR,Eastern Mediterranean,SOM,Somalia,SEX,SEX_MLE,Male,8.31,8.3,,
SDGSUICIDE,Crude suicide rates (per 100 000 population),https://www.who.int/data/gho/data/indicators/indicator-details/GHO/suicide-mortality-rate-%28sdg-3.4.2%29,2016,2016,2016,EMR,Eastern Mediterranean,SOM,Somalia,SEX,SEX_FMLE,Female,5.645595291,5.6 [3.0-10.3],2.990216758,10.28327152
MH_12,Age-standardized suicide rates (per 100 000 population),https://www.who.int/data/gho/data/indicators/indicator-details/GHO/age-standardized-suicide-rates-%28per-100-000-population%29,2005,2005,2005,EMR,Eastern Mediterranean,SOM,Somalia,SEX,SEX_FMLE,Female,10.78062862,10.8 [5.7-18.8],5.728969441,18.78673919
