GHO (CODE),GHO (DISPLAY),GHO (URL),YEAR (DISPLAY),STARTYEAR,ENDYEAR,REGION (CODE),REGION (DISPLAY),COUNTRY (CODE),COUNTRY (DISPLAY),DIMENSION (TYPE),DIMENSION (CODE),DIMENSION (NAME),Numeric,Value,Low,High
#indicator+code,#indicator+name,#indicator+url,#date+year,#date+year+start,#date+year+end,#region+code,#region+name,#country+code,#country+name,#dimension+type,#dimension+code,#dimension+name,#indicator+value+num,#indicator+value,#indicator+value+low,#indicator+value+high
ORALHEALTH_UNTREATEDCARIESPERMANENT,Prevalence of untreated caries of permanent teeth in people 5+ years (%),https://www.who.int/data/gho/data/indicators/indicator-details/GHO/prevalence-of-untreated-caries-of-permanent-teeth-in-people-5--years,2019,2019,2019,EMR,Eastern Mediterranean,SOM,Somalia,,,,33.71839,33.7,,
ORALHEALTH_SEVEREPERIODONTALDISEASE,Prevalence of severe periodontal disease in people 15+ year (%),https://www.who.int/data/gho/data/indicators/indicator-details/GHO/prevalence-of-severe-periodontal-disease-in-people-15--years,2019,2019,2019,EMR,Eastern Mediterranean,SOM,Somalia,,,,16.15756,16.2,,
ORALHEALTH_NCD_STAFF,Presence of dedicated staff for oral health working on NCDs at the MoH,https://www.who.int/data/gho/data/indicators/indicator-details/GHO/presence-of-dedicated-staff-for-oral-health-working-on-ncds-at-the-moh,2021,2021,2021,EMR,Eastern Mediterranean,SOM,Somalia,,,,,No,,
ORALHEALTH_NOMA,Oral health: Noma recognized as a national public health problem,https://www.who.int/data/gho/data/indicators/indicator-details/GHO/noma-recognized-as-a-national-public-health-problem,2021,2021,2021,EMR,Eastern Mediterranean,SOM,Somalia,,,,,No,,
ORALHEALTH_DENTALHEALTHCARE_EXP_TOTAL,Total expenditure on dental healthcare in million (US$),https://www.who.int/data/gho/data/indicators/indicator-details/GHO/total-expenditure-on-dental-healthcare-in-million-%28us-dollar%29,2019,2019,2019,EMR,Eastern Mediterranean,SOM,Somalia,,,,2.56783,2.6,,
ORALHEALTH_EDENTULISM_PREVALENCE,Prevalence of edentulism in people 20+ years (%),https://www.who.int/data/gho/data/indicators/indicator-details/GHO/prevalence-of-edentulism-in-people-20--years,2019,2019,2019,EMR,Eastern Mediterranean,SOM,Somalia,,,,2.23857,2.2,,
ORALHEALTH_DENTALHEALTHCARE_EXP_PERCAP,Per capita expenditure on dental healthcare (US$),https://www.who.int/data/gho/data/indicators/indicator-details/GHO/per-capita-expenditure-on-dental-healthcare-%28us-dollar%29,2019,2019,2019,EMR,Eastern Mediterranean,SOM,Somalia,,,,0.1711,0.2,,
ORALHEALTH_PRODLOSS_ORALDISEASES,Total productivity losses due to 5 oral diseases in million (US$),https://www.who.int/data/gho/data/indicators/indicator-details/GHO/total-productivity-losses-due-to-5-oral-diseases-in-million-%28us-dollar%29,2019,2019,2019,EMR,Eastern Mediterranean,SOM,Somalia,,,,7.86676,7.9,,
HWF_0010,"Dentists (per 10,000)",https://www.who.int/data/gho/data/indicators/indicator-details/GHO/dentists-%28per-10-000-population%29,2014,2014,2014,EMR,Eastern Mediterranean,SOM,Somalia,,,,0.0,0,,
ORALHEALTH_UNTREATEDCARIESDECIDUOUS,Prevalence of untreated caries of deciduous teeth in children 1-9 years (%),https://www.who.int/data/gho/data/indicators/indicator-details/GHO/prevalence-of-untreated-caries-of-deciduous-teeth-in-children-1-9-years,2019,2019,2019,EMR,Eastern Mediterranean,SOM,Somalia,,,,42.98486,43.0,,
