GHO (CODE),GHO (DISPLAY),GHO (URL),YEAR (DISPLAY),STARTYEAR,ENDYEAR,REGION (CODE),REGION (DISPLAY),COUNTRY (CODE),COUNTRY (DISPLAY),DIMENSION (TYPE),DIMENSION (CODE),DIMENSION (NAME),Numeric,Value,Low,High
#indicator+code,#indicator+name,#indicator+url,#date+year,#date+year+start,#date+year+end,#region+code,#region+name,#country+code,#country+name,#dimension+type,#dimension+code,#dimension+name,#indicator+value+num,#indicator+value,#indicator+value+low,#indicator+value+high
DEVICES14,Use of nomenclature system,https://www.who.int/data/gho/data/indicators/indicator-details/GHO/use-of-nomenclature-system,2021,2021,2021,EMR,Eastern Mediterranean,SOM,Somalia,,,,,Used for regulatory purposes,,
DEVICES18,Availability of national list of approved medical devices for procurement or reimbursement,https://www.who.int/data/gho/data/indicators/indicator-details/GHO/availability-of-national-list-of-approved-medical-devices-for-procurement-or-reimbursement,2013,2013,2013,EMR,Eastern Mediterranean,SOM,Somalia,,,,,No,,
DEVICES15,Health technology (medical device) national policy,https://www.who.int/data/gho/data/indicators/indicator-details/GHO/health-technology-%28medical-device%29-national-policy,2021,2021,2021,EMR,Eastern Mediterranean,SOM,Somalia,,,,,"Yes, and it is part of the National Health Program/Plan or Policy",,
DEVICES20,Availability of technical specifications of medical devices to support procurement or donations,https://www.who.int/data/gho/data/indicators/indicator-details/GHO/availability-of-technical-specifications-of-medical-devices-to-support-procurement-or-donations,2021,2021,2021,EMR,Eastern Mediterranean,SOM,Somalia,,,,,No data,,
HRH_40,Biomedical engineers density (per 10 000 population),https://www.who.int/data/gho/data/indicators/indicator-details/GHO/biomedical-engineers-density-%28per-10-000-population%29,2015,2015,2015,EMR,Eastern Mediterranean,SOM,Somalia,,,,,No data,,
DEVICES18,Availability of national list of approved medical devices for procurement or reimbursement,https://www.who.int/data/gho/data/indicators/indicator-details/GHO/availability-of-national-list-of-approved-medical-devices-for-procurement-or-reimbursement,2021,2021,2021,EMR,Eastern Mediterranean,SOM,Somalia,,,,,No,,
HRH_45,Biomedical technicians density (per 10 000 population),https://www.who.int/data/gho/data/indicators/indicator-details/GHO/biomedical-technicians-density-%28per-10-000-population%29,2017,2017,2017,EMR,Eastern Mediterranean,SOM,Somalia,,,,,No data,,
DEVICES18,Availability of national list of approved medical devices for procurement or reimbursement,https://www.who.int/data/gho/data/indicators/indicator-details/GHO/availability-of-national-list-of-approved-medical-devices-for-procurement-or-reimbursement,2010,2010,2010,EMR,Eastern Mediterranean,SOM,Somalia,,,,0.0,No,,
DEVICES06,Availability of national standards or recommended lists of medical devices,https://www.who.int/data/gho/data/indicators/indicator-details/GHO/availability-of-national-standards-or-recommended-lists-of-medical-devices,2021,2021,2021,EMR,Eastern Mediterranean,SOM,Somalia,,,,,No list available,,
DEVICES14,Use of nomenclature system,https://www.who.int/data/gho/data/indicators/indicator-details/GHO/use-of-nomenclature-system,2013,2013,2013,EMR,Eastern Mediterranean,SOM,Somalia,,,,,Not specified,,
DEVICES16,Unit in the Ministry of Health responsible for the management of medical devices,https://www.who.int/data/gho/data/indicators/indicator-details/GHO/unit-in-the-ministry-of-health-responsible-for-the-management-of-medical-devices,2013,2013,2013,EMR,Eastern Mediterranean,SOM,Somalia,,,,,No,,
DEVICES15,Health technology (medical device) national policy,https://www.who.int/data/gho/data/indicators/indicator-details/GHO/health-technology-%28medical-device%29-national-policy,2010,2010,2010,EMR,Eastern Mediterranean,SOM,Somalia,,,,0.0,No,,
DEVICES17,Procurement of medical devices carried out at the national level,https://www.who.int/data/gho/data/indicators/indicator-details/GHO/procurement-of-medical-devices-carried-out-at-the-national-level,2013,2013,2013,EMR,Eastern Mediterranean,SOM,Somalia,,,,,No,,
DEVICES19,"National guidelines, policies or recommendations on the procurement of medical devices",https://www.who.int/data/gho/data/indicators/indicator-details/GHO/national-guidelines-policies-or-recommendations-on-the-procurement-of-medical-devices,2021,2021,2021,EMR,Eastern Mediterranean,SOM,Somalia,,,,,No,,
DEVICES16,Unit in the Ministry of Health responsible for the management of medical devices,https://www.who.int/data/gho/data/indicators/indicator-details/GHO/unit-in-the-ministry-of-health-responsible-for-the-management-of-medical-devices,2021,2021,2021,EMR,Eastern Mediterranean,SOM,Somalia,,,,,Yes,,
DEVICES16,Unit in the Ministry of Health responsible for the management of medical devices,https://www.who.int/data/gho/data/indicators/indicator-details/GHO/unit-in-the-ministry-of-health-responsible-for-the-management-of-medical-devices,2010,2010,2010,EMR,Eastern Mediterranean,SOM,Somalia,,,,0.0,No,,
HRH_40,Biomedical engineers density (per 10 000 population),https://www.who.int/data/gho/data/indicators/indicator-details/GHO/biomedical-engineers-density-%28per-10-000-population%29,2014,2014,2014,EMR,Eastern Mediterranean,SOM,Somalia,,,,,No data,,
DEVICES17,Procurement of medical devices carried out at the national level,https://www.who.int/data/gho/data/indicators/indicator-details/GHO/procurement-of-medical-devices-carried-out-at-the-national-level,2021,2021,2021,EMR,Eastern Mediterranean,SOM,Somalia,,,,,No,,
DEVICES15,Health technology (medical device) national policy,https://www.who.int/data/gho/data/indicators/indicator-details/GHO/health-technology-%28medical-device%29-national-policy,2013,2013,2013,EMR,Eastern Mediterranean,SOM,Somalia,,,,,No,,
DEVICES17,Procurement of medical devices carried out at the national level,https://www.who.int/data/gho/data/indicators/indicator-details/GHO/procurement-of-medical-devices-carried-out-at-the-national-level,2010,2010,2010,EMR,Eastern Mediterranean,SOM,Somalia,,,,0.0,No,,
HRH_40,Biomedical engineers density (per 10 000 population),https://www.who.int/data/gho/data/indicators/indicator-details/GHO/biomedical-engineers-density-%28per-10-000-population%29,2017,2017,2017,EMR,Eastern Mediterranean,SOM,Somalia,,,,,No data,,
HRH_44,Number of biomedical engineers,https://www.who.int/data/gho/data/indicators/indicator-details/GHO/number-of-biomedical-engineers,2017,2017,2017,EMR,Eastern Mediterranean,SOM,Somalia,,,,,No data,,
HRH_46,Number of biomedical technicians,https://www.who.int/data/gho/data/indicators/indicator-details/GHO/number-of-biomedical-technicians,2017,2017,2017,EMR,Eastern Mediterranean,SOM,Somalia,,,,,No data,,
DEVICES19,"National guidelines, policies or recommendations on the procurement of medical devices",https://www.who.int/data/gho/data/indicators/indicator-details/GHO/national-guidelines-policies-or-recommendations-on-the-procurement-of-medical-devices,2013,2013,2013,EMR,Eastern Mediterranean,SOM,Somalia,,,,,No,,
DEVICES19,"National guidelines, policies or recommendations on the procurement of medical devices",https://www.who.int/data/gho/data/indicators/indicator-details/GHO/national-guidelines-policies-or-recommendations-on-the-procurement-of-medical-devices,2010,2010,2010,EMR,Eastern Mediterranean,SOM,Somalia,,,,0.0,No,,
