GHO (CODE),ENDYEAR,COUNTRY (CODE),DIMENSION (NAME),Numeric
#indicator+code,#date+year+end,#country+code,#dimension+name,#indicator+value+num
WHOSIS_000001,2008,SOM,Male,48.03754082
WSH_SANITATION_BASIC,2008,SOM,Urban,49.81508
WHOSIS_000001,2000,SOM,Female,51.57348696
WSH_SANITATION_BASIC,2002,SOM,Rural,8.13694
WHOSIS_000001,2004,SOM,Both sexes,49.44567549
MDG_0000000001,2022,SOM,Male,95.442945723
WSH_SANITATION_BASIC,2022,SOM,Urban,56.95531
MDG_0000000001,1995,SOM,Male,110.979106933
WHOSIS_000001,2006,SOM,Male,47.64724144
WSH_SANITATION_BASIC,2007,SOM,Total,24.56039
WHOSIS_000001,2002,SOM,Female,51.72057146
WHOSIS_000001,2015,SOM,Male,51.26942495
WSH_SANITATION_BASIC,2021,SOM,Total,40.39141
MDG_0000000001,2003,SOM,Male,110.731854391
WSH_SANITATION_BASIC,2001,SOM,Total,20.77614
WHOSIS_000001,2007,SOM,Male,47.70384861
WSH_SANITATION_BASIC,2001,SOM,Urban,46.78549
MDG_0000000001,2009,SOM,Both sexes,98.91953147
WSH_SANITATION_BASIC,2016,SOM,Total,35.06461
WHOSIS_000001,2015,SOM,Female,56.00187691
MDG_0000000001,1992,SOM,Female,266.796131173
WHOSIS_000001,2002,SOM,Both sexes,49.39676377
MDG_0000000001,2009,SOM,Female,92.239603582
MDG_0000000001,1997,SOM,Female,97.390464561
WSH_SANITATION_BASIC,2018,SOM,Total,37.16507
WHOSIS_000001,2009,SOM,Male,48.37521375
MDG_0000000001,1992,SOM,Male,280.933606785
MDG_0000000001,1989,SOM,Male,114.401276657
MDG_0000000001,2003,SOM,Both sexes,104.26295143
MDG_0000000001,2001,SOM,Male,110.866649946
WHOSIS_000001,2016,SOM,Male,51.63684794
WHOSIS_000001,2010,SOM,Both sexes,49.52620758
WSH_SANITATION_BASIC,2007,SOM,Urban,49.28502
MDG_0000000001,1990,SOM,Male,113.712366961
MDG_0000000001,2001,SOM,Female,97.464165638
MDG_0000000001,1991,SOM,Male,271.757025252
MDG_0000000001,2016,SOM,Female,75.64243979
MDG_0000000001,2014,SOM,Male,92.455984412
MDG_0000000001,2013,SOM,Male,95.144234205
MDG_0000000001,2015,SOM,Male,90.170303527
WHOSIS_000001,2016,SOM,Both sexes,53.9446075
WSH_SANITATION_BASIC,2022,SOM,Total,40.5758
MDG_0000000001,2023,SOM,Both sexes,67.839535028
WHOSIS_000001,2004,SOM,Female,51.8660989
MDG_0000000001,1988,SOM,Female,100.348034158
WHOSIS_000001,2016,SOM,Female,56.44009449
MDG_0000000001,2017,SOM,Male,102.752475389
MDG_0000000001,1999,SOM,Male,110.820972147
MDG_0000000001,2023,SOM,Female,62.292285802
WSH_SANITATION_BASIC,2008,SOM,Total,25.90049
WHOSIS_000001,2011,SOM,Both sexes,43.81163424
WSH_SANITATION_BASIC,2019,SOM,Total,38.23091
MDG_0000000001,2005,SOM,Female,97.43370315
MDG_0000000001,1986,SOM,Male,113.754252817
WSH_SANITATION_BASIC,2010,SOM,Urban,50.88343
WHOSIS_000001,2019,SOM,Both sexes,55.21397342
MDG_0000000001,2019,SOM,Male,81.619185791
MDG_0000000001,1984,SOM,Both sexes,105.849983354
MDG_0000000001,2015,SOM,Both sexes,84.066515261
WSH_SANITATION_BASIC,2020,SOM,Total,39.30662
WSH_SANITATION_BASIC,2005,SOM,Urban,48.23312
MDG_0000000001,2013,SOM,Female,82.494148439
MDG_0000000001,1997,SOM,Male,110.893989057
WSH_SANITATION_BASIC,2019,SOM,Rural,23.50885
WHOSIS_000001,2005,SOM,Both sexes,49.79233436
MDG_0000000001,1990,SOM,Female,99.419382816
WHOSIS_000001,2013,SOM,Male,50.22523324
MDG_0000000001,1986,SOM,Both sexes,106.614861214
WHOSIS_000001,2021,SOM,Male,51.74982512
MDG_0000000001,1984,SOM,Male,113.025231172
WSH_SANITATION_BASIC,2006,SOM,Rural,10.76949
WSH_SANITATION_BASIC,2005,SOM,Total,23.86522
MDG_0000000001,2014,SOM,Both sexes,86.31006168
WSH_SANITATION_BASIC,2009,SOM,Urban,50.34788
WSH_SANITATION_BASIC,2021,SOM,Urban,56.95531
WHOSIS_000001,2002,SOM,Male,47.26937738
MDG_0000000001,2002,SOM,Female,97.508052952
MDG_0000000001,2009,SOM,Male,105.370220674
WSH_SANITATION_BASIC,2000,SOM,Urban,46.4769
MDG_0000000001,2007,SOM,Female,95.949960546
MDG_0000000001,2020,SOM,Male,79.420282446
MDG_0000000001,1993,SOM,Male,111.182549609
WSH_SANITATION_BASIC,2018,SOM,Rural,22.3722
MDG_0000000001,1983,SOM,Male,113.041427793
WHOSIS_000001,2018,SOM,Both sexes,54.6726292
WSH_SANITATION_BASIC,2014,SOM,Urban,53.05301
WHOSIS_000001,2001,SOM,Both sexes,49.32648692
WHOSIS_000001,2019,SOM,Female,57.74652687
MDG_0000000001,2010,SOM,Female,106.089179743
WSH_SANITATION_BASIC,2008,SOM,Rural,12.44211
WSH_SANITATION_BASIC,2007,SOM,Rural,11.59274
MDG_0000000001,1989,SOM,Both sexes,107.509509396
WSH_SANITATION_BASIC,2015,SOM,Total,34.03126
WHOSIS_000001,2011,SOM,Female,46.29818315
WHOSIS_000001,2012,SOM,Both sexes,50.10797443
WHOSIS_000001,2017,SOM,Female,56.8316085
WSH_SANITATION_BASIC,2014,SOM,Rural,18.08677
MDG_0000000001,2005,SOM,Male,110.799379511
MDG_0000000001,2012,SOM,Male,118.644192954
MDG_0000000001,1985,SOM,Male,113.271552937
WHOSIS_000001,2007,SOM,Both sexes,49.97697257
MDG_0000000001,2000,SOM,Female,97.429299802
WSH_SANITATION_BASIC,2002,SOM,Total,21.37847
MDG_0000000001,2019,SOM,Female,69.556635158
WHOSIS_000001,2020,SOM,Male,52.84960978
WHOSIS_000001,2001,SOM,Female,51.64988019
MDG_0000000001,1983,SOM,Female,98.109503157
WHOSIS_000001,2014,SOM,Female,55.55978648
MDG_0000000001,1999,SOM,Both sexes,104.26295143
WHOSIS_000001,2005,SOM,Female,52.08483608
WSH_SANITATION_BASIC,2019,SOM,Urban,55.82666
MDG_0000000001,2006,SOM,Female,97.057000373
WSH_SANITATION_BASIC,2016,SOM,Rural,20.17725
MDG_0000000001,2008,SOM,Female,94.175479725
MDG_0000000001,2007,SOM,Both sexes,102.845132834
MDG_0000000001,2018,SOM,Female,79.448659148
MDG_0000000001,1998,SOM,Male,110.85497749
WSH_SANITATION_BASIC,2003,SOM,Rural,8.66914
MDG_0000000001,1986,SOM,Female,99.118483156
WHOSIS_000001,2000,SOM,Male,47.18542024
WSH_SANITATION_BASIC,2011,SOM,Urban,51.42171
WSH_SANITATION_BASIC,2009,SOM,Rural,13.31759
WSH_SANITATION_BASIC,2006,SOM,Urban,48.7577
WHOSIS_000001,2018,SOM,Male,52.24588762
WSH_SANITATION_BASIC,2010,SOM,Total,28.63191
MDG_0000000001,1989,SOM,Female,100.20012701
MDG_0000000001,2023,SOM,Male,73.148684031
MDG_0000000001,2004,SOM,Male,110.792434498
WSH_SANITATION_BASIC,2013,SOM,Total,32.00099
WSH_SANITATION_BASIC,2012,SOM,Urban,51.96274
MDG_0000000001,2012,SOM,Both sexes,112.406801209
WHOSIS_000001,2017,SOM,Male,51.74155396
MDG_0000000001,2015,SOM,Female,77.669430484
MDG_0000000001,2013,SOM,Both sexes,88.9762609
WHOSIS_000001,2008,SOM,Female,52.79262503
WHOSIS_000001,2018,SOM,Female,57.30095418
MDG_0000000001,1988,SOM,Male,114.831161022
WHOSIS_000001,2012,SOM,Female,52.75614304
WHOSIS_000001,2020,SOM,Female,57.60880834
MDG_0000000001,1990,SOM,Both sexes,106.752434775
WSH_SANITATION_BASIC,2021,SOM,Rural,25.86049
WSH_SANITATION_BASIC,2013,SOM,Urban,52.50651
MDG_0000000001,2022,SOM,Female,84.250215508
MDG_0000000001,2002,SOM,Both sexes,104.26295143
MDG_0000000001,2019,SOM,Both sexes,75.733516055
MDG_0000000001,2000,SOM,Both sexes,104.26295143
MDG_0000000001,2018,SOM,Both sexes,85.811274529
MDG_0000000001,2006,SOM,Both sexes,103.811454815
MDG_0000000001,1995,SOM,Both sexes,104.26295143
WHOSIS_000001,2013,SOM,Female,54.97535511
WSH_SANITATION_BASIC,2016,SOM,Urban,54.15425
MDG_0000000001,2010,SOM,Both sexes,112.922770323
MDG_0000000001,1985,SOM,Female,98.670146942
MDG_0000000001,2011,SOM,Male,221.875719084
WSH_SANITATION_BASIC,2003,SOM,Total,22.13137
MDG_0000000001,2016,SOM,Both sexes,82.013314385
WSH_SANITATION_BASIC,2004,SOM,Total,22.8843
MDG_0000000001,1991,SOM,Female,257.622322598
MDG_0000000001,2021,SOM,Male,77.376685836
MDG_0000000001,2011,SOM,Both sexes,215.725652141
WHOSIS_000001,2003,SOM,Female,51.82135299
WHOSIS_000001,2007,SOM,Female,52.45947082
MDG_0000000001,1983,SOM,Both sexes,105.780598997
MDG_0000000001,2012,SOM,Female,105.596109274
WSH_SANITATION_BASIC,2006,SOM,Total,24.86311
MDG_0000000001,1998,SOM,Both sexes,104.26295143
WSH_SANITATION_BASIC,2017,SOM,Urban,54.70898
MDG_0000000001,2007,SOM,Male,109.490262726
WHOSIS_000001,2006,SOM,Female,52.19882919
MDG_0000000001,2016,SOM,Male,88.021290521
MDG_0000000001,1994,SOM,Both sexes,104.255178636
WHOSIS_000001,2014,SOM,Male,50.80564441
MDG_0000000001,1985,SOM,Both sexes,106.246300379
WSH_SANITATION_BASIC,2015,SOM,Rural,19.11895
MDG_0000000001,2022,SOM,Both sexes,89.921675885
WSH_SANITATION_BASIC,2000,SOM,Rural,7.07256
MDG_0000000001,1987,SOM,Male,114.514879552
WHOSIS_000001,2008,SOM,Both sexes,50.31128296
WHOSIS_000001,2012,SOM,Male,47.71723657
MDG_0000000001,1992,SOM,Both sexes,274.034775535
MDG_0000000001,2018,SOM,Male,91.663539806
WHOSIS_000001,2006,SOM,Both sexes,49.82524247
WHOSIS_000001,2015,SOM,Both sexes,53.54338351
MDG_0000000001,2017,SOM,Both sexes,96.715087792
MDG_0000000001,1993,SOM,Female,97.074463468
MDG_0000000001,1984,SOM,Female,98.416552271
MDG_0000000001,2011,SOM,Female,208.951611889
MDG_0000000001,2020,SOM,Both sexes,73.736308403
MDG_0000000001,1996,SOM,Both sexes,104.26295143
WSH_SANITATION_BASIC,2012,SOM,Rural,16.10075
MDG_0000000001,1995,SOM,Female,97.2082323
MDG_0000000001,1987,SOM,Female,99.868085136
MDG_0000000001,2005,SOM,Both sexes,104.23658914
WSH_SANITATION_BASIC,2000,SOM,Total,20.17332
MDG_0000000001,2017,SOM,Female,90.428973299
WSH_SANITATION_BASIC,2004,SOM,Rural,9.20133
WSH_SANITATION_BASIC,2001,SOM,Rural,7.60475
WSH_SANITATION_BASIC,2014,SOM,Total,33.01001
MDG_0000000001,2002,SOM,Male,110.792044109
WHOSIS_000001,2009,SOM,Both sexes,50.66979598
MDG_0000000001,2008,SOM,Male,107.614245984
WSH_SANITATION_BASIC,2013,SOM,Rural,17.0807
WSH_SANITATION_BASIC,2004,SOM,Urban,47.71128
WHOSIS_000001,2021,SOM,Both sexes,53.95143945
WHOSIS_000001,2010,SOM,Female,52.16573886
WHOSIS_000001,2011,SOM,Male,41.64146486
WSH_SANITATION_BASIC,2009,SOM,Total,27.25765
MDG_0000000001,1993,SOM,Both sexes,104.298719726
WHOSIS_000001,2021,SOM,Female,56.33251904
MDG_0000000001,2003,SOM,Female,97.48917934
WSH_SANITATION_BASIC,2017,SOM,Rural,21.26167
MDG_0000000001,1999,SOM,Female,97.431941098
MDG_0000000001,1991,SOM,Both sexes,264.862386414
MDG_0000000001,2006,SOM,Male,110.435866448
WHOSIS_000001,2003,SOM,Male,47.37228411
WSH_SANITATION_BASIC,2011,SOM,Total,30.01958
WHOSIS_000001,2000,SOM,Both sexes,49.28203144
WHOSIS_000001,2005,SOM,Male,47.68505982
MDG_0000000001,1988,SOM,Both sexes,107.694591933
MDG_0000000001,2004,SOM,Female,97.467400496
WHOSIS_000001,2009,SOM,Female,53.17401553
MDG_0000000001,1997,SOM,Both sexes,104.26295143
MDG_0000000001,2021,SOM,Both sexes,71.759334451
WHOSIS_000001,2019,SOM,Male,52.8661225
WSH_SANITATION_BASIC,2017,SOM,Total,36.10926
WHOSIS_000001,2001,SOM,Male,47.20073526
WSH_SANITATION_BASIC,2015,SOM,Urban,53.60226
MDG_0000000001,2004,SOM,Both sexes,104.26295143
WHOSIS_000001,2003,SOM,Both sexes,49.50039991
MDG_0000000001,2000,SOM,Male,110.875482014
WHOSIS_000001,2020,SOM,Both sexes,55.12925544
MDG_0000000001,2020,SOM,Female,67.855460536
WSH_SANITATION_BASIC,2020,SOM,Rural,24.67161
MDG_0000000001,2001,SOM,Both sexes,104.26295143
WSH_SANITATION_BASIC,2005,SOM,Rural,9.97235
MDG_0000000001,1994,SOM,Male,111.125809326
WSH_SANITATION_BASIC,2003,SOM,Urban,47.40268
MDG_0000000001,1998,SOM,Female,97.430659741
WSH_SANITATION_BASIC,2010,SOM,Rural,14.2192
MDG_0000000001,2010,SOM,Male,119.389471437
MDG_0000000001,1994,SOM,Female,97.18541046
WHOSIS_000001,2004,SOM,Male,47.23135376
WSH_SANITATION_BASIC,2022,SOM,Rural,25.86049
WHOSIS_000001,2017,SOM,Both sexes,54.18246164
MDG_0000000001,1996,SOM,Male,110.944212544
MDG_0000000001,2014,SOM,Female,79.895777753
MDG_0000000001,2021,SOM,Female,65.98878126
WHOSIS_000001,2014,SOM,Both sexes,53.08816189
WSH_SANITATION_BASIC,2011,SOM,Rural,15.14691
MDG_0000000001,1987,SOM,Both sexes,107.267301034
WHOSIS_000001,2013,SOM,Both sexes,52.50391976
MDG_0000000001,1996,SOM,Female,97.256935524
MDG_0000000001,2008,SOM,Both sexes,101.006137779
WSH_SANITATION_BASIC,2002,SOM,Urban,47.09409
WSH_SANITATION_BASIC,2018,SOM,Urban,55.26645
WHOSIS_000001,2010,SOM,Male,47.13890657
WSH_SANITATION_BASIC,2012,SOM,Total,31.00428
WSH_SANITATION_BASIC,2020,SOM,Urban,56.38962
