GHO (CODE),GHO (DISPLAY),GHO (URL),YEAR (DISPLAY),STARTYEAR,ENDYEAR,REGION (CODE),REGION (DISPLAY),COUNTRY (CODE),COUNTRY (DISPLAY),DIMENSION (TYPE),DIMENSION (CODE),DIMENSION (NAME),Numeric,Value,Low,High
#indicator+code,#indicator+name,#indicator+url,#date+year,#date+year+start,#date+year+end,#region+code,#region+name,#country+code,#country+name,#dimension+type,#dimension+code,#dimension+name,#indicator+value+num,#indicator+value,#indicator+value+low,#indicator+value+high
RS_225,Existence of a road safety lead agency,https://www.who.int/data/gho/data/indicators/indicator-details/GHO/existence-of-a-road-safety-lead-agency,2016,2016,2016,EMR,Eastern Mediterranean,SOM,Somalia,,,,,Yes,,
RS_217,Maximum speed limits,https://www.who.int/data/gho/data/indicators/indicator-details/GHO/maximum-speed-limits,2017,2017,2017,EMR,Eastern Mediterranean,SOM,Somalia,RESIDENCEAREATYPE,RESIDENCEAREATYPE_RUR,Rural,,No,,
RS_212,Seat-belt wearing rate (%),https://www.who.int/data/gho/data/indicators/indicator-details/GHO/seat-belt-wearing-rate-%28-%29,2017,2017,2017,EMR,Eastern Mediterranean,SOM,Somalia,SEATTYPE,SEATTYPE_RS-DDC-REARSEAT,Rear seat,,,,
RS_238,Existence of a universal access telephone number for pre-hospital care,https://www.who.int/data/gho/data/indicators/indicator-details/GHO/existence-of-a-universal-access-telephone-number-for-pre-hospital-care,2016,2016,2016,EMR,Eastern Mediterranean,SOM,Somalia,,,,,"National, multiple numbers",,
RS_208,Attribution of road traffic deaths to alcohol (%),https://www.who.int/data/gho/data/indicators/indicator-details/GHO/attribution-of-road-traffic-deaths-to-alcohol-%28-%29,2017,2017,2017,EMR,Eastern Mediterranean,SOM,Somalia,,,,,–,,
RS_217,Maximum speed limits,https://www.who.int/data/gho/data/indicators/indicator-details/GHO/maximum-speed-limits,2017,2017,2017,EMR,Eastern Mediterranean,SOM,Somalia,RESIDENCEAREATYPE,RESIDENCEAREATYPE_URB,Urban,,40,,
RS_212,Seat-belt wearing rate (%),https://www.who.int/data/gho/data/indicators/indicator-details/GHO/seat-belt-wearing-rate-%28-%29,2017,2017,2017,EMR,Eastern Mediterranean,SOM,Somalia,SEATTYPE,SEATTYPE_RS-DDC-ALLOCCUPANTS,All occupants,,,,
RS_210,Applicability of seat-belt law to all occupants,https://www.who.int/data/gho/data/indicators/indicator-details/GHO/applicability-of-seat-belt-law-to-all-occupants,2017,2017,2017,EMR,Eastern Mediterranean,SOM,Somalia,,,,,No data,,
RS_213,Existence of a national child-restraint law,https://www.who.int/data/gho/data/indicators/indicator-details/GHO/existence-of-a-national-child-restraint-law,2017,2017,2017,EMR,Eastern Mediterranean,SOM,Somalia,,,,,No,,
RS_228,Existence of a national road safety strategy,https://www.who.int/data/gho/data/indicators/indicator-details/GHO/existence-of-a-national-road-safety-strategy,2016,2016,2016,EMR,Eastern Mediterranean,SOM,Somalia,,,,,Yes,,
RS_207,Blood Alcohol Concentration (BAC) limit for drivers,https://www.who.int/data/gho/data/indicators/indicator-details/GHO/blood-alcohol-concentration-%28bac%29-limit-for-drivers,2017,2017,2017,EMR,Eastern Mediterranean,SOM,Somalia,DRIVERTYPE,DRIVERTYPE_RS-DRIVERTYPE-YOUNG,young/novice drivers,,-,,
RS_209,Existence of a national seat-belt law,https://www.who.int/data/gho/data/indicators/indicator-details/GHO/existence-of-a-national-seat-belt-law,2017,2017,2017,EMR,Eastern Mediterranean,SOM,Somalia,,,,,No,,
RS_212,Seat-belt wearing rate (%),https://www.who.int/data/gho/data/indicators/indicator-details/GHO/seat-belt-wearing-rate-%28-%29,2017,2017,2017,EMR,Eastern Mediterranean,SOM,Somalia,SEATTYPE,SEATTYPE_RS-DDC-FRONTSEAT,Front seat,,,,
RS_219,Applicability of national motorcycle helmet law to all occupants,https://www.who.int/data/gho/data/indicators/indicator-details/GHO/applicability-of-national-motorcycle-helmet-law-to-all-occupants,2017,2017,2017,EMR,Eastern Mediterranean,SOM,Somalia,MOTOCYCLEOCCUPANTTYPE,MOTOCYCLEOCCUPANTTYPE_RS-DDC-DRIVERS,Drivers,,—,,
RS_207,Blood Alcohol Concentration (BAC) limit for drivers,https://www.who.int/data/gho/data/indicators/indicator-details/GHO/blood-alcohol-concentration-%28bac%29-limit-for-drivers,2017,2017,2017,EMR,Eastern Mediterranean,SOM,Somalia,DRIVERTYPE,DRIVERTYPE_RS-DRIVERTYPE-GENERAL,general population,,-,,
RS_223_BIS,Law requires helmet to be fastened,https://www.who.int/data/gho/data/indicators/indicator-details/GHO/law-requires-helmet-to-be-fastened,2017,2017,2017,EMR,Eastern Mediterranean,SOM,Somalia,,,,,-,,
RS_204,Existence of a national drink-driving law,https://www.who.int/data/gho/data/indicators/indicator-details/GHO/existence-of-a-national-drink-driving-law,2017,2017,2017,EMR,Eastern Mediterranean,SOM,Somalia,,,,,Yes,,
RS_219,Applicability of national motorcycle helmet law to all occupants,https://www.who.int/data/gho/data/indicators/indicator-details/GHO/applicability-of-national-motorcycle-helmet-law-to-all-occupants,2017,2017,2017,EMR,Eastern Mediterranean,SOM,Somalia,MOTOCYCLEOCCUPANTTYPE,MOTOCYCLEOCCUPANTTYPE_RS-DDC-CHILD-PASSAGER,Child passengers,,Not restricted,,
RS_229,Availability of funding for national road safety strategy,https://www.who.int/data/gho/data/indicators/indicator-details/GHO/availability-of-funding-for-national-road-safety-strategy,2016,2016,2016,EMR,Eastern Mediterranean,SOM,Somalia,,,,,Not funded,,
RS_219,Applicability of national motorcycle helmet law to all occupants,https://www.who.int/data/gho/data/indicators/indicator-details/GHO/applicability-of-national-motorcycle-helmet-law-to-all-occupants,2017,2017,2017,EMR,Eastern Mediterranean,SOM,Somalia,MOTOCYCLEOCCUPANTTYPE,MOTOCYCLEOCCUPANTTYPE_RS-DDC-ADULT-PASSAGER,Adult passengers,,—,,
RS_214,Existence of national speed limits,https://www.who.int/data/gho/data/indicators/indicator-details/GHO/existence-of-national-speed-limits,2017,2017,2017,EMR,Eastern Mediterranean,SOM,Somalia,,,,,Yes,,
RS_205,Definition of drink-driving by BAC,https://www.who.int/data/gho/data/indicators/indicator-details/GHO/definition-of-drink-driving-by-bac,2017,2017,2017,EMR,Eastern Mediterranean,SOM,Somalia,,,,,No,,
RS_212,Seat-belt wearing rate (%),https://www.who.int/data/gho/data/indicators/indicator-details/GHO/seat-belt-wearing-rate-%28-%29,2017,2017,2017,EMR,Eastern Mediterranean,SOM,Somalia,SEATTYPE,SEATTYPE_RS-DDC-DRIVERSONLY,Drivers only,,,,
