GHO (CODE),GHO (DISPLAY),GHO (URL),YEAR (DISPLAY),STARTYEAR,ENDYEAR,REGION (CODE),REGION (DISPLAY),COUNTRY (CODE),COUNTRY (DISPLAY),DIMENSION (TYPE),DIMENSION (CODE),DIMENSION (NAME),Numeric,Value,Low,High
#indicator+code,#indicator+name,#indicator+url,#date+year,#date+year+start,#date+year+end,#region+code,#region+name,#country+code,#country+name,#dimension+type,#dimension+code,#dimension+name,#indicator+value+num,#indicator+value,#indicator+value+low,#indicator+value+high
TB_c_ret_tsr,Treatment success rate: previously treated TB cases,https://www.who.int/data/gho/data/indicators/indicator-details/GHO/treatment-success-rate-previously-treated-tb-cases,2002,2002,2002,EMR,Eastern Mediterranean,SOM,Somalia,,,,59.0,59,,
TB_c_newinc,Tuberculosis - new and relapse cases,https://www.who.int/data/gho/data/indicators/indicator-details/GHO/tuberculosis---new-and-relapse-cases,2011,2011,2011,EMR,Eastern Mediterranean,SOM,Somalia,,,,11653.0,11 653,,
TB_c_new_tsr,Treatment success rate: new TB cases,https://www.who.int/data/gho/data/indicators/indicator-details/GHO/treatment-success-rate-new-tb-cases,2014,2014,2014,EMR,Eastern Mediterranean,SOM,Somalia,,,,86.0,86,,
TB_c_newinc,Tuberculosis - new and relapse cases,https://www.who.int/data/gho/data/indicators/indicator-details/GHO/tuberculosis---new-and-relapse-cases,2012,2012,2012,EMR,Eastern Mediterranean,SOM,Somalia,,,,11975.0,11 975,,
TB_1,Tuberculosis treatment coverage,https://www.who.int/data/gho/data/indicators/indicator-details/GHO/tuberculosis-treatment-coverage,2002,2002,2002,EMR,Eastern Mediterranean,SOM,Somalia,,,,27.0,27 [18-44],18.0,44.0
TB_hivtest_pos_pct,Tested TB patients HIV-positive (%),https://www.who.int/data/gho/data/indicators/indicator-details/GHO/tested-tb-patients-hiv-positive-%28-%29,2023,2023,2023,EMR,Eastern Mediterranean,SOM,Somalia,,,,0.59,0.59,,
TB_c_dst_rlt_ret_pct,Previously treated cases tested for RR-/MDR-TB (%),https://www.who.int/data/gho/data/indicators/indicator-details/GHO/previously-treated-cases-tested-for-rr--mdr-tb-%28-%29,2015,2015,2015,EMR,Eastern Mediterranean,SOM,Somalia,,,,10.0,10,,
TB_hivtest_pct,TB patients with known HIV status (%),https://www.who.int/data/gho/data/indicators/indicator-details/GHO/tb-patients-with-known-hiv-status-%28-%29,2010,2010,2010,EMR,Eastern Mediterranean,SOM,Somalia,,,,26.0,26,,
TB_e_inc_tbhiv_num,"Number of incident tuberculosis cases,  (HIV-positive cases)",https://www.who.int/data/gho/data/indicators/indicator-details/GHO/number-of-incident-tuberculosis-cases-%28hiv-positive-cases%29,2007,2007,2007,EMR,Eastern Mediterranean,SOM,Somalia,,,,1300.0,1300 [420-2800],420.0,2800.0
TB_c_newinc,Tuberculosis - new and relapse cases,https://www.who.int/data/gho/data/indicators/indicator-details/GHO/tuberculosis---new-and-relapse-cases,2007,2007,2007,EMR,Eastern Mediterranean,SOM,Somalia,,,,11130.0,11 130,,
TB_c_ret_tsr,Treatment success rate: previously treated TB cases,https://www.who.int/data/gho/data/indicators/indicator-details/GHO/treatment-success-rate-previously-treated-tb-cases,2009,2009,2009,EMR,Eastern Mediterranean,SOM,Somalia,,,,60.0,60,,
TB_c_mdr_tx,Cases started on MDR-TB treatment,https://www.who.int/data/gho/data/indicators/indicator-details/GHO/cases-started-on-mdr-tb-treatment,2009,2009,2009,EMR,Eastern Mediterranean,SOM,Somalia,,,,0.0,0,,
TB_e_inc_tbhiv_100k,Incidence of tuberculosis (per 100 000 population) (HIV-positive cases),https://www.who.int/data/gho/data/indicators/indicator-details/GHO/incidence-of-tuberculosis-%28per-100-000-population%29-%28hiv-positive-cases%29,2014,2014,2014,EMR,Eastern Mediterranean,SOM,Somalia,,,,6.2,6.2 [1.9-13],1.9,13.0
TB_c_xdr_tsr,Treatment success rate: XDR-TB cases,https://www.who.int/data/gho/data/indicators/indicator-details/GHO/treatment-success-rate-xdr-tb-cases,2018,2018,2018,EMR,Eastern Mediterranean,SOM,Somalia,,,,100.0,100,,
TB_1,Tuberculosis treatment coverage,https://www.who.int/data/gho/data/indicators/indicator-details/GHO/tuberculosis-treatment-coverage,2023,2023,2023,EMR,Eastern Mediterranean,SOM,Somalia,,,,42.0,42 [28-67],28.0,67.0
TB_c_new_tsr,Treatment success rate: new TB cases,https://www.who.int/data/gho/data/indicators/indicator-details/GHO/treatment-success-rate-new-tb-cases,2021,2021,2021,EMR,Eastern Mediterranean,SOM,Somalia,,,,93.0,93,,
TB_e_inc_rr_num,Estimated number of MDR/RR-TB incident cases,https://www.who.int/data/gho/data/indicators/indicator-details/GHO/estimated-number-of-mdr-rr-tb-incident-cases,2021,2021,2021,EMR,Eastern Mediterranean,SOM,Somalia,,,,1800.0,1800 [1000-2500],1000.0,2500.0
MDG_0000000020,Incidence of tuberculosis (per 100 000 population per year),https://www.who.int/data/gho/data/indicators/indicator-details/GHO/incidence-of-tuberculosis-%28per-100-000-population-per-year%29,2022,2022,2022,EMR,Eastern Mediterranean,SOM,Somalia,,,,246.0,246 [155-359],155.0,359.0
TB_c_new_tsr,Treatment success rate: new TB cases,https://www.who.int/data/gho/data/indicators/indicator-details/GHO/treatment-success-rate-new-tb-cases,2018,2018,2018,EMR,Eastern Mediterranean,SOM,Somalia,,,,87.0,87,,
TB_hivtest_pos_pct,Tested TB patients HIV-positive (%),https://www.who.int/data/gho/data/indicators/indicator-details/GHO/tested-tb-patients-hiv-positive-%28-%29,2009,2009,2009,EMR,Eastern Mediterranean,SOM,Somalia,,,,12.0,12,,
TB_c_mdr_tsr,Treatment success rate for patients treated for MDR-TB (%),https://www.who.int/data/gho/data/indicators/indicator-details/GHO/treatment-success-rate-for-patients-treated-for-mdr-tb-%28-%29,2020,2020,2020,EMR,Eastern Mediterranean,SOM,Somalia,,,,83.0,83,,
TB_e_inc_num,Number of incident tuberculosis cases,https://www.who.int/data/gho/data/indicators/indicator-details/GHO/number-of-incident-tuberculosis-cases,2018,2018,2018,EMR,Eastern Mediterranean,SOM,Somalia,,,,40000.0,40 000 [26 000-58 000],26000.0,58000.0
TB_e_inc_tbhiv_100k,Incidence of tuberculosis (per 100 000 population) (HIV-positive cases),https://www.who.int/data/gho/data/indicators/indicator-details/GHO/incidence-of-tuberculosis-%28per-100-000-population%29-%28hiv-positive-cases%29,2011,2011,2011,EMR,Eastern Mediterranean,SOM,Somalia,,,,9.1,9.1 [2.8-19],2.8,19.0
TB_c_new_tsr,Treatment success rate: new TB cases,https://www.who.int/data/gho/data/indicators/indicator-details/GHO/treatment-success-rate-new-tb-cases,2002,2002,2002,EMR,Eastern Mediterranean,SOM,Somalia,,,,89.0,89,,
MDG_0000000020,Incidence of tuberculosis (per 100 000 population per year),https://www.who.int/data/gho/data/indicators/indicator-details/GHO/incidence-of-tuberculosis-%28per-100-000-population-per-year%29,2010,2010,2010,EMR,Eastern Mediterranean,SOM,Somalia,,,,286.0,286 [175-423],175.0,423.0
TB_1,Tuberculosis treatment coverage,https://www.who.int/data/gho/data/indicators/indicator-details/GHO/tuberculosis-treatment-coverage,2012,2012,2012,EMR,Eastern Mediterranean,SOM,Somalia,,,,34.0,34 [23-55],23.0,55.0
TB_hivtest_pos_pct,Tested TB patients HIV-positive (%),https://www.who.int/data/gho/data/indicators/indicator-details/GHO/tested-tb-patients-hiv-positive-%28-%29,2019,2019,2019,EMR,Eastern Mediterranean,SOM,Somalia,,,,0.91,0.91,,
TB_c_dst_rlt_new_pct,New cases tested for RR-/MDR-TB (%),https://www.who.int/data/gho/data/indicators/indicator-details/GHO/new-cases-tested-for-rr--mdr-tb-%28-%29,2012,2012,2012,EMR,Eastern Mediterranean,SOM,Somalia,,,,4.3,4.3,,
TB_c_dst_rlt_ret_pct,Previously treated cases tested for RR-/MDR-TB (%),https://www.who.int/data/gho/data/indicators/indicator-details/GHO/previously-treated-cases-tested-for-rr--mdr-tb-%28-%29,2010,2010,2010,EMR,Eastern Mediterranean,SOM,Somalia,,,,11.0,11,,
TB_1,Tuberculosis treatment coverage,https://www.who.int/data/gho/data/indicators/indicator-details/GHO/tuberculosis-treatment-coverage,2000,2000,2000,EMR,Eastern Mediterranean,SOM,Somalia,,,,23.0,23 [15-37],15.0,37.0
TB_e_inc_tbhiv_100k,Incidence of tuberculosis (per 100 000 population) (HIV-positive cases),https://www.who.int/data/gho/data/indicators/indicator-details/GHO/incidence-of-tuberculosis-%28per-100-000-population%29-%28hiv-positive-cases%29,2018,2018,2018,EMR,Eastern Mediterranean,SOM,Somalia,,,,3.1,3.1 [2-4.6],2.0,4.6
TB_e_inc_tbhiv_num,"Number of incident tuberculosis cases,  (HIV-positive cases)",https://www.who.int/data/gho/data/indicators/indicator-details/GHO/number-of-incident-tuberculosis-cases-%28hiv-positive-cases%29,2011,2011,2011,EMR,Eastern Mediterranean,SOM,Somalia,,,,1100.0,1100 [350-2400],350.0,2400.0
TB_c_ret_tsr,Treatment success rate: previously treated TB cases,https://www.who.int/data/gho/data/indicators/indicator-details/GHO/treatment-success-rate-previously-treated-tb-cases,2010,2010,2010,EMR,Eastern Mediterranean,SOM,Somalia,,,,62.0,62,,
TB_e_inc_tbhiv_100k,Incidence of tuberculosis (per 100 000 population) (HIV-positive cases),https://www.who.int/data/gho/data/indicators/indicator-details/GHO/incidence-of-tuberculosis-%28per-100-000-population%29-%28hiv-positive-cases%29,2001,2001,2001,EMR,Eastern Mediterranean,SOM,Somalia,,,,13.0,13 [4.1-28],4.1,28.0
TB_hivtest_pos_pct,Tested TB patients HIV-positive (%),https://www.who.int/data/gho/data/indicators/indicator-details/GHO/tested-tb-patients-hiv-positive-%28-%29,2013,2013,2013,EMR,Eastern Mediterranean,SOM,Somalia,,,,2.8,2.8,,
TB_c_mdr_tx,Cases started on MDR-TB treatment,https://www.who.int/data/gho/data/indicators/indicator-details/GHO/cases-started-on-mdr-tb-treatment,2011,2011,2011,EMR,Eastern Mediterranean,SOM,Somalia,,,,0.0,0,,
TB_c_dst_rlt_new_pct,New cases tested for RR-/MDR-TB (%),https://www.who.int/data/gho/data/indicators/indicator-details/GHO/new-cases-tested-for-rr--mdr-tb-%28-%29,2011,2011,2011,EMR,Eastern Mediterranean,SOM,Somalia,,,,4.4,4.4,,
TB_c_new_tsr,Treatment success rate: new TB cases,https://www.who.int/data/gho/data/indicators/indicator-details/GHO/treatment-success-rate-new-tb-cases,1998,1998,1998,EMR,Eastern Mediterranean,SOM,Somalia,,,,88.0,88,,
TB_e_inc_tbhiv_100k,Incidence of tuberculosis (per 100 000 population) (HIV-positive cases),https://www.who.int/data/gho/data/indicators/indicator-details/GHO/incidence-of-tuberculosis-%28per-100-000-population%29-%28hiv-positive-cases%29,2016,2016,2016,EMR,Eastern Mediterranean,SOM,Somalia,,,,4.1,4.1 [2.5-6.1],2.5,6.1
TB_c_mdr_tx,Cases started on MDR-TB treatment,https://www.who.int/data/gho/data/indicators/indicator-details/GHO/cases-started-on-mdr-tb-treatment,2014,2014,2014,EMR,Eastern Mediterranean,SOM,Somalia,,,,76.0,76,,
TB_e_inc_num,Number of incident tuberculosis cases,https://www.who.int/data/gho/data/indicators/indicator-details/GHO/number-of-incident-tuberculosis-cases,2005,2005,2005,EMR,Eastern Mediterranean,SOM,Somalia,,,,30000.0,30 000 [19 000-45 000],19000.0,45000.0
TB_c_dst_rlt_new_pct,New cases tested for RR-/MDR-TB (%),https://www.who.int/data/gho/data/indicators/indicator-details/GHO/new-cases-tested-for-rr--mdr-tb-%28-%29,2023,2023,2023,EMR,Eastern Mediterranean,SOM,Somalia,,,,85.0,85,,
TB_hivtest_pct,TB patients with known HIV status (%),https://www.who.int/data/gho/data/indicators/indicator-details/GHO/tb-patients-with-known-hiv-status-%28-%29,2020,2020,2020,EMR,Eastern Mediterranean,SOM,Somalia,,,,94.0,94,,
TB_c_dst_rlt_ret_pct,Previously treated cases tested for RR-/MDR-TB (%),https://www.who.int/data/gho/data/indicators/indicator-details/GHO/previously-treated-cases-tested-for-rr--mdr-tb-%28-%29,2012,2012,2012,EMR,Eastern Mediterranean,SOM,Somalia,,,,11.0,11,,
TB_c_ret_tsr,Treatment success rate: previously treated TB cases,https://www.who.int/data/gho/data/indicators/indicator-details/GHO/treatment-success-rate-previously-treated-tb-cases,1996,1996,1996,EMR,Eastern Mediterranean,SOM,Somalia,,,,82.0,82,,
TB_e_inc_rr_num,Estimated number of MDR/RR-TB incident cases,https://www.who.int/data/gho/data/indicators/indicator-details/GHO/estimated-number-of-mdr-rr-tb-incident-cases,2022,2022,2022,EMR,Eastern Mediterranean,SOM,Somalia,,,,1700.0,1700 [940-2400],940.0,2400.0
TB_e_inc_rr_num,Estimated number of MDR/RR-TB incident cases,https://www.who.int/data/gho/data/indicators/indicator-details/GHO/estimated-number-of-mdr-rr-tb-incident-cases,2015,2015,2015,EMR,Eastern Mediterranean,SOM,Somalia,,,,2400.0,2400 [1300-3500],1300.0,3500.0
TB_c_newinc,Tuberculosis - new and relapse cases,https://www.who.int/data/gho/data/indicators/indicator-details/GHO/tuberculosis---new-and-relapse-cases,2005,2005,2005,EMR,Eastern Mediterranean,SOM,Somalia,,,,12904.0,12 904,,
TB_hivtest_pos_pct,Tested TB patients HIV-positive (%),https://www.who.int/data/gho/data/indicators/indicator-details/GHO/tested-tb-patients-hiv-positive-%28-%29,2018,2018,2018,EMR,Eastern Mediterranean,SOM,Somalia,,,,1.2,1.2,,
TB_rr_mdr,Confirmed cases of RR-/MDR-TB,https://www.who.int/data/gho/data/indicators/indicator-details/GHO/confirmed-cases-of-rr--mdr-tb,2018,2018,2018,EMR,Eastern Mediterranean,SOM,Somalia,,,,376.0,376,,
TB_e_inc_tbhiv_num,"Number of incident tuberculosis cases,  (HIV-positive cases)",https://www.who.int/data/gho/data/indicators/indicator-details/GHO/number-of-incident-tuberculosis-cases-%28hiv-positive-cases%29,2012,2012,2012,EMR,Eastern Mediterranean,SOM,Somalia,,,,1100.0,1100 [640-1700],640.0,1700.0
TB_e_inc_tbhiv_100k,Incidence of tuberculosis (per 100 000 population) (HIV-positive cases),https://www.who.int/data/gho/data/indicators/indicator-details/GHO/incidence-of-tuberculosis-%28per-100-000-population%29-%28hiv-positive-cases%29,2003,2003,2003,EMR,Eastern Mediterranean,SOM,Somalia,,,,11.0,11 [3.4-23],3.4,23.0
TB_hivtest_pct,TB patients with known HIV status (%),https://www.who.int/data/gho/data/indicators/indicator-details/GHO/tb-patients-with-known-hiv-status-%28-%29,2019,2019,2019,EMR,Eastern Mediterranean,SOM,Somalia,,,,89.0,89,,
TB_c_dst_rlt_new_pct,New cases tested for RR-/MDR-TB (%),https://www.who.int/data/gho/data/indicators/indicator-details/GHO/new-cases-tested-for-rr--mdr-tb-%28-%29,2022,2022,2022,EMR,Eastern Mediterranean,SOM,Somalia,,,,72.0,72,,
MDG_0000000020,Incidence of tuberculosis (per 100 000 population per year),https://www.who.int/data/gho/data/indicators/indicator-details/GHO/incidence-of-tuberculosis-%28per-100-000-population-per-year%29,2008,2008,2008,EMR,Eastern Mediterranean,SOM,Somalia,,,,286.0,286 [175-422],175.0,422.0
TB_c_tbhiv_tsr,Treatment success rate: HIV-positive TB cases,https://www.who.int/data/gho/data/indicators/indicator-details/GHO/treatment-success-rate-hiv-positive-tb-cases,2022,2022,2022,EMR,Eastern Mediterranean,SOM,Somalia,,,,34.0,34,,
TB_c_newinc,Tuberculosis - new and relapse cases,https://www.who.int/data/gho/data/indicators/indicator-details/GHO/tuberculosis---new-and-relapse-cases,2001,2001,2001,EMR,Eastern Mediterranean,SOM,Somalia,,,,6852.0,6852,,
TB_hivtest_pos_pct,Tested TB patients HIV-positive (%),https://www.who.int/data/gho/data/indicators/indicator-details/GHO/tested-tb-patients-hiv-positive-%28-%29,2004,2004,2004,EMR,Eastern Mediterranean,SOM,Somalia,,,,6.3,6.3,,
TB_c_newinc,Tuberculosis - new and relapse cases,https://www.who.int/data/gho/data/indicators/indicator-details/GHO/tuberculosis---new-and-relapse-cases,2002,2002,2002,EMR,Eastern Mediterranean,SOM,Somalia,,,,7391.0,7391,,
TB_c_newinc,Tuberculosis - new and relapse cases,https://www.who.int/data/gho/data/indicators/indicator-details/GHO/tuberculosis---new-and-relapse-cases,2010,2010,2010,EMR,Eastern Mediterranean,SOM,Somalia,,,,10139.0,10 139,,
TB_e_inc_rr_num,Estimated number of MDR/RR-TB incident cases,https://www.who.int/data/gho/data/indicators/indicator-details/GHO/estimated-number-of-mdr-rr-tb-incident-cases,2018,2018,2018,EMR,Eastern Mediterranean,SOM,Somalia,,,,2100.0,2100 [1200-2900],1200.0,2900.0
TB_c_ret_tsr,Treatment success rate: previously treated TB cases,https://www.who.int/data/gho/data/indicators/indicator-details/GHO/treatment-success-rate-previously-treated-tb-cases,2019,2019,2019,EMR,Eastern Mediterranean,SOM,Somalia,,,,94.0,94,,
TB_c_ret_tsr,Treatment success rate: previously treated TB cases,https://www.who.int/data/gho/data/indicators/indicator-details/GHO/treatment-success-rate-previously-treated-tb-cases,2011,2011,2011,EMR,Eastern Mediterranean,SOM,Somalia,,,,72.0,72,,
MDG_0000000020,Incidence of tuberculosis (per 100 000 population per year),https://www.who.int/data/gho/data/indicators/indicator-details/GHO/incidence-of-tuberculosis-%28per-100-000-population-per-year%29,2002,2002,2002,EMR,Eastern Mediterranean,SOM,Somalia,,,,285.0,285 [175-422],175.0,422.0
TB_c_tbhiv_tsr,Treatment success rate: HIV-positive TB cases,https://www.who.int/data/gho/data/indicators/indicator-details/GHO/treatment-success-rate-hiv-positive-tb-cases,2020,2020,2020,EMR,Eastern Mediterranean,SOM,Somalia,,,,46.0,46,,
MDG_0000000020,Incidence of tuberculosis (per 100 000 population per year),https://www.who.int/data/gho/data/indicators/indicator-details/GHO/incidence-of-tuberculosis-%28per-100-000-population-per-year%29,2005,2005,2005,EMR,Eastern Mediterranean,SOM,Somalia,,,,285.0,285 [175-422],175.0,422.0
TB_c_new_tsr,Treatment success rate: new TB cases,https://www.who.int/data/gho/data/indicators/indicator-details/GHO/treatment-success-rate-new-tb-cases,2001,2001,2001,EMR,Eastern Mediterranean,SOM,Somalia,,,,86.0,86,,
TB_c_dst_rlt_new_pct,New cases tested for RR-/MDR-TB (%),https://www.who.int/data/gho/data/indicators/indicator-details/GHO/new-cases-tested-for-rr--mdr-tb-%28-%29,2017,2017,2017,EMR,Eastern Mediterranean,SOM,Somalia,,,,85.0,85,,
TB_c_new_tsr,Treatment success rate: new TB cases,https://www.who.int/data/gho/data/indicators/indicator-details/GHO/treatment-success-rate-new-tb-cases,2019,2019,2019,EMR,Eastern Mediterranean,SOM,Somalia,,,,92.0,92,,
TB_c_dst_rlt_new_pct,New cases tested for RR-/MDR-TB (%),https://www.who.int/data/gho/data/indicators/indicator-details/GHO/new-cases-tested-for-rr--mdr-tb-%28-%29,2016,2016,2016,EMR,Eastern Mediterranean,SOM,Somalia,,,,0.16,0.16,,
TB_e_inc_tbhiv_num,"Number of incident tuberculosis cases,  (HIV-positive cases)",https://www.who.int/data/gho/data/indicators/indicator-details/GHO/number-of-incident-tuberculosis-cases-%28hiv-positive-cases%29,2013,2013,2013,EMR,Eastern Mediterranean,SOM,Somalia,,,,960.0,960 [290-2000],290.0,2000.0
TB_e_inc_num,Number of incident tuberculosis cases,https://www.who.int/data/gho/data/indicators/indicator-details/GHO/number-of-incident-tuberculosis-cases,2020,2020,2020,EMR,Eastern Mediterranean,SOM,Somalia,,,,42000.0,42 000 [27 000-61 000],27000.0,61000.0
TB_rr_mdr,Confirmed cases of RR-/MDR-TB,https://www.who.int/data/gho/data/indicators/indicator-details/GHO/confirmed-cases-of-rr--mdr-tb,2011,2011,2011,EMR,Eastern Mediterranean,SOM,Somalia,,,,25.0,25,,
TB_c_ret_tsr,Treatment success rate: previously treated TB cases,https://www.who.int/data/gho/data/indicators/indicator-details/GHO/treatment-success-rate-previously-treated-tb-cases,2021,2021,2021,EMR,Eastern Mediterranean,SOM,Somalia,,,,45.0,45,,
TB_hivtest_pos_pct,Tested TB patients HIV-positive (%),https://www.who.int/data/gho/data/indicators/indicator-details/GHO/tested-tb-patients-hiv-positive-%28-%29,2014,2014,2014,EMR,Eastern Mediterranean,SOM,Somalia,,,,3.2,3.2,,
TB_e_inc_num,Number of incident tuberculosis cases,https://www.who.int/data/gho/data/indicators/indicator-details/GHO/number-of-incident-tuberculosis-cases,2015,2015,2015,EMR,Eastern Mediterranean,SOM,Somalia,,,,38000.0,38 000 [24 000-55 000],24000.0,55000.0
TB_hivtest_pct,TB patients with known HIV status (%),https://www.who.int/data/gho/data/indicators/indicator-details/GHO/tb-patients-with-known-hiv-status-%28-%29,2004,2004,2004,EMR,Eastern Mediterranean,SOM,Somalia,,,,2.5,2.5,,
MDG_0000000020,Incidence of tuberculosis (per 100 000 population per year),https://www.who.int/data/gho/data/indicators/indicator-details/GHO/incidence-of-tuberculosis-%28per-100-000-population-per-year%29,2019,2019,2019,EMR,Eastern Mediterranean,SOM,Somalia,,,,258.0,258 [167-368],167.0,368.0
TB_c_new_tsr,Treatment success rate: new TB cases,https://www.who.int/data/gho/data/indicators/indicator-details/GHO/treatment-success-rate-new-tb-cases,2011,2011,2011,EMR,Eastern Mediterranean,SOM,Somalia,,,,86.0,86,,
TB_1,Tuberculosis treatment coverage,https://www.who.int/data/gho/data/indicators/indicator-details/GHO/tuberculosis-treatment-coverage,2021,2021,2021,EMR,Eastern Mediterranean,SOM,Somalia,,,,40.0,40 [28-64],28.0,64.0
TB_e_inc_tbhiv_num,"Number of incident tuberculosis cases,  (HIV-positive cases)",https://www.who.int/data/gho/data/indicators/indicator-details/GHO/number-of-incident-tuberculosis-cases-%28hiv-positive-cases%29,2001,2001,2001,EMR,Eastern Mediterranean,SOM,Somalia,,,,1200.0,1200 [380-2500],380.0,2500.0
TB_hiv_art_pct,HIV-positive TB patients on ART (antiretroviral therapy) (%),https://www.who.int/data/gho/data/indicators/indicator-details/GHO/hiv-positive-tb-patients-on-art-%28antiretroviral-therapy%29-%28-%29,2011,2011,2011,EMR,Eastern Mediterranean,SOM,Somalia,,,,20.0,20,,
TB_c_new_tsr,Treatment success rate: new TB cases,https://www.who.int/data/gho/data/indicators/indicator-details/GHO/treatment-success-rate-new-tb-cases,2008,2008,2008,EMR,Eastern Mediterranean,SOM,Somalia,,,,81.0,81,,
TB_c_mdr_tx,Cases started on MDR-TB treatment,https://www.who.int/data/gho/data/indicators/indicator-details/GHO/cases-started-on-mdr-tb-treatment,2017,2017,2017,EMR,Eastern Mediterranean,SOM,Somalia,,,,276.0,276,,
MDG_0000000020,Incidence of tuberculosis (per 100 000 population per year),https://www.who.int/data/gho/data/indicators/indicator-details/GHO/incidence-of-tuberculosis-%28per-100-000-population-per-year%29,2004,2004,2004,EMR,Eastern Mediterranean,SOM,Somalia,,,,285.0,285 [175-422],175.0,422.0
TB_hivtest_pct,TB patients with known HIV status (%),https://www.who.int/data/gho/data/indicators/indicator-details/GHO/tb-patients-with-known-hiv-status-%28-%29,2012,2012,2012,EMR,Eastern Mediterranean,SOM,Somalia,,,,44.0,44,,
MDG_0000000020,Incidence of tuberculosis (per 100 000 population per year),https://www.who.int/data/gho/data/indicators/indicator-details/GHO/incidence-of-tuberculosis-%28per-100-000-population-per-year%29,2009,2009,2009,EMR,Eastern Mediterranean,SOM,Somalia,,,,286.0,286 [175-423],175.0,423.0
TB_1,Tuberculosis treatment coverage,https://www.who.int/data/gho/data/indicators/indicator-details/GHO/tuberculosis-treatment-coverage,2016,2016,2016,EMR,Eastern Mediterranean,SOM,Somalia,,,,37.0,37 [25-58],25.0,58.0
TB_e_inc_tbhiv_100k,Incidence of tuberculosis (per 100 000 population) (HIV-positive cases),https://www.who.int/data/gho/data/indicators/indicator-details/GHO/incidence-of-tuberculosis-%28per-100-000-population%29-%28hiv-positive-cases%29,2004,2004,2004,EMR,Eastern Mediterranean,SOM,Somalia,,,,11.0,11 [3.3-23],3.3,23.0
TB_c_new_tsr,Treatment success rate: new TB cases,https://www.who.int/data/gho/data/indicators/indicator-details/GHO/treatment-success-rate-new-tb-cases,2017,2017,2017,EMR,Eastern Mediterranean,SOM,Somalia,,,,86.0,86,,
MDG_0000000020,Incidence of tuberculosis (per 100 000 population per year),https://www.who.int/data/gho/data/indicators/indicator-details/GHO/incidence-of-tuberculosis-%28per-100-000-population-per-year%29,2006,2006,2006,EMR,Eastern Mediterranean,SOM,Somalia,,,,285.0,285 [175-421],175.0,421.0
TB_c_newinc,Tuberculosis - new and relapse cases,https://www.who.int/data/gho/data/indicators/indicator-details/GHO/tuberculosis---new-and-relapse-cases,2022,2022,2022,EMR,Eastern Mediterranean,SOM,Somalia,,,,18458.0,18 458,,
TB_e_inc_tbhiv_100k,Incidence of tuberculosis (per 100 000 population) (HIV-positive cases),https://www.who.int/data/gho/data/indicators/indicator-details/GHO/incidence-of-tuberculosis-%28per-100-000-population%29-%28hiv-positive-cases%29,2006,2006,2006,EMR,Eastern Mediterranean,SOM,Somalia,,,,12.0,12 [3.6-24],3.6,24.0
TB_e_inc_tbhiv_num,"Number of incident tuberculosis cases,  (HIV-positive cases)",https://www.who.int/data/gho/data/indicators/indicator-details/GHO/number-of-incident-tuberculosis-cases-%28hiv-positive-cases%29,2000,2000,2000,EMR,Eastern Mediterranean,SOM,Somalia,,,,1300.0,1300 [410-2800],410.0,2800.0
TB_c_newinc,Tuberculosis - new and relapse cases,https://www.who.int/data/gho/data/indicators/indicator-details/GHO/tuberculosis---new-and-relapse-cases,2003,2003,2003,EMR,Eastern Mediterranean,SOM,Somalia,,,,9278.0,9278,,
TB_c_newinc,Tuberculosis - new and relapse cases,https://www.who.int/data/gho/data/indicators/indicator-details/GHO/tuberculosis---new-and-relapse-cases,2020,2020,2020,EMR,Eastern Mediterranean,SOM,Somalia,,,,17203.0,17 203,,
TB_c_dst_rlt_new_pct,New cases tested for RR-/MDR-TB (%),https://www.who.int/data/gho/data/indicators/indicator-details/GHO/new-cases-tested-for-rr--mdr-tb-%28-%29,2021,2021,2021,EMR,Eastern Mediterranean,SOM,Somalia,,,,62.0,62,,
TB_c_newinc,Tuberculosis - new and relapse cases,https://www.who.int/data/gho/data/indicators/indicator-details/GHO/tuberculosis---new-and-relapse-cases,2018,2018,2018,EMR,Eastern Mediterranean,SOM,Somalia,,,,16614.0,16 614,,
TB_c_xdr_tsr,Treatment success rate: XDR-TB cases,https://www.who.int/data/gho/data/indicators/indicator-details/GHO/treatment-success-rate-xdr-tb-cases,2020,2020,2020,EMR,Eastern Mediterranean,SOM,Somalia,,,,100.0,100,,
TB_c_ret_tsr,Treatment success rate: previously treated TB cases,https://www.who.int/data/gho/data/indicators/indicator-details/GHO/treatment-success-rate-previously-treated-tb-cases,2003,2003,2003,EMR,Eastern Mediterranean,SOM,Somalia,,,,85.0,85,,
TB_e_inc_tbhiv_100k,Incidence of tuberculosis (per 100 000 population) (HIV-positive cases),https://www.who.int/data/gho/data/indicators/indicator-details/GHO/incidence-of-tuberculosis-%28per-100-000-population%29-%28hiv-positive-cases%29,2009,2009,2009,EMR,Eastern Mediterranean,SOM,Somalia,,,,11.0,11 [3.3-22],3.3,22.0
TB_c_ret_tsr,Treatment success rate: previously treated TB cases,https://www.who.int/data/gho/data/indicators/indicator-details/GHO/treatment-success-rate-previously-treated-tb-cases,2020,2020,2020,EMR,Eastern Mediterranean,SOM,Somalia,,,,100.0,100,,
TB_c_new_tsr,Treatment success rate: new TB cases,https://www.who.int/data/gho/data/indicators/indicator-details/GHO/treatment-success-rate-new-tb-cases,2004,2004,2004,EMR,Eastern Mediterranean,SOM,Somalia,,,,91.0,91,,
TB_c_mdr_tsr,Treatment success rate for patients treated for MDR-TB (%),https://www.who.int/data/gho/data/indicators/indicator-details/GHO/treatment-success-rate-for-patients-treated-for-mdr-tb-%28-%29,2013,2013,2013,EMR,Eastern Mediterranean,SOM,Somalia,,,,77.0,77,,
TB_c_dst_rlt_new_pct,New cases tested for RR-/MDR-TB (%),https://www.who.int/data/gho/data/indicators/indicator-details/GHO/new-cases-tested-for-rr--mdr-tb-%28-%29,2014,2014,2014,EMR,Eastern Mediterranean,SOM,Somalia,,,,0.34,0.34,,
TB_c_newinc,Tuberculosis - new and relapse cases,https://www.who.int/data/gho/data/indicators/indicator-details/GHO/tuberculosis---new-and-relapse-cases,2023,2023,2023,EMR,Eastern Mediterranean,SOM,Somalia,,,,18571.0,18 571,,
TB_c_mdr_tx,Cases started on MDR-TB treatment,https://www.who.int/data/gho/data/indicators/indicator-details/GHO/cases-started-on-mdr-tb-treatment,2008,2008,2008,EMR,Eastern Mediterranean,SOM,Somalia,,,,0.0,0,,
TB_hivtest_pos_pct,Tested TB patients HIV-positive (%),https://www.who.int/data/gho/data/indicators/indicator-details/GHO/tested-tb-patients-hiv-positive-%28-%29,2022,2022,2022,EMR,Eastern Mediterranean,SOM,Somalia,,,,0.77,0.77,,
TB_hiv_art_pct,HIV-positive TB patients on ART (antiretroviral therapy) (%),https://www.who.int/data/gho/data/indicators/indicator-details/GHO/hiv-positive-tb-patients-on-art-%28antiretroviral-therapy%29-%28-%29,2018,2018,2018,EMR,Eastern Mediterranean,SOM,Somalia,,,,54.0,54,,
TB_c_mdr_tx,Cases started on MDR-TB treatment,https://www.who.int/data/gho/data/indicators/indicator-details/GHO/cases-started-on-mdr-tb-treatment,2010,2010,2010,EMR,Eastern Mediterranean,SOM,Somalia,,,,0.0,0,,
TB_1,Tuberculosis treatment coverage,https://www.who.int/data/gho/data/indicators/indicator-details/GHO/tuberculosis-treatment-coverage,2013,2013,2013,EMR,Eastern Mediterranean,SOM,Somalia,,,,35.0,35 [24-58],24.0,58.0
TB_c_dst_rlt_ret_pct,Previously treated cases tested for RR-/MDR-TB (%),https://www.who.int/data/gho/data/indicators/indicator-details/GHO/previously-treated-cases-tested-for-rr--mdr-tb-%28-%29,2013,2013,2013,EMR,Eastern Mediterranean,SOM,Somalia,,,,20.0,20,,
TB_1,Tuberculosis treatment coverage,https://www.who.int/data/gho/data/indicators/indicator-details/GHO/tuberculosis-treatment-coverage,2001,2001,2001,EMR,Eastern Mediterranean,SOM,Somalia,,,,26.0,26 [18-43],18.0,43.0
TB_e_inc_rr_num,Estimated number of MDR/RR-TB incident cases,https://www.who.int/data/gho/data/indicators/indicator-details/GHO/estimated-number-of-mdr-rr-tb-incident-cases,2017,2017,2017,EMR,Eastern Mediterranean,SOM,Somalia,,,,2200.0,2200 [1200-3100],1200.0,3100.0
TB_e_inc_rr_num,Estimated number of MDR/RR-TB incident cases,https://www.who.int/data/gho/data/indicators/indicator-details/GHO/estimated-number-of-mdr-rr-tb-incident-cases,2019,2019,2019,EMR,Eastern Mediterranean,SOM,Somalia,,,,2000.0,2000 [1200-2800],1200.0,2800.0
TB_e_inc_tbhiv_100k,Incidence of tuberculosis (per 100 000 population) (HIV-positive cases),https://www.who.int/data/gho/data/indicators/indicator-details/GHO/incidence-of-tuberculosis-%28per-100-000-population%29-%28hiv-positive-cases%29,2012,2012,2012,EMR,Eastern Mediterranean,SOM,Somalia,,,,8.9,8.9 [5.1-14],5.1,14.0
TB_c_newinc,Tuberculosis - new and relapse cases,https://www.who.int/data/gho/data/indicators/indicator-details/GHO/tuberculosis---new-and-relapse-cases,2013,2013,2013,EMR,Eastern Mediterranean,SOM,Somalia,,,,12994.0,12 994,,
MDG_0000000020,Incidence of tuberculosis (per 100 000 population per year),https://www.who.int/data/gho/data/indicators/indicator-details/GHO/incidence-of-tuberculosis-%28per-100-000-population-per-year%29,2018,2018,2018,EMR,Eastern Mediterranean,SOM,Somalia,,,,262.0,262 [168-376],168.0,376.0
TB_e_inc_num,Number of incident tuberculosis cases,https://www.who.int/data/gho/data/indicators/indicator-details/GHO/number-of-incident-tuberculosis-cases,2004,2004,2004,EMR,Eastern Mediterranean,SOM,Somalia,,,,29000.0,29 000 [18 000-43 000],18000.0,43000.0
TB_e_inc_num_014,Number of incident tuberculosis cases in children aged 0 - 14,https://www.who.int/data/gho/data/indicators/indicator-details/GHO/number-of-incident-tuberculosis-cases-in-children-aged-0---14,2023,2023,2023,EMR,Eastern Mediterranean,SOM,Somalia,,,,9200.0,9200 [4500-14 000],4500.0,14000.0
TB_rr_mdr,Confirmed cases of RR-/MDR-TB,https://www.who.int/data/gho/data/indicators/indicator-details/GHO/confirmed-cases-of-rr--mdr-tb,2014,2014,2014,EMR,Eastern Mediterranean,SOM,Somalia,,,,176.0,176,,
TB_c_newinc,Tuberculosis - new and relapse cases,https://www.who.int/data/gho/data/indicators/indicator-details/GHO/tuberculosis---new-and-relapse-cases,2021,2021,2021,EMR,Eastern Mediterranean,SOM,Somalia,,,,17422.0,17 422,,
TB_c_newinc,Tuberculosis - new and relapse cases,https://www.who.int/data/gho/data/indicators/indicator-details/GHO/tuberculosis---new-and-relapse-cases,2004,2004,2004,EMR,Eastern Mediterranean,SOM,Somalia,,,,11747.0,11 747,,
TB_e_inc_tbhiv_num,"Number of incident tuberculosis cases,  (HIV-positive cases)",https://www.who.int/data/gho/data/indicators/indicator-details/GHO/number-of-incident-tuberculosis-cases-%28hiv-positive-cases%29,2002,2002,2002,EMR,Eastern Mediterranean,SOM,Somalia,,,,1100.0,1100 [350-2400],350.0,2400.0
TB_c_new_tsr,Treatment success rate: new TB cases,https://www.who.int/data/gho/data/indicators/indicator-details/GHO/treatment-success-rate-new-tb-cases,2006,2006,2006,EMR,Eastern Mediterranean,SOM,Somalia,,,,89.0,89,,
TB_c_ret_tsr,Treatment success rate: previously treated TB cases,https://www.who.int/data/gho/data/indicators/indicator-details/GHO/treatment-success-rate-previously-treated-tb-cases,1998,1998,1998,EMR,Eastern Mediterranean,SOM,Somalia,,,,85.0,85,,
TB_c_ret_tsr,Treatment success rate: previously treated TB cases,https://www.who.int/data/gho/data/indicators/indicator-details/GHO/treatment-success-rate-previously-treated-tb-cases,2014,2014,2014,EMR,Eastern Mediterranean,SOM,Somalia,,,,59.0,59,,
MDG_0000000020,Incidence of tuberculosis (per 100 000 population per year),https://www.who.int/data/gho/data/indicators/indicator-details/GHO/incidence-of-tuberculosis-%28per-100-000-population-per-year%29,2021,2021,2021,EMR,Eastern Mediterranean,SOM,Somalia,,,,250.0,250 [158-362],158.0,362.0
TB_rr_mdr,Confirmed cases of RR-/MDR-TB,https://www.who.int/data/gho/data/indicators/indicator-details/GHO/confirmed-cases-of-rr--mdr-tb,2012,2012,2012,EMR,Eastern Mediterranean,SOM,Somalia,,,,82.0,82,,
TB_c_newinc,Tuberculosis - new and relapse cases,https://www.who.int/data/gho/data/indicators/indicator-details/GHO/tuberculosis---new-and-relapse-cases,2008,2008,2008,EMR,Eastern Mediterranean,SOM,Somalia,,,,12481.0,12 481,,
TB_hivtest_pos_pct,Tested TB patients HIV-positive (%),https://www.who.int/data/gho/data/indicators/indicator-details/GHO/tested-tb-patients-hiv-positive-%28-%29,2005,2005,2005,EMR,Eastern Mediterranean,SOM,Somalia,,,,5.6,5.6,,
MDG_0000000020,Incidence of tuberculosis (per 100 000 population per year),https://www.who.int/data/gho/data/indicators/indicator-details/GHO/incidence-of-tuberculosis-%28per-100-000-population-per-year%29,2003,2003,2003,EMR,Eastern Mediterranean,SOM,Somalia,,,,285.0,285 [175-422],175.0,422.0
TB_c_mdr_tx,Cases started on MDR-TB treatment,https://www.who.int/data/gho/data/indicators/indicator-details/GHO/cases-started-on-mdr-tb-treatment,2016,2016,2016,EMR,Eastern Mediterranean,SOM,Somalia,,,,243.0,243,,
TB_c_dst_rlt_new_pct,New cases tested for RR-/MDR-TB (%),https://www.who.int/data/gho/data/indicators/indicator-details/GHO/new-cases-tested-for-rr--mdr-tb-%28-%29,2013,2013,2013,EMR,Eastern Mediterranean,SOM,Somalia,,,,4.4,4.4,,
MDG_0000000020,Incidence of tuberculosis (per 100 000 population per year),https://www.who.int/data/gho/data/indicators/indicator-details/GHO/incidence-of-tuberculosis-%28per-100-000-population-per-year%29,2016,2016,2016,EMR,Eastern Mediterranean,SOM,Somalia,,,,270.0,270 [171-391],171.0,391.0
TB_hivtest_pct,TB patients with known HIV status (%),https://www.who.int/data/gho/data/indicators/indicator-details/GHO/tb-patients-with-known-hiv-status-%28-%29,2009,2009,2009,EMR,Eastern Mediterranean,SOM,Somalia,,,,7.8,7.8,,
TB_hivtest_pos_pct,Tested TB patients HIV-positive (%),https://www.who.int/data/gho/data/indicators/indicator-details/GHO/tested-tb-patients-hiv-positive-%28-%29,2015,2015,2015,EMR,Eastern Mediterranean,SOM,Somalia,,,,1.8,1.8,,
TB_c_ret_tsr,Treatment success rate: previously treated TB cases,https://www.who.int/data/gho/data/indicators/indicator-details/GHO/treatment-success-rate-previously-treated-tb-cases,2022,2022,2022,EMR,Eastern Mediterranean,SOM,Somalia,,,,83.0,83,,
TB_rr_mdr,Confirmed cases of RR-/MDR-TB,https://www.who.int/data/gho/data/indicators/indicator-details/GHO/confirmed-cases-of-rr--mdr-tb,2017,2017,2017,EMR,Eastern Mediterranean,SOM,Somalia,,,,354.0,354,,
TB_e_inc_tbhiv_100k,Incidence of tuberculosis (per 100 000 population) (HIV-positive cases),https://www.who.int/data/gho/data/indicators/indicator-details/GHO/incidence-of-tuberculosis-%28per-100-000-population%29-%28hiv-positive-cases%29,2017,2017,2017,EMR,Eastern Mediterranean,SOM,Somalia,,,,2.9,2.9 [1.8-4.2],1.8,4.2
TB_1,Tuberculosis treatment coverage,https://www.who.int/data/gho/data/indicators/indicator-details/GHO/tuberculosis-treatment-coverage,2011,2011,2011,EMR,Eastern Mediterranean,SOM,Somalia,,,,33.0,33 [22-54],22.0,54.0
TB_c_mdr_tx,Cases started on MDR-TB treatment,https://www.who.int/data/gho/data/indicators/indicator-details/GHO/cases-started-on-mdr-tb-treatment,2020,2020,2020,EMR,Eastern Mediterranean,SOM,Somalia,,,,258.0,258,,
TB_c_ret_tsr,Treatment success rate: previously treated TB cases,https://www.who.int/data/gho/data/indicators/indicator-details/GHO/treatment-success-rate-previously-treated-tb-cases,2004,2004,2004,EMR,Eastern Mediterranean,SOM,Somalia,,,,90.0,90,,
TB_rr_mdr,Confirmed cases of RR-/MDR-TB,https://www.who.int/data/gho/data/indicators/indicator-details/GHO/confirmed-cases-of-rr--mdr-tb,2013,2013,2013,EMR,Eastern Mediterranean,SOM,Somalia,,,,185.0,185,,
TB_1,Tuberculosis treatment coverage,https://www.who.int/data/gho/data/indicators/indicator-details/GHO/tuberculosis-treatment-coverage,2014,2014,2014,EMR,Eastern Mediterranean,SOM,Somalia,,,,35.0,35 [24-56],24.0,56.0
TB_c_tbhiv_tsr,Treatment success rate: HIV-positive TB cases,https://www.who.int/data/gho/data/indicators/indicator-details/GHO/treatment-success-rate-hiv-positive-tb-cases,2013,2013,2013,EMR,Eastern Mediterranean,SOM,Somalia,,,,69.0,69,,
TB_c_newinc,Tuberculosis - new and relapse cases,https://www.who.int/data/gho/data/indicators/indicator-details/GHO/tuberculosis---new-and-relapse-cases,2000,2000,2000,EMR,Eastern Mediterranean,SOM,Somalia,,,,5686.0,5686,,
TB_e_inc_tbhiv_100k,Incidence of tuberculosis (per 100 000 population) (HIV-positive cases),https://www.who.int/data/gho/data/indicators/indicator-details/GHO/incidence-of-tuberculosis-%28per-100-000-population%29-%28hiv-positive-cases%29,2008,2008,2008,EMR,Eastern Mediterranean,SOM,Somalia,,,,11.0,11 [3.5-24],3.5,24.0
TB_e_inc_num,Number of incident tuberculosis cases,https://www.who.int/data/gho/data/indicators/indicator-details/GHO/number-of-incident-tuberculosis-cases,2012,2012,2012,EMR,Eastern Mediterranean,SOM,Somalia,,,,36000.0,36 000 [22 000-53 000],22000.0,53000.0
TB_1,Tuberculosis treatment coverage,https://www.who.int/data/gho/data/indicators/indicator-details/GHO/tuberculosis-treatment-coverage,2015,2015,2015,EMR,Eastern Mediterranean,SOM,Somalia,,,,37.0,37 [25-59],25.0,59.0
TB_e_inc_tbhiv_num,"Number of incident tuberculosis cases,  (HIV-positive cases)",https://www.who.int/data/gho/data/indicators/indicator-details/GHO/number-of-incident-tuberculosis-cases-%28hiv-positive-cases%29,2021,2021,2021,EMR,Eastern Mediterranean,SOM,Somalia,,,,390.0,390 [240-590],240.0,590.0
TB_c_ret_tsr,Treatment success rate: previously treated TB cases,https://www.who.int/data/gho/data/indicators/indicator-details/GHO/treatment-success-rate-previously-treated-tb-cases,2016,2016,2016,EMR,Eastern Mediterranean,SOM,Somalia,,,,79.0,79,,
TB_hivtest_pct,TB patients with known HIV status (%),https://www.who.int/data/gho/data/indicators/indicator-details/GHO/tb-patients-with-known-hiv-status-%28-%29,2011,2011,2011,EMR,Eastern Mediterranean,SOM,Somalia,,,,34.0,34,,
TB_hivtest_pos_pct,Tested TB patients HIV-positive (%),https://www.who.int/data/gho/data/indicators/indicator-details/GHO/tested-tb-patients-hiv-positive-%28-%29,2021,2021,2021,EMR,Eastern Mediterranean,SOM,Somalia,,,,0.91,0.91,,
TB_c_dst_rlt_new_pct,New cases tested for RR-/MDR-TB (%),https://www.who.int/data/gho/data/indicators/indicator-details/GHO/new-cases-tested-for-rr--mdr-tb-%28-%29,2020,2020,2020,EMR,Eastern Mediterranean,SOM,Somalia,,,,64.0,64,,
TB_e_inc_tbhiv_num,"Number of incident tuberculosis cases,  (HIV-positive cases)",https://www.who.int/data/gho/data/indicators/indicator-details/GHO/number-of-incident-tuberculosis-cases-%28hiv-positive-cases%29,2008,2008,2008,EMR,Eastern Mediterranean,SOM,Somalia,,,,1300.0,1300 [410-2800],410.0,2800.0
MDG_0000000020,Incidence of tuberculosis (per 100 000 population per year),https://www.who.int/data/gho/data/indicators/indicator-details/GHO/incidence-of-tuberculosis-%28per-100-000-population-per-year%29,2015,2015,2015,EMR,Eastern Mediterranean,SOM,Somalia,,,,274.0,274 [172-399],172.0,399.0
TB_e_inc_num,Number of incident tuberculosis cases,https://www.who.int/data/gho/data/indicators/indicator-details/GHO/number-of-incident-tuberculosis-cases,2002,2002,2002,EMR,Eastern Mediterranean,SOM,Somalia,,,,27000.0,27 000 [17 000-40 000],17000.0,40000.0
TB_c_ret_tsr,Treatment success rate: previously treated TB cases,https://www.who.int/data/gho/data/indicators/indicator-details/GHO/treatment-success-rate-previously-treated-tb-cases,2005,2005,2005,EMR,Eastern Mediterranean,SOM,Somalia,,,,80.0,80,,
TB_e_inc_num,Number of incident tuberculosis cases,https://www.who.int/data/gho/data/indicators/indicator-details/GHO/number-of-incident-tuberculosis-cases,2021,2021,2021,EMR,Eastern Mediterranean,SOM,Somalia,,,,43000.0,43 000 [27 000-63 000],27000.0,63000.0
TB_hivtest_pct,TB patients with known HIV status (%),https://www.who.int/data/gho/data/indicators/indicator-details/GHO/tb-patients-with-known-hiv-status-%28-%29,2018,2018,2018,EMR,Eastern Mediterranean,SOM,Somalia,,,,90.0,90,,
TB_e_inc_tbhiv_100k,Incidence of tuberculosis (per 100 000 population) (HIV-positive cases),https://www.who.int/data/gho/data/indicators/indicator-details/GHO/incidence-of-tuberculosis-%28per-100-000-population%29-%28hiv-positive-cases%29,2019,2019,2019,EMR,Eastern Mediterranean,SOM,Somalia,,,,2.4,2.4 [1.5-3.5],1.5,3.5
TB_1,Tuberculosis treatment coverage,https://www.who.int/data/gho/data/indicators/indicator-details/GHO/tuberculosis-treatment-coverage,2010,2010,2010,EMR,Eastern Mediterranean,SOM,Somalia,,,,29.0,29 [20-47],20.0,47.0
TB_c_new_tsr,Treatment success rate: new TB cases,https://www.who.int/data/gho/data/indicators/indicator-details/GHO/treatment-success-rate-new-tb-cases,1995,1995,1995,EMR,Eastern Mediterranean,SOM,Somalia,,,,86.0,86,,
TB_c_xdr_tsr,Treatment success rate: XDR-TB cases,https://www.who.int/data/gho/data/indicators/indicator-details/GHO/treatment-success-rate-xdr-tb-cases,2021,2021,2021,EMR,Eastern Mediterranean,SOM,Somalia,,,,100.0,100,,
TB_e_inc_num,Number of incident tuberculosis cases,https://www.who.int/data/gho/data/indicators/indicator-details/GHO/number-of-incident-tuberculosis-cases,2013,2013,2013,EMR,Eastern Mediterranean,SOM,Somalia,,,,37000.0,37 000 [23 000-54 000],23000.0,54000.0
TB_hivtest_pct,TB patients with known HIV status (%),https://www.who.int/data/gho/data/indicators/indicator-details/GHO/tb-patients-with-known-hiv-status-%28-%29,2017,2017,2017,EMR,Eastern Mediterranean,SOM,Somalia,,,,88.0,88,,
TB_hiv_art_pct,HIV-positive TB patients on ART (antiretroviral therapy) (%),https://www.who.int/data/gho/data/indicators/indicator-details/GHO/hiv-positive-tb-patients-on-art-%28antiretroviral-therapy%29-%28-%29,2009,2009,2009,EMR,Eastern Mediterranean,SOM,Somalia,,,,6.5,6.5,,
TB_c_mdr_tsr,Treatment success rate for patients treated for MDR-TB (%),https://www.who.int/data/gho/data/indicators/indicator-details/GHO/treatment-success-rate-for-patients-treated-for-mdr-tb-%28-%29,2016,2016,2016,EMR,Eastern Mediterranean,SOM,Somalia,,,,79.0,79,,
TB_c_ret_tsr,Treatment success rate: previously treated TB cases,https://www.who.int/data/gho/data/indicators/indicator-details/GHO/treatment-success-rate-previously-treated-tb-cases,2015,2015,2015,EMR,Eastern Mediterranean,SOM,Somalia,,,,57.0,57,,
TB_hiv_art_pct,HIV-positive TB patients on ART (antiretroviral therapy) (%),https://www.who.int/data/gho/data/indicators/indicator-details/GHO/hiv-positive-tb-patients-on-art-%28antiretroviral-therapy%29-%28-%29,2014,2014,2014,EMR,Eastern Mediterranean,SOM,Somalia,,,,45.0,45,,
TB_1,Tuberculosis treatment coverage,https://www.who.int/data/gho/data/indicators/indicator-details/GHO/tuberculosis-treatment-coverage,2022,2022,2022,EMR,Eastern Mediterranean,SOM,Somalia,,,,42.0,42 [29-67],29.0,67.0
MDG_0000000020,Incidence of tuberculosis (per 100 000 population per year),https://www.who.int/data/gho/data/indicators/indicator-details/GHO/incidence-of-tuberculosis-%28per-100-000-population-per-year%29,2011,2011,2011,EMR,Eastern Mediterranean,SOM,Somalia,,,,286.0,286 [175-423],175.0,423.0
TB_rr_mdr,Confirmed cases of RR-/MDR-TB,https://www.who.int/data/gho/data/indicators/indicator-details/GHO/confirmed-cases-of-rr--mdr-tb,2010,2010,2010,EMR,Eastern Mediterranean,SOM,Somalia,,,,80.0,80,,
TB_c_new_tsr,Treatment success rate: new TB cases,https://www.who.int/data/gho/data/indicators/indicator-details/GHO/treatment-success-rate-new-tb-cases,2010,2010,2010,EMR,Eastern Mediterranean,SOM,Somalia,,,,74.0,74,,
TB_hivtest_pct,TB patients with known HIV status (%),https://www.who.int/data/gho/data/indicators/indicator-details/GHO/tb-patients-with-known-hiv-status-%28-%29,2023,2023,2023,EMR,Eastern Mediterranean,SOM,Somalia,,,,89.0,89,,
TB_c_mdr_tx,Cases started on MDR-TB treatment,https://www.who.int/data/gho/data/indicators/indicator-details/GHO/cases-started-on-mdr-tb-treatment,2013,2013,2013,EMR,Eastern Mediterranean,SOM,Somalia,,,,30.0,30,,
TB_hivtest_pct,TB patients with known HIV status (%),https://www.who.int/data/gho/data/indicators/indicator-details/GHO/tb-patients-with-known-hiv-status-%28-%29,2005,2005,2005,EMR,Eastern Mediterranean,SOM,Somalia,,,,2.9,2.9,,
TB_c_new_tsr,Treatment success rate: new TB cases,https://www.who.int/data/gho/data/indicators/indicator-details/GHO/treatment-success-rate-new-tb-cases,2016,2016,2016,EMR,Eastern Mediterranean,SOM,Somalia,,,,88.0,88,,
TB_hiv_art_pct,HIV-positive TB patients on ART (antiretroviral therapy) (%),https://www.who.int/data/gho/data/indicators/indicator-details/GHO/hiv-positive-tb-patients-on-art-%28antiretroviral-therapy%29-%28-%29,2010,2010,2010,EMR,Eastern Mediterranean,SOM,Somalia,,,,26.0,26,,
TB_c_mdr_tsr,Treatment success rate for patients treated for MDR-TB (%),https://www.who.int/data/gho/data/indicators/indicator-details/GHO/treatment-success-rate-for-patients-treated-for-mdr-tb-%28-%29,2017,2017,2017,EMR,Eastern Mediterranean,SOM,Somalia,,,,75.0,75,,
TB_rr_mdr,Confirmed cases of RR-/MDR-TB,https://www.who.int/data/gho/data/indicators/indicator-details/GHO/confirmed-cases-of-rr--mdr-tb,2023,2023,2023,EMR,Eastern Mediterranean,SOM,Somalia,,,,330.0,330,,
TB_1,Tuberculosis treatment coverage,https://www.who.int/data/gho/data/indicators/indicator-details/GHO/tuberculosis-treatment-coverage,2020,2020,2020,EMR,Eastern Mediterranean,SOM,Somalia,,,,41.0,41 [28-64],28.0,64.0
TB_e_inc_num,Number of incident tuberculosis cases,https://www.who.int/data/gho/data/indicators/indicator-details/GHO/number-of-incident-tuberculosis-cases,2009,2009,2009,EMR,Eastern Mediterranean,SOM,Somalia,,,,34000.0,34 000 [21 000-51 000],21000.0,51000.0
TB_c_ret_tsr,Treatment success rate: previously treated TB cases,https://www.who.int/data/gho/data/indicators/indicator-details/GHO/treatment-success-rate-previously-treated-tb-cases,2013,2013,2013,EMR,Eastern Mediterranean,SOM,Somalia,,,,43.0,43,,
TB_hiv_art_pct,HIV-positive TB patients on ART (antiretroviral therapy) (%),https://www.who.int/data/gho/data/indicators/indicator-details/GHO/hiv-positive-tb-patients-on-art-%28antiretroviral-therapy%29-%28-%29,2015,2015,2015,EMR,Eastern Mediterranean,SOM,Somalia,,,,67.0,67,,
TB_rr_mdr,Confirmed cases of RR-/MDR-TB,https://www.who.int/data/gho/data/indicators/indicator-details/GHO/confirmed-cases-of-rr--mdr-tb,2021,2021,2021,EMR,Eastern Mediterranean,SOM,Somalia,,,,326.0,326,,
TB_hiv_art_pct,HIV-positive TB patients on ART (antiretroviral therapy) (%),https://www.who.int/data/gho/data/indicators/indicator-details/GHO/hiv-positive-tb-patients-on-art-%28antiretroviral-therapy%29-%28-%29,2017,2017,2017,EMR,Eastern Mediterranean,SOM,Somalia,,,,59.0,59,,
TB_c_new_tsr,Treatment success rate: new TB cases,https://www.who.int/data/gho/data/indicators/indicator-details/GHO/treatment-success-rate-new-tb-cases,1996,1996,1996,EMR,Eastern Mediterranean,SOM,Somalia,,,,84.0,84,,
TB_c_xdr_tsr,Treatment success rate: XDR-TB cases,https://www.who.int/data/gho/data/indicators/indicator-details/GHO/treatment-success-rate-xdr-tb-cases,2019,2019,2019,EMR,Eastern Mediterranean,SOM,Somalia,,,,100.0,100,,
TB_c_new_tsr,Treatment success rate: new TB cases,https://www.who.int/data/gho/data/indicators/indicator-details/GHO/treatment-success-rate-new-tb-cases,2020,2020,2020,EMR,Eastern Mediterranean,SOM,Somalia,,,,90.0,90,,
TB_e_inc_tbhiv_num,"Number of incident tuberculosis cases,  (HIV-positive cases)",https://www.who.int/data/gho/data/indicators/indicator-details/GHO/number-of-incident-tuberculosis-cases-%28hiv-positive-cases%29,2004,2004,2004,EMR,Eastern Mediterranean,SOM,Somalia,,,,1100.0,1100 [340-2300],340.0,2300.0
TB_hiv_art_pct,HIV-positive TB patients on ART (antiretroviral therapy) (%),https://www.who.int/data/gho/data/indicators/indicator-details/GHO/hiv-positive-tb-patients-on-art-%28antiretroviral-therapy%29-%28-%29,2019,2019,2019,EMR,Eastern Mediterranean,SOM,Somalia,,,,72.0,72,,
TB_e_inc_num,Number of incident tuberculosis cases,https://www.who.int/data/gho/data/indicators/indicator-details/GHO/number-of-incident-tuberculosis-cases,2010,2010,2010,EMR,Eastern Mediterranean,SOM,Somalia,,,,35000.0,35 000 [22 000-52 000],22000.0,52000.0
TB_hivtest_pct,TB patients with known HIV status (%),https://www.who.int/data/gho/data/indicators/indicator-details/GHO/tb-patients-with-known-hiv-status-%28-%29,2014,2014,2014,EMR,Eastern Mediterranean,SOM,Somalia,,,,59.0,59,,
TB_c_newinc,Tuberculosis - new and relapse cases,https://www.who.int/data/gho/data/indicators/indicator-details/GHO/tuberculosis---new-and-relapse-cases,2019,2019,2019,EMR,Eastern Mediterranean,SOM,Somalia,,,,16918.0,16 918,,
TB_hivtest_pct,TB patients with known HIV status (%),https://www.who.int/data/gho/data/indicators/indicator-details/GHO/tb-patients-with-known-hiv-status-%28-%29,2013,2013,2013,EMR,Eastern Mediterranean,SOM,Somalia,,,,52.0,52,,
TB_hivtest_pct,TB patients with known HIV status (%),https://www.who.int/data/gho/data/indicators/indicator-details/GHO/tb-patients-with-known-hiv-status-%28-%29,2022,2022,2022,EMR,Eastern Mediterranean,SOM,Somalia,,,,89.0,89,,
TB_rr_mdr,Confirmed cases of RR-/MDR-TB,https://www.who.int/data/gho/data/indicators/indicator-details/GHO/confirmed-cases-of-rr--mdr-tb,2022,2022,2022,EMR,Eastern Mediterranean,SOM,Somalia,,,,347.0,347,,
TB_c_ret_tsr,Treatment success rate: previously treated TB cases,https://www.who.int/data/gho/data/indicators/indicator-details/GHO/treatment-success-rate-previously-treated-tb-cases,1999,1999,1999,EMR,Eastern Mediterranean,SOM,Somalia,,,,80.0,80,,
TB_c_ret_tsr,Treatment success rate: previously treated TB cases,https://www.who.int/data/gho/data/indicators/indicator-details/GHO/treatment-success-rate-previously-treated-tb-cases,2012,2012,2012,EMR,Eastern Mediterranean,SOM,Somalia,,,,71.0,71,,
TB_hivtest_pos_pct,Tested TB patients HIV-positive (%),https://www.who.int/data/gho/data/indicators/indicator-details/GHO/tested-tb-patients-hiv-positive-%28-%29,2017,2017,2017,EMR,Eastern Mediterranean,SOM,Somalia,,,,1.1,1.1,,
TB_e_inc_rr_num,Estimated number of MDR/RR-TB incident cases,https://www.who.int/data/gho/data/indicators/indicator-details/GHO/estimated-number-of-mdr-rr-tb-incident-cases,2016,2016,2016,EMR,Eastern Mediterranean,SOM,Somalia,,,,2300.0,2300 [1300-3300],1300.0,3300.0
TB_e_inc_num,Number of incident tuberculosis cases,https://www.who.int/data/gho/data/indicators/indicator-details/GHO/number-of-incident-tuberculosis-cases,2001,2001,2001,EMR,Eastern Mediterranean,SOM,Somalia,,,,26000.0,26 000 [16 000-39 000],16000.0,39000.0
TB_c_tbhiv_tsr,Treatment success rate: HIV-positive TB cases,https://www.who.int/data/gho/data/indicators/indicator-details/GHO/treatment-success-rate-hiv-positive-tb-cases,2021,2021,2021,EMR,Eastern Mediterranean,SOM,Somalia,,,,26.0,26,,
TB_c_ret_tsr,Treatment success rate: previously treated TB cases,https://www.who.int/data/gho/data/indicators/indicator-details/GHO/treatment-success-rate-previously-treated-tb-cases,1997,1997,1997,EMR,Eastern Mediterranean,SOM,Somalia,,,,91.0,91,,
TB_c_tbhiv_tsr,Treatment success rate: HIV-positive TB cases,https://www.who.int/data/gho/data/indicators/indicator-details/GHO/treatment-success-rate-hiv-positive-tb-cases,2017,2017,2017,EMR,Eastern Mediterranean,SOM,Somalia,,,,66.0,66,,
TB_e_inc_tbhiv_100k,Incidence of tuberculosis (per 100 000 population) (HIV-positive cases),https://www.who.int/data/gho/data/indicators/indicator-details/GHO/incidence-of-tuberculosis-%28per-100-000-population%29-%28hiv-positive-cases%29,2021,2021,2021,EMR,Eastern Mediterranean,SOM,Somalia,,,,2.3,2.3 [1.4-3.4],1.4,3.4
MDG_0000000020,Incidence of tuberculosis (per 100 000 population per year),https://www.who.int/data/gho/data/indicators/indicator-details/GHO/incidence-of-tuberculosis-%28per-100-000-population-per-year%29,2014,2014,2014,EMR,Eastern Mediterranean,SOM,Somalia,,,,274.0,274 [172-399],172.0,399.0
TB_e_inc_tbhiv_num,"Number of incident tuberculosis cases,  (HIV-positive cases)",https://www.who.int/data/gho/data/indicators/indicator-details/GHO/number-of-incident-tuberculosis-cases-%28hiv-positive-cases%29,2020,2020,2020,EMR,Eastern Mediterranean,SOM,Somalia,,,,330.0,330 [200-490],200.0,490.0
TB_rr_mdr,Confirmed cases of RR-/MDR-TB,https://www.who.int/data/gho/data/indicators/indicator-details/GHO/confirmed-cases-of-rr--mdr-tb,2015,2015,2015,EMR,Eastern Mediterranean,SOM,Somalia,,,,75.0,75,,
TB_e_inc_tbhiv_num,"Number of incident tuberculosis cases,  (HIV-positive cases)",https://www.who.int/data/gho/data/indicators/indicator-details/GHO/number-of-incident-tuberculosis-cases-%28hiv-positive-cases%29,2014,2014,2014,EMR,Eastern Mediterranean,SOM,Somalia,,,,830.0,830 [260-1700],260.0,1700.0
TB_hivtest_pct,TB patients with known HIV status (%),https://www.who.int/data/gho/data/indicators/indicator-details/GHO/tb-patients-with-known-hiv-status-%28-%29,2003,2003,2003,EMR,Eastern Mediterranean,SOM,Somalia,,,,2.5,2.5,,
MDG_0000000020,Incidence of tuberculosis (per 100 000 population per year),https://www.who.int/data/gho/data/indicators/indicator-details/GHO/incidence-of-tuberculosis-%28per-100-000-population-per-year%29,2020,2020,2020,EMR,Eastern Mediterranean,SOM,Somalia,,,,254.0,254 [162-366],162.0,366.0
TB_c_new_tsr,Treatment success rate: new TB cases,https://www.who.int/data/gho/data/indicators/indicator-details/GHO/treatment-success-rate-new-tb-cases,2007,2007,2007,EMR,Eastern Mediterranean,SOM,Somalia,,,,86.0,86,,
TB_c_dst_rlt_ret_pct,Previously treated cases tested for RR-/MDR-TB (%),https://www.who.int/data/gho/data/indicators/indicator-details/GHO/previously-treated-cases-tested-for-rr--mdr-tb-%28-%29,2017,2017,2017,EMR,Eastern Mediterranean,SOM,Somalia,,,,28.0,28,,
TB_hivtest_pos_pct,Tested TB patients HIV-positive (%),https://www.who.int/data/gho/data/indicators/indicator-details/GHO/tested-tb-patients-hiv-positive-%28-%29,2011,2011,2011,EMR,Eastern Mediterranean,SOM,Somalia,,,,5.0,5,,
TB_c_new_tsr,Treatment success rate: new TB cases,https://www.who.int/data/gho/data/indicators/indicator-details/GHO/treatment-success-rate-new-tb-cases,1999,1999,1999,EMR,Eastern Mediterranean,SOM,Somalia,,,,88.0,88,,
MDG_0000000020,Incidence of tuberculosis (per 100 000 population per year),https://www.who.int/data/gho/data/indicators/indicator-details/GHO/incidence-of-tuberculosis-%28per-100-000-population-per-year%29,2012,2012,2012,EMR,Eastern Mediterranean,SOM,Somalia,,,,286.0,286 [175-423],175.0,423.0
TB_c_dst_rlt_ret_pct,Previously treated cases tested for RR-/MDR-TB (%),https://www.who.int/data/gho/data/indicators/indicator-details/GHO/previously-treated-cases-tested-for-rr--mdr-tb-%28-%29,2016,2016,2016,EMR,Eastern Mediterranean,SOM,Somalia,,,,100.0,>100,,
TB_c_tbhiv_tsr,Treatment success rate: HIV-positive TB cases,https://www.who.int/data/gho/data/indicators/indicator-details/GHO/treatment-success-rate-hiv-positive-tb-cases,2019,2019,2019,EMR,Eastern Mediterranean,SOM,Somalia,,,,78.0,78,,
TB_c_newinc,Tuberculosis - new and relapse cases,https://www.who.int/data/gho/data/indicators/indicator-details/GHO/tuberculosis---new-and-relapse-cases,2014,2014,2014,EMR,Eastern Mediterranean,SOM,Somalia,,,,12903.0,12 903,,
TB_e_inc_tbhiv_100k,Incidence of tuberculosis (per 100 000 population) (HIV-positive cases),https://www.who.int/data/gho/data/indicators/indicator-details/GHO/incidence-of-tuberculosis-%28per-100-000-population%29-%28hiv-positive-cases%29,2002,2002,2002,EMR,Eastern Mediterranean,SOM,Somalia,,,,12.0,12 [3.7-25],3.7,25.0
TB_e_inc_tbhiv_100k,Incidence of tuberculosis (per 100 000 population) (HIV-positive cases),https://www.who.int/data/gho/data/indicators/indicator-details/GHO/incidence-of-tuberculosis-%28per-100-000-population%29-%28hiv-positive-cases%29,2015,2015,2015,EMR,Eastern Mediterranean,SOM,Somalia,,,,4.6,4.6 [2.9-6.8],2.9,6.8
TB_e_inc_tbhiv_num,"Number of incident tuberculosis cases,  (HIV-positive cases)",https://www.who.int/data/gho/data/indicators/indicator-details/GHO/number-of-incident-tuberculosis-cases-%28hiv-positive-cases%29,2017,2017,2017,EMR,Eastern Mediterranean,SOM,Somalia,,,,430.0,430 [260-630],260.0,630.0
TB_c_ret_tsr,Treatment success rate: previously treated TB cases,https://www.who.int/data/gho/data/indicators/indicator-details/GHO/treatment-success-rate-previously-treated-tb-cases,2000,2000,2000,EMR,Eastern Mediterranean,SOM,Somalia,,,,54.0,54,,
TB_e_inc_tbhiv_100k,Incidence of tuberculosis (per 100 000 population) (HIV-positive cases),https://www.who.int/data/gho/data/indicators/indicator-details/GHO/incidence-of-tuberculosis-%28per-100-000-population%29-%28hiv-positive-cases%29,2007,2007,2007,EMR,Eastern Mediterranean,SOM,Somalia,,,,12.0,12 [3.7-25],3.7,25.0
TB_c_new_tsr,Treatment success rate: new TB cases,https://www.who.int/data/gho/data/indicators/indicator-details/GHO/treatment-success-rate-new-tb-cases,2003,2003,2003,EMR,Eastern Mediterranean,SOM,Somalia,,,,90.0,90,,
TB_rr_mdr,Confirmed cases of RR-/MDR-TB,https://www.who.int/data/gho/data/indicators/indicator-details/GHO/confirmed-cases-of-rr--mdr-tb,2020,2020,2020,EMR,Eastern Mediterranean,SOM,Somalia,,,,315.0,315,,
TB_hiv_art_pct,HIV-positive TB patients on ART (antiretroviral therapy) (%),https://www.who.int/data/gho/data/indicators/indicator-details/GHO/hiv-positive-tb-patients-on-art-%28antiretroviral-therapy%29-%28-%29,2021,2021,2021,EMR,Eastern Mediterranean,SOM,Somalia,,,,60.0,60,,
TB_e_inc_tbhiv_num,"Number of incident tuberculosis cases,  (HIV-positive cases)",https://www.who.int/data/gho/data/indicators/indicator-details/GHO/number-of-incident-tuberculosis-cases-%28hiv-positive-cases%29,2005,2005,2005,EMR,Eastern Mediterranean,SOM,Somalia,,,,1200.0,1200 [370-2500],370.0,2500.0
TB_c_dst_rlt_ret_pct,Previously treated cases tested for RR-/MDR-TB (%),https://www.who.int/data/gho/data/indicators/indicator-details/GHO/previously-treated-cases-tested-for-rr--mdr-tb-%28-%29,2023,2023,2023,EMR,Eastern Mediterranean,SOM,Somalia,,,,100.0,100,,
TB_e_inc_tbhiv_num,"Number of incident tuberculosis cases,  (HIV-positive cases)",https://www.who.int/data/gho/data/indicators/indicator-details/GHO/number-of-incident-tuberculosis-cases-%28hiv-positive-cases%29,2018,2018,2018,EMR,Eastern Mediterranean,SOM,Somalia,,,,480.0,480 [300-710],300.0,710.0
MDG_0000000020,Incidence of tuberculosis (per 100 000 population per year),https://www.who.int/data/gho/data/indicators/indicator-details/GHO/incidence-of-tuberculosis-%28per-100-000-population-per-year%29,2001,2001,2001,EMR,Eastern Mediterranean,SOM,Somalia,,,,285.0,285 [175-422],175.0,422.0
TB_e_inc_tbhiv_100k,Incidence of tuberculosis (per 100 000 population) (HIV-positive cases),https://www.who.int/data/gho/data/indicators/indicator-details/GHO/incidence-of-tuberculosis-%28per-100-000-population%29-%28hiv-positive-cases%29,2013,2013,2013,EMR,Eastern Mediterranean,SOM,Somalia,,,,7.5,7.5 [2.3-16],2.3,16.0
TB_c_new_tsr,Treatment success rate: new TB cases,https://www.who.int/data/gho/data/indicators/indicator-details/GHO/treatment-success-rate-new-tb-cases,2015,2015,2015,EMR,Eastern Mediterranean,SOM,Somalia,,,,84.0,84,,
TB_c_new_tsr,Treatment success rate: new TB cases,https://www.who.int/data/gho/data/indicators/indicator-details/GHO/treatment-success-rate-new-tb-cases,2005,2005,2005,EMR,Eastern Mediterranean,SOM,Somalia,,,,89.0,89,,
TB_c_newinc,Tuberculosis - new and relapse cases,https://www.who.int/data/gho/data/indicators/indicator-details/GHO/tuberculosis---new-and-relapse-cases,2009,2009,2009,EMR,Eastern Mediterranean,SOM,Somalia,,,,11075.0,11 075,,
TB_e_inc_num,Number of incident tuberculosis cases,https://www.who.int/data/gho/data/indicators/indicator-details/GHO/number-of-incident-tuberculosis-cases,2000,2000,2000,EMR,Eastern Mediterranean,SOM,Somalia,,,,25000.0,25 000 [15 000-37 000],15000.0,37000.0
TB_c_ret_tsr,Treatment success rate: previously treated TB cases,https://www.who.int/data/gho/data/indicators/indicator-details/GHO/treatment-success-rate-previously-treated-tb-cases,2008,2008,2008,EMR,Eastern Mediterranean,SOM,Somalia,,,,52.0,52,,
TB_hiv_art_pct,HIV-positive TB patients on ART (antiretroviral therapy) (%),https://www.who.int/data/gho/data/indicators/indicator-details/GHO/hiv-positive-tb-patients-on-art-%28antiretroviral-therapy%29-%28-%29,2020,2020,2020,EMR,Eastern Mediterranean,SOM,Somalia,,,,76.0,76,,
TB_hiv_art_pct,HIV-positive TB patients on ART (antiretroviral therapy) (%),https://www.who.int/data/gho/data/indicators/indicator-details/GHO/hiv-positive-tb-patients-on-art-%28antiretroviral-therapy%29-%28-%29,2023,2023,2023,EMR,Eastern Mediterranean,SOM,Somalia,,,,74.0,74,,
TB_rr_mdr,Confirmed cases of RR-/MDR-TB,https://www.who.int/data/gho/data/indicators/indicator-details/GHO/confirmed-cases-of-rr--mdr-tb,2019,2019,2019,EMR,Eastern Mediterranean,SOM,Somalia,,,,398.0,398,,
TB_hivtest_pct,TB patients with known HIV status (%),https://www.who.int/data/gho/data/indicators/indicator-details/GHO/tb-patients-with-known-hiv-status-%28-%29,2015,2015,2015,EMR,Eastern Mediterranean,SOM,Somalia,,,,78.0,78,,
TB_c_mdr_tsr,Treatment success rate for patients treated for MDR-TB (%),https://www.who.int/data/gho/data/indicators/indicator-details/GHO/treatment-success-rate-for-patients-treated-for-mdr-tb-%28-%29,2018,2018,2018,EMR,Eastern Mediterranean,SOM,Somalia,,,,71.0,71,,
TB_c_mdr_tsr,Treatment success rate for patients treated for MDR-TB (%),https://www.who.int/data/gho/data/indicators/indicator-details/GHO/treatment-success-rate-for-patients-treated-for-mdr-tb-%28-%29,2014,2014,2014,EMR,Eastern Mediterranean,SOM,Somalia,,,,76.0,76,,
TB_c_dst_rlt_new_pct,New cases tested for RR-/MDR-TB (%),https://www.who.int/data/gho/data/indicators/indicator-details/GHO/new-cases-tested-for-rr--mdr-tb-%28-%29,2019,2019,2019,EMR,Eastern Mediterranean,SOM,Somalia,,,,57.0,57,,
TB_hiv_art_pct,HIV-positive TB patients on ART (antiretroviral therapy) (%),https://www.who.int/data/gho/data/indicators/indicator-details/GHO/hiv-positive-tb-patients-on-art-%28antiretroviral-therapy%29-%28-%29,2013,2013,2013,EMR,Eastern Mediterranean,SOM,Somalia,,,,32.0,32,,
TB_e_inc_num,Number of incident tuberculosis cases,https://www.who.int/data/gho/data/indicators/indicator-details/GHO/number-of-incident-tuberculosis-cases,2022,2022,2022,EMR,Eastern Mediterranean,SOM,Somalia,,,,44000.0,44 000 [28 000-64 000],28000.0,64000.0
TB_e_inc_tbhiv_num,"Number of incident tuberculosis cases,  (HIV-positive cases)",https://www.who.int/data/gho/data/indicators/indicator-details/GHO/number-of-incident-tuberculosis-cases-%28hiv-positive-cases%29,2009,2009,2009,EMR,Eastern Mediterranean,SOM,Somalia,,,,1300.0,1300 [390-2700],390.0,2700.0
TB_c_new_tsr,Treatment success rate: new TB cases,https://www.who.int/data/gho/data/indicators/indicator-details/GHO/treatment-success-rate-new-tb-cases,1997,1997,1997,EMR,Eastern Mediterranean,SOM,Somalia,,,,90.0,90,,
TB_hiv_art_pct,HIV-positive TB patients on ART (antiretroviral therapy) (%),https://www.who.int/data/gho/data/indicators/indicator-details/GHO/hiv-positive-tb-patients-on-art-%28antiretroviral-therapy%29-%28-%29,2022,2022,2022,EMR,Eastern Mediterranean,SOM,Somalia,,,,69.0,69,,
TB_1,Tuberculosis treatment coverage,https://www.who.int/data/gho/data/indicators/indicator-details/GHO/tuberculosis-treatment-coverage,2003,2003,2003,EMR,Eastern Mediterranean,SOM,Somalia,,,,33.0,33 [22-53],22.0,53.0
TB_c_new_tsr,Treatment success rate: new TB cases,https://www.who.int/data/gho/data/indicators/indicator-details/GHO/treatment-success-rate-new-tb-cases,2009,2009,2009,EMR,Eastern Mediterranean,SOM,Somalia,,,,63.0,63,,
TB_c_mdr_tx,Cases started on MDR-TB treatment,https://www.who.int/data/gho/data/indicators/indicator-details/GHO/cases-started-on-mdr-tb-treatment,2019,2019,2019,EMR,Eastern Mediterranean,SOM,Somalia,,,,335.0,335,,
TB_e_inc_tbhiv_100k,Incidence of tuberculosis (per 100 000 population) (HIV-positive cases),https://www.who.int/data/gho/data/indicators/indicator-details/GHO/incidence-of-tuberculosis-%28per-100-000-population%29-%28hiv-positive-cases%29,2022,2022,2022,EMR,Eastern Mediterranean,SOM,Somalia,,,,1.9,1.9 [1.1-2.8],1.1,2.8
TB_e_inc_rr_num,Estimated number of MDR/RR-TB incident cases,https://www.who.int/data/gho/data/indicators/indicator-details/GHO/estimated-number-of-mdr-rr-tb-incident-cases,2023,2023,2023,EMR,Eastern Mediterranean,SOM,Somalia,,,,1600.0,1600 [880-2200],880.0,2200.0
TB_c_new_tsr,Treatment success rate: new TB cases,https://www.who.int/data/gho/data/indicators/indicator-details/GHO/treatment-success-rate-new-tb-cases,2012,2012,2012,EMR,Eastern Mediterranean,SOM,Somalia,,,,88.0,88,,
MDG_0000000020,Incidence of tuberculosis (per 100 000 population per year),https://www.who.int/data/gho/data/indicators/indicator-details/GHO/incidence-of-tuberculosis-%28per-100-000-population-per-year%29,2007,2007,2007,EMR,Eastern Mediterranean,SOM,Somalia,,,,285.0,285 [175-422],175.0,422.0
TB_e_inc_tbhiv_num,"Number of incident tuberculosis cases,  (HIV-positive cases)",https://www.who.int/data/gho/data/indicators/indicator-details/GHO/number-of-incident-tuberculosis-cases-%28hiv-positive-cases%29,2003,2003,2003,EMR,Eastern Mediterranean,SOM,Somalia,,,,1100.0,1100 [340-2300],340.0,2300.0
TB_e_inc_tbhiv_num,"Number of incident tuberculosis cases,  (HIV-positive cases)",https://www.who.int/data/gho/data/indicators/indicator-details/GHO/number-of-incident-tuberculosis-cases-%28hiv-positive-cases%29,2010,2010,2010,EMR,Eastern Mediterranean,SOM,Somalia,,,,1100.0,1100 [630-1700],630.0,1700.0
TB_c_dst_rlt_ret_pct,Previously treated cases tested for RR-/MDR-TB (%),https://www.who.int/data/gho/data/indicators/indicator-details/GHO/previously-treated-cases-tested-for-rr--mdr-tb-%28-%29,2019,2019,2019,EMR,Eastern Mediterranean,SOM,Somalia,,,,100.0,100,,
MDG_0000000020,Incidence of tuberculosis (per 100 000 population per year),https://www.who.int/data/gho/data/indicators/indicator-details/GHO/incidence-of-tuberculosis-%28per-100-000-population-per-year%29,2000,2000,2000,EMR,Eastern Mediterranean,SOM,Somalia,,,,285.0,285 [175-421],175.0,421.0
TB_c_mdr_tx,Cases started on MDR-TB treatment,https://www.who.int/data/gho/data/indicators/indicator-details/GHO/cases-started-on-mdr-tb-treatment,2015,2015,2015,EMR,Eastern Mediterranean,SOM,Somalia,,,,74.0,74,,
TB_c_mdr_tx,Cases started on MDR-TB treatment,https://www.who.int/data/gho/data/indicators/indicator-details/GHO/cases-started-on-mdr-tb-treatment,2012,2012,2012,EMR,Eastern Mediterranean,SOM,Somalia,,,,0.0,0,,
TB_c_ret_tsr,Treatment success rate: previously treated TB cases,https://www.who.int/data/gho/data/indicators/indicator-details/GHO/treatment-success-rate-previously-treated-tb-cases,2006,2006,2006,EMR,Eastern Mediterranean,SOM,Somalia,,,,78.0,78,,
TB_c_dst_rlt_ret_pct,Previously treated cases tested for RR-/MDR-TB (%),https://www.who.int/data/gho/data/indicators/indicator-details/GHO/previously-treated-cases-tested-for-rr--mdr-tb-%28-%29,2011,2011,2011,EMR,Eastern Mediterranean,SOM,Somalia,,,,2.0,2,,
TB_e_inc_num,Number of incident tuberculosis cases,https://www.who.int/data/gho/data/indicators/indicator-details/GHO/number-of-incident-tuberculosis-cases,2011,2011,2011,EMR,Eastern Mediterranean,SOM,Somalia,,,,35000.0,35 000 [22 000-52 000],22000.0,52000.0
TB_1,Tuberculosis treatment coverage,https://www.who.int/data/gho/data/indicators/indicator-details/GHO/tuberculosis-treatment-coverage,2005,2005,2005,EMR,Eastern Mediterranean,SOM,Somalia,,,,42.0,42 [29-69],29.0,69.0
TB_hivtest_pos_pct,Tested TB patients HIV-positive (%),https://www.who.int/data/gho/data/indicators/indicator-details/GHO/tested-tb-patients-hiv-positive-%28-%29,2016,2016,2016,EMR,Eastern Mediterranean,SOM,Somalia,,,,1.5,1.5,,
TB_c_dst_rlt_ret_pct,Previously treated cases tested for RR-/MDR-TB (%),https://www.who.int/data/gho/data/indicators/indicator-details/GHO/previously-treated-cases-tested-for-rr--mdr-tb-%28-%29,2021,2021,2021,EMR,Eastern Mediterranean,SOM,Somalia,,,,39.0,39,,
TB_e_inc_rr_num,Estimated number of MDR/RR-TB incident cases,https://www.who.int/data/gho/data/indicators/indicator-details/GHO/estimated-number-of-mdr-rr-tb-incident-cases,2020,2020,2020,EMR,Eastern Mediterranean,SOM,Somalia,,,,1900.0,1900 [1100-2600],1100.0,2600.0
TB_c_new_tsr,Treatment success rate: new TB cases,https://www.who.int/data/gho/data/indicators/indicator-details/GHO/treatment-success-rate-new-tb-cases,2013,2013,2013,EMR,Eastern Mediterranean,SOM,Somalia,,,,86.0,86,,
TB_c_mdr_tsr,Treatment success rate for patients treated for MDR-TB (%),https://www.who.int/data/gho/data/indicators/indicator-details/GHO/treatment-success-rate-for-patients-treated-for-mdr-tb-%28-%29,2021,2021,2021,EMR,Eastern Mediterranean,SOM,Somalia,,,,86.0,86,,
TB_c_mdr_tx,Cases started on MDR-TB treatment,https://www.who.int/data/gho/data/indicators/indicator-details/GHO/cases-started-on-mdr-tb-treatment,2023,2023,2023,EMR,Eastern Mediterranean,SOM,Somalia,,,,320.0,320,,
TB_e_inc_tbhiv_num,"Number of incident tuberculosis cases,  (HIV-positive cases)",https://www.who.int/data/gho/data/indicators/indicator-details/GHO/number-of-incident-tuberculosis-cases-%28hiv-positive-cases%29,2019,2019,2019,EMR,Eastern Mediterranean,SOM,Somalia,,,,380.0,380 [230-550],230.0,550.0
TB_1,Tuberculosis treatment coverage,https://www.who.int/data/gho/data/indicators/indicator-details/GHO/tuberculosis-treatment-coverage,2004,2004,2004,EMR,Eastern Mediterranean,SOM,Somalia,,,,40.0,40 [27-65],27.0,65.0
TB_e_inc_tbhiv_100k,Incidence of tuberculosis (per 100 000 population) (HIV-positive cases),https://www.who.int/data/gho/data/indicators/indicator-details/GHO/incidence-of-tuberculosis-%28per-100-000-population%29-%28hiv-positive-cases%29,2000,2000,2000,EMR,Eastern Mediterranean,SOM,Somalia,,,,15.0,15 [4.7-31],4.7,31.0
TB_e_inc_num,Number of incident tuberculosis cases,https://www.who.int/data/gho/data/indicators/indicator-details/GHO/number-of-incident-tuberculosis-cases,2014,2014,2014,EMR,Eastern Mediterranean,SOM,Somalia,,,,37000.0,37 000 [23 000-53 000],23000.0,53000.0
TB_1,Tuberculosis treatment coverage,https://www.who.int/data/gho/data/indicators/indicator-details/GHO/tuberculosis-treatment-coverage,2018,2018,2018,EMR,Eastern Mediterranean,SOM,Somalia,,,,41.0,41 [29-64],29.0,64.0
TB_e_inc_num,Number of incident tuberculosis cases,https://www.who.int/data/gho/data/indicators/indicator-details/GHO/number-of-incident-tuberculosis-cases,2006,2006,2006,EMR,Eastern Mediterranean,SOM,Somalia,,,,31000.0,31 000 [19 000-46 000],19000.0,46000.0
TB_c_newinc,Tuberculosis - new and relapse cases,https://www.who.int/data/gho/data/indicators/indicator-details/GHO/tuberculosis---new-and-relapse-cases,2017,2017,2017,EMR,Eastern Mediterranean,SOM,Somalia,,,,16485.0,16 485,,
TB_hivtest_pct,TB patients with known HIV status (%),https://www.who.int/data/gho/data/indicators/indicator-details/GHO/tb-patients-with-known-hiv-status-%28-%29,2016,2016,2016,EMR,Eastern Mediterranean,SOM,Somalia,,,,82.0,82,,
TB_hiv_art_pct,HIV-positive TB patients on ART (antiretroviral therapy) (%),https://www.who.int/data/gho/data/indicators/indicator-details/GHO/hiv-positive-tb-patients-on-art-%28antiretroviral-therapy%29-%28-%29,2016,2016,2016,EMR,Eastern Mediterranean,SOM,Somalia,,,,60.0,60,,
MDG_0000000020,Incidence of tuberculosis (per 100 000 population per year),https://www.who.int/data/gho/data/indicators/indicator-details/GHO/incidence-of-tuberculosis-%28per-100-000-population-per-year%29,2023,2023,2023,EMR,Eastern Mediterranean,SOM,Somalia,,,,243.0,243 [151-355],151.0,355.0
TB_e_inc_tbhiv_100k,Incidence of tuberculosis (per 100 000 population) (HIV-positive cases),https://www.who.int/data/gho/data/indicators/indicator-details/GHO/incidence-of-tuberculosis-%28per-100-000-population%29-%28hiv-positive-cases%29,2020,2020,2020,EMR,Eastern Mediterranean,SOM,Somalia,,,,2.0,2 [1.2-3],1.2,3.0
TB_e_inc_num,Number of incident tuberculosis cases,https://www.who.int/data/gho/data/indicators/indicator-details/GHO/number-of-incident-tuberculosis-cases,2008,2008,2008,EMR,Eastern Mediterranean,SOM,Somalia,,,,33000.0,33 000 [20 000-49 000],20000.0,49000.0
TB_c_mdr_tsr,Treatment success rate for patients treated for MDR-TB (%),https://www.who.int/data/gho/data/indicators/indicator-details/GHO/treatment-success-rate-for-patients-treated-for-mdr-tb-%28-%29,2015,2015,2015,EMR,Eastern Mediterranean,SOM,Somalia,,,,75.0,75,,
TB_e_inc_num,Number of incident tuberculosis cases,https://www.who.int/data/gho/data/indicators/indicator-details/GHO/number-of-incident-tuberculosis-cases,2017,2017,2017,EMR,Eastern Mediterranean,SOM,Somalia,,,,40000.0,40 000 [25 000-57 000],25000.0,57000.0
TB_1,Tuberculosis treatment coverage,https://www.who.int/data/gho/data/indicators/indicator-details/GHO/tuberculosis-treatment-coverage,2008,2008,2008,EMR,Eastern Mediterranean,SOM,Somalia,,,,37.0,37 [25-61],25.0,61.0
TB_c_dst_rlt_ret_pct,Previously treated cases tested for RR-/MDR-TB (%),https://www.who.int/data/gho/data/indicators/indicator-details/GHO/previously-treated-cases-tested-for-rr--mdr-tb-%28-%29,2020,2020,2020,EMR,Eastern Mediterranean,SOM,Somalia,,,,100.0,100,,
TB_e_inc_tbhiv_num,"Number of incident tuberculosis cases,  (HIV-positive cases)",https://www.who.int/data/gho/data/indicators/indicator-details/GHO/number-of-incident-tuberculosis-cases-%28hiv-positive-cases%29,2016,2016,2016,EMR,Eastern Mediterranean,SOM,Somalia,,,,590.0,590 [360-870],360.0,870.0
TB_e_inc_num,Number of incident tuberculosis cases,https://www.who.int/data/gho/data/indicators/indicator-details/GHO/number-of-incident-tuberculosis-cases,2016,2016,2016,EMR,Eastern Mediterranean,SOM,Somalia,,,,39000.0,39 000 [24 000-56 000],24000.0,56000.0
TB_1,Tuberculosis treatment coverage,https://www.who.int/data/gho/data/indicators/indicator-details/GHO/tuberculosis-treatment-coverage,2019,2019,2019,EMR,Eastern Mediterranean,SOM,Somalia,,,,41.0,41 [29-63],29.0,63.0
TB_e_inc_num,Number of incident tuberculosis cases,https://www.who.int/data/gho/data/indicators/indicator-details/GHO/number-of-incident-tuberculosis-cases,2007,2007,2007,EMR,Eastern Mediterranean,SOM,Somalia,,,,32000.0,32 000 [20 000-48 000],20000.0,48000.0
MDG_0000000020,Incidence of tuberculosis (per 100 000 population per year),https://www.who.int/data/gho/data/indicators/indicator-details/GHO/incidence-of-tuberculosis-%28per-100-000-population-per-year%29,2013,2013,2013,EMR,Eastern Mediterranean,SOM,Somalia,,,,285.0,285 [175-421],175.0,421.0
TB_c_newinc,Tuberculosis - new and relapse cases,https://www.who.int/data/gho/data/indicators/indicator-details/GHO/tuberculosis---new-and-relapse-cases,2006,2006,2006,EMR,Eastern Mediterranean,SOM,Somalia,,,,11864.0,11 864,,
TB_hivtest_pos_pct,Tested TB patients HIV-positive (%),https://www.who.int/data/gho/data/indicators/indicator-details/GHO/tested-tb-patients-hiv-positive-%28-%29,2010,2010,2010,EMR,Eastern Mediterranean,SOM,Somalia,,,,8.4,8.4,,
TB_hivtest_pos_pct,Tested TB patients HIV-positive (%),https://www.who.int/data/gho/data/indicators/indicator-details/GHO/tested-tb-patients-hiv-positive-%28-%29,2020,2020,2020,EMR,Eastern Mediterranean,SOM,Somalia,,,,0.77,0.77,,
TB_e_inc_tbhiv_num,"Number of incident tuberculosis cases,  (HIV-positive cases)",https://www.who.int/data/gho/data/indicators/indicator-details/GHO/number-of-incident-tuberculosis-cases-%28hiv-positive-cases%29,2015,2015,2015,EMR,Eastern Mediterranean,SOM,Somalia,,,,640.0,640 [390-940],390.0,940.0
TB_c_tbhiv_tsr,Treatment success rate: HIV-positive TB cases,https://www.who.int/data/gho/data/indicators/indicator-details/GHO/treatment-success-rate-hiv-positive-tb-cases,2009,2009,2009,EMR,Eastern Mediterranean,SOM,Somalia,,,,0.0,0,,
TB_e_inc_tbhiv_100k,Incidence of tuberculosis (per 100 000 population) (HIV-positive cases),https://www.who.int/data/gho/data/indicators/indicator-details/GHO/incidence-of-tuberculosis-%28per-100-000-population%29-%28hiv-positive-cases%29,2010,2010,2010,EMR,Eastern Mediterranean,SOM,Somalia,,,,8.9,8.9 [5.1-14],5.1,14.0
TB_c_dst_rlt_ret_pct,Previously treated cases tested for RR-/MDR-TB (%),https://www.who.int/data/gho/data/indicators/indicator-details/GHO/previously-treated-cases-tested-for-rr--mdr-tb-%28-%29,2014,2014,2014,EMR,Eastern Mediterranean,SOM,Somalia,,,,29.0,29,,
TB_c_newinc,Tuberculosis - new and relapse cases,https://www.who.int/data/gho/data/indicators/indicator-details/GHO/tuberculosis---new-and-relapse-cases,2016,2016,2016,EMR,Eastern Mediterranean,SOM,Somalia,,,,14170.0,14 170,,
TB_c_mdr_tx,Cases started on MDR-TB treatment,https://www.who.int/data/gho/data/indicators/indicator-details/GHO/cases-started-on-mdr-tb-treatment,2018,2018,2018,EMR,Eastern Mediterranean,SOM,Somalia,,,,317.0,317,,
TB_rr_mdr,Confirmed cases of RR-/MDR-TB,https://www.who.int/data/gho/data/indicators/indicator-details/GHO/confirmed-cases-of-rr--mdr-tb,2016,2016,2016,EMR,Eastern Mediterranean,SOM,Somalia,,,,243.0,243,,
TB_hivtest_pos_pct,Tested TB patients HIV-positive (%),https://www.who.int/data/gho/data/indicators/indicator-details/GHO/tested-tb-patients-hiv-positive-%28-%29,2012,2012,2012,EMR,Eastern Mediterranean,SOM,Somalia,,,,3.6,3.6,,
TB_1,Tuberculosis treatment coverage,https://www.who.int/data/gho/data/indicators/indicator-details/GHO/tuberculosis-treatment-coverage,2009,2009,2009,EMR,Eastern Mediterranean,SOM,Somalia,,,,32.0,32 [22-53],22.0,53.0
TB_c_ret_tsr,Treatment success rate: previously treated TB cases,https://www.who.int/data/gho/data/indicators/indicator-details/GHO/treatment-success-rate-previously-treated-tb-cases,2018,2018,2018,EMR,Eastern Mediterranean,SOM,Somalia,,,,66.0,66,,
TB_hiv_art_pct,HIV-positive TB patients on ART (antiretroviral therapy) (%),https://www.who.int/data/gho/data/indicators/indicator-details/GHO/hiv-positive-tb-patients-on-art-%28antiretroviral-therapy%29-%28-%29,2012,2012,2012,EMR,Eastern Mediterranean,SOM,Somalia,,,,27.0,27,,
TB_c_dst_rlt_ret_pct,Previously treated cases tested for RR-/MDR-TB (%),https://www.who.int/data/gho/data/indicators/indicator-details/GHO/previously-treated-cases-tested-for-rr--mdr-tb-%28-%29,2022,2022,2022,EMR,Eastern Mediterranean,SOM,Somalia,,,,100.0,100,,
TB_1,Tuberculosis treatment coverage,https://www.who.int/data/gho/data/indicators/indicator-details/GHO/tuberculosis-treatment-coverage,2007,2007,2007,EMR,Eastern Mediterranean,SOM,Somalia,,,,34.0,34 [23-56],23.0,56.0
TB_c_mdr_tx,Cases started on MDR-TB treatment,https://www.who.int/data/gho/data/indicators/indicator-details/GHO/cases-started-on-mdr-tb-treatment,2022,2022,2022,EMR,Eastern Mediterranean,SOM,Somalia,,,,312.0,312,,
TB_c_ret_tsr,Treatment success rate: previously treated TB cases,https://www.who.int/data/gho/data/indicators/indicator-details/GHO/treatment-success-rate-previously-treated-tb-cases,2017,2017,2017,EMR,Eastern Mediterranean,SOM,Somalia,,,,76.0,76,,
TB_c_tbhiv_tsr,Treatment success rate: HIV-positive TB cases,https://www.who.int/data/gho/data/indicators/indicator-details/GHO/treatment-success-rate-hiv-positive-tb-cases,2018,2018,2018,EMR,Eastern Mediterranean,SOM,Somalia,,,,33.0,33,,
TB_c_dst_rlt_new_pct,New cases tested for RR-/MDR-TB (%),https://www.who.int/data/gho/data/indicators/indicator-details/GHO/new-cases-tested-for-rr--mdr-tb-%28-%29,2010,2010,2010,EMR,Eastern Mediterranean,SOM,Somalia,,,,9.3,9.3,,
TB_e_inc_tbhiv_num,"Number of incident tuberculosis cases,  (HIV-positive cases)",https://www.who.int/data/gho/data/indicators/indicator-details/GHO/number-of-incident-tuberculosis-cases-%28hiv-positive-cases%29,2023,2023,2023,EMR,Eastern Mediterranean,SOM,Somalia,,,,260.0,260 [160-400],160.0,400.0
TB_c_mdr_tx,Cases started on MDR-TB treatment,https://www.who.int/data/gho/data/indicators/indicator-details/GHO/cases-started-on-mdr-tb-treatment,2021,2021,2021,EMR,Eastern Mediterranean,SOM,Somalia,,,,326.0,326,,
TB_e_inc_tbhiv_100k,Incidence of tuberculosis (per 100 000 population) (HIV-positive cases),https://www.who.int/data/gho/data/indicators/indicator-details/GHO/incidence-of-tuberculosis-%28per-100-000-population%29-%28hiv-positive-cases%29,2005,2005,2005,EMR,Eastern Mediterranean,SOM,Somalia,,,,11.0,11 [3.4-23],3.4,23.0
TB_c_new_tsr,Treatment success rate: new TB cases,https://www.who.int/data/gho/data/indicators/indicator-details/GHO/treatment-success-rate-new-tb-cases,2000,2000,2000,EMR,Eastern Mediterranean,SOM,Somalia,,,,83.0,83,,
TB_e_inc_tbhiv_num,"Number of incident tuberculosis cases,  (HIV-positive cases)",https://www.who.int/data/gho/data/indicators/indicator-details/GHO/number-of-incident-tuberculosis-cases-%28hiv-positive-cases%29,2022,2022,2022,EMR,Eastern Mediterranean,SOM,Somalia,,,,340.0,340 [200-510],200.0,510.0
TB_c_mdr_tsr,Treatment success rate for patients treated for MDR-TB (%),https://www.who.int/data/gho/data/indicators/indicator-details/GHO/treatment-success-rate-for-patients-treated-for-mdr-tb-%28-%29,2019,2019,2019,EMR,Eastern Mediterranean,SOM,Somalia,,,,77.0,77,,
TB_c_tbhiv_tsr,Treatment success rate: HIV-positive TB cases,https://www.who.int/data/gho/data/indicators/indicator-details/GHO/treatment-success-rate-hiv-positive-tb-cases,2016,2016,2016,EMR,Eastern Mediterranean,SOM,Somalia,,,,51.0,51,,
TB_e_inc_tbhiv_100k,Incidence of tuberculosis (per 100 000 population) (HIV-positive cases),https://www.who.int/data/gho/data/indicators/indicator-details/GHO/incidence-of-tuberculosis-%28per-100-000-population%29-%28hiv-positive-cases%29,2023,2023,2023,EMR,Eastern Mediterranean,SOM,Somalia,,,,1.4,1.4 [0.84-2.2],0.84,2.2
TB_c_new_tsr,Treatment success rate: new TB cases,https://www.who.int/data/gho/data/indicators/indicator-details/GHO/treatment-success-rate-new-tb-cases,2022,2022,2022,EMR,Eastern Mediterranean,SOM,Somalia,,,,91.0,91,,
MDG_0000000020,Incidence of tuberculosis (per 100 000 population per year),https://www.who.int/data/gho/data/indicators/indicator-details/GHO/incidence-of-tuberculosis-%28per-100-000-population-per-year%29,2017,2017,2017,EMR,Eastern Mediterranean,SOM,Somalia,,,,266.0,266 [169-383],169.0,383.0
TB_1,Tuberculosis treatment coverage,https://www.who.int/data/gho/data/indicators/indicator-details/GHO/tuberculosis-treatment-coverage,2006,2006,2006,EMR,Eastern Mediterranean,SOM,Somalia,,,,38.0,38 [26-62],26.0,62.0
TB_e_inc_num,Number of incident tuberculosis cases,https://www.who.int/data/gho/data/indicators/indicator-details/GHO/number-of-incident-tuberculosis-cases,2003,2003,2003,EMR,Eastern Mediterranean,SOM,Somalia,,,,28000.0,28 000 [17 000-42 000],17000.0,42000.0
TB_c_newinc,Tuberculosis - new and relapse cases,https://www.who.int/data/gho/data/indicators/indicator-details/GHO/tuberculosis---new-and-relapse-cases,2015,2015,2015,EMR,Eastern Mediterranean,SOM,Somalia,,,,13982.0,13 982,,
TB_e_inc_num,Number of incident tuberculosis cases,https://www.who.int/data/gho/data/indicators/indicator-details/GHO/number-of-incident-tuberculosis-cases,2019,2019,2019,EMR,Eastern Mediterranean,SOM,Somalia,,,,41000.0,41 000 [27 000-59 000],27000.0,59000.0
TB_e_inc_tbhiv_num,"Number of incident tuberculosis cases,  (HIV-positive cases)",https://www.who.int/data/gho/data/indicators/indicator-details/GHO/number-of-incident-tuberculosis-cases-%28hiv-positive-cases%29,2006,2006,2006,EMR,Eastern Mediterranean,SOM,Somalia,,,,1300.0,1300 [390-2600],390.0,2600.0
TB_1,Tuberculosis treatment coverage,https://www.who.int/data/gho/data/indicators/indicator-details/GHO/tuberculosis-treatment-coverage,2017,2017,2017,EMR,Eastern Mediterranean,SOM,Somalia,,,,42.0,42 [29-65],29.0,65.0
TB_hivtest_pct,TB patients with known HIV status (%),https://www.who.int/data/gho/data/indicators/indicator-details/GHO/tb-patients-with-known-hiv-status-%28-%29,2021,2021,2021,EMR,Eastern Mediterranean,SOM,Somalia,,,,87.0,87,,
TB_hivtest_pos_pct,Tested TB patients HIV-positive (%),https://www.who.int/data/gho/data/indicators/indicator-details/GHO/tested-tb-patients-hiv-positive-%28-%29,2003,2003,2003,EMR,Eastern Mediterranean,SOM,Somalia,,,,5.2,5.2,,
TB_e_inc_num,Number of incident tuberculosis cases,https://www.who.int/data/gho/data/indicators/indicator-details/GHO/number-of-incident-tuberculosis-cases,2023,2023,2023,EMR,Eastern Mediterranean,SOM,Somalia,,,,45000.0,45 000 [28 000-65 000],28000.0,65000.0
