GHO (CODE),GHO (DISPLAY),GHO (URL),YEAR (DISPLAY),STARTYEAR,ENDYEAR,REGION (CODE),REGION (DISPLAY),COUNTRY (CODE),COUNTRY (DISPLAY),DIMENSION (TYPE),DIMENSION (CODE),DIMENSION (NAME),Numeric,Value,Low,High
#indicator+code,#indicator+name,#indicator+url,#date+year,#date+year+start,#date+year+end,#region+code,#region+name,#country+code,#country+name,#dimension+type,#dimension+code,#dimension+name,#indicator+value+num,#indicator+value,#indicator+value+low,#indicator+value+high
WSH_SANITATION_BASIC,Population using at least basic sanitation services (%),https://www.who.int/data/gho/data/indicators/indicator-details/GHO/population-using-at-least-basic-sanitation-services-%28-%29,2008,2008,2008,EMR,Eastern Mediterranean,SOM,Somalia,RESIDENCEAREATYPE,RESIDENCEAREATYPE_URB,Urban,49.81508,50,,
WSH_SANITATION_SAFELY_MANAGED,Population using safely managed sanitation services (%),https://www.who.int/data/gho/data/indicators/indicator-details/GHO/population-using-safely-managed-sanitation-services-%28-%29,2022,2022,2022,EMR,Eastern Mediterranean,SOM,Somalia,RESIDENCEAREATYPE,RESIDENCEAREATYPE_RUR,Rural,21.82336,22,,
SDGODAWS,Amount of water- and sanitation-related official development assistance that is part of a government-coordinated spending plan (constant 2023 US$ millions),https://www.who.int/data/gho/data/indicators/indicator-details/GHO/amount-of-water--and-sanitation-related-official-development-assistance-that-is-part-of-a-government-coordinated-spending-plan,2010,2010,2010,EMR,Eastern Mediterranean,SOM,Somalia,,,,3.8721,3.9,,
WSH_SANITATION_SAFELY_MANAGED,Population using safely managed sanitation services (%),https://www.who.int/data/gho/data/indicators/indicator-details/GHO/population-using-safely-managed-sanitation-services-%28-%29,2009,2009,2009,EMR,Eastern Mediterranean,SOM,Somalia,RESIDENCEAREATYPE,RESIDENCEAREATYPE_URB,Urban,37.84482,38,,
WSH_SANITATION_BASIC,Population using at least basic sanitation services (%),https://www.who.int/data/gho/data/indicators/indicator-details/GHO/population-using-at-least-basic-sanitation-services-%28-%29,2002,2002,2002,EMR,Eastern Mediterranean,SOM,Somalia,RESIDENCEAREATYPE,RESIDENCEAREATYPE_RUR,Rural,8.13694,8,,
WSH_SANITATION_SAFELY_MANAGED,Population using safely managed sanitation services (%),https://www.who.int/data/gho/data/indicators/indicator-details/GHO/population-using-safely-managed-sanitation-services-%28-%29,2008,2008,2008,EMR,Eastern Mediterranean,SOM,Somalia,RESIDENCEAREATYPE,RESIDENCEAREATYPE_RUR,Rural,11.08938,11,,
WSH_SANITATION_SAFELY_MANAGED,Population using safely managed sanitation services (%),https://www.who.int/data/gho/data/indicators/indicator-details/GHO/population-using-safely-managed-sanitation-services-%28-%29,2021,2021,2021,EMR,Eastern Mediterranean,SOM,Somalia,RESIDENCEAREATYPE,RESIDENCEAREATYPE_URB,Urban,44.51521,45,,
WSH_SANITATION_BASIC,Population using at least basic sanitation services (%),https://www.who.int/data/gho/data/indicators/indicator-details/GHO/population-using-at-least-basic-sanitation-services-%28-%29,2022,2022,2022,EMR,Eastern Mediterranean,SOM,Somalia,RESIDENCEAREATYPE,RESIDENCEAREATYPE_URB,Urban,56.95531,57,,
WSH_SANITATION_SAFELY_MANAGED,Population using safely managed sanitation services (%),https://www.who.int/data/gho/data/indicators/indicator-details/GHO/population-using-safely-managed-sanitation-services-%28-%29,2001,2001,2001,EMR,Eastern Mediterranean,SOM,Somalia,RESIDENCEAREATYPE,RESIDENCEAREATYPE_URB,Urban,34.40895,34,,
WSH_SANITATION_SAFELY_MANAGED,Population using safely managed sanitation services (%),https://www.who.int/data/gho/data/indicators/indicator-details/GHO/population-using-safely-managed-sanitation-services-%28-%29,2016,2016,2016,EMR,Eastern Mediterranean,SOM,Somalia,RESIDENCEAREATYPE,RESIDENCEAREATYPE_TOTL,Total,27.97904,28,,
WSH_SANITATION_BASIC,Population using at least basic sanitation services (%),https://www.who.int/data/gho/data/indicators/indicator-details/GHO/population-using-at-least-basic-sanitation-services-%28-%29,2007,2007,2007,EMR,Eastern Mediterranean,SOM,Somalia,RESIDENCEAREATYPE,RESIDENCEAREATYPE_TOTL,Total,24.56039,25,,
WSH_SANITATION_SAFELY_MANAGED,Population using safely managed sanitation services (%),https://www.who.int/data/gho/data/indicators/indicator-details/GHO/population-using-safely-managed-sanitation-services-%28-%29,2017,2017,2017,EMR,Eastern Mediterranean,SOM,Somalia,RESIDENCEAREATYPE,RESIDENCEAREATYPE_RUR,Rural,18.16038,18,,
WSH_SANITATION_SAFELY_MANAGED,Population using safely managed sanitation services (%),https://www.who.int/data/gho/data/indicators/indicator-details/GHO/population-using-safely-managed-sanitation-services-%28-%29,2000,2000,2000,EMR,Eastern Mediterranean,SOM,Somalia,RESIDENCEAREATYPE,RESIDENCEAREATYPE_TOTL,Total,15.63945,16,,
WSH_SANITATION_BASIC,Population using at least basic sanitation services (%),https://www.who.int/data/gho/data/indicators/indicator-details/GHO/population-using-at-least-basic-sanitation-services-%28-%29,2021,2021,2021,EMR,Eastern Mediterranean,SOM,Somalia,RESIDENCEAREATYPE,RESIDENCEAREATYPE_TOTL,Total,40.39141,40,,
WSH_SANITATION_BASIC,Population using at least basic sanitation services (%),https://www.who.int/data/gho/data/indicators/indicator-details/GHO/population-using-at-least-basic-sanitation-services-%28-%29,2001,2001,2001,EMR,Eastern Mediterranean,SOM,Somalia,RESIDENCEAREATYPE,RESIDENCEAREATYPE_TOTL,Total,20.77614,21,,
SDGODAWS,Amount of water- and sanitation-related official development assistance that is part of a government-coordinated spending plan (constant 2023 US$ millions),https://www.who.int/data/gho/data/indicators/indicator-details/GHO/amount-of-water--and-sanitation-related-official-development-assistance-that-is-part-of-a-government-coordinated-spending-plan,2019,2019,2019,EMR,Eastern Mediterranean,SOM,Somalia,,,,18.2457,18.2,,
WSH_SANITATION_SAFELY_MANAGED,Population using safely managed sanitation services (%),https://www.who.int/data/gho/data/indicators/indicator-details/GHO/population-using-safely-managed-sanitation-services-%28-%29,2018,2018,2018,EMR,Eastern Mediterranean,SOM,Somalia,RESIDENCEAREATYPE,RESIDENCEAREATYPE_URB,Urban,42.80397,43,,
WSH_SANITATION_BASIC,Population using at least basic sanitation services (%),https://www.who.int/data/gho/data/indicators/indicator-details/GHO/population-using-at-least-basic-sanitation-services-%28-%29,2001,2001,2001,EMR,Eastern Mediterranean,SOM,Somalia,RESIDENCEAREATYPE,RESIDENCEAREATYPE_URB,Urban,46.78549,47,,
WSH_SANITATION_SAFELY_MANAGED,Population using safely managed sanitation services (%),https://www.who.int/data/gho/data/indicators/indicator-details/GHO/population-using-safely-managed-sanitation-services-%28-%29,2010,2010,2010,EMR,Eastern Mediterranean,SOM,Somalia,RESIDENCEAREATYPE,RESIDENCEAREATYPE_TOTL,Total,22.68709,23,,
SDGODAWS,Amount of water- and sanitation-related official development assistance that is part of a government-coordinated spending plan (constant 2023 US$ millions),https://www.who.int/data/gho/data/indicators/indicator-details/GHO/amount-of-water--and-sanitation-related-official-development-assistance-that-is-part-of-a-government-coordinated-spending-plan,2022,2022,2022,EMR,Eastern Mediterranean,SOM,Somalia,,,,30.6914,30.7,,
WSH_SANITATION_SAFELY_MANAGED,Population using safely managed sanitation services (%),https://www.who.int/data/gho/data/indicators/indicator-details/GHO/population-using-safely-managed-sanitation-services-%28-%29,2020,2020,2020,EMR,Eastern Mediterranean,SOM,Somalia,RESIDENCEAREATYPE,RESIDENCEAREATYPE_URB,Urban,43.94156,44,,
WSH_SANITATION_BASIC,Population using at least basic sanitation services (%),https://www.who.int/data/gho/data/indicators/indicator-details/GHO/population-using-at-least-basic-sanitation-services-%28-%29,2016,2016,2016,EMR,Eastern Mediterranean,SOM,Somalia,RESIDENCEAREATYPE,RESIDENCEAREATYPE_TOTL,Total,35.06461,35,,
WSH_SANITATION_SAFELY_MANAGED,Population using safely managed sanitation services (%),https://www.who.int/data/gho/data/indicators/indicator-details/GHO/population-using-safely-managed-sanitation-services-%28-%29,2009,2009,2009,EMR,Eastern Mediterranean,SOM,Somalia,RESIDENCEAREATYPE,RESIDENCEAREATYPE_RUR,Rural,11.79499,12,,
WSH_SANITATION_SAFELY_MANAGED,Population using safely managed sanitation services (%),https://www.who.int/data/gho/data/indicators/indicator-details/GHO/population-using-safely-managed-sanitation-services-%28-%29,2019,2019,2019,EMR,Eastern Mediterranean,SOM,Somalia,RESIDENCEAREATYPE,RESIDENCEAREATYPE_URB,Urban,43.37115,43,,
WSH_SANITATION_SAFELY_MANAGED,Population using safely managed sanitation services (%),https://www.who.int/data/gho/data/indicators/indicator-details/GHO/population-using-safely-managed-sanitation-services-%28-%29,2005,2005,2005,EMR,Eastern Mediterranean,SOM,Somalia,RESIDENCEAREATYPE,RESIDENCEAREATYPE_URB,Urban,35.7248,36,,
WSH_SANITATION_BASIC,Population using at least basic sanitation services (%),https://www.who.int/data/gho/data/indicators/indicator-details/GHO/population-using-at-least-basic-sanitation-services-%28-%29,2018,2018,2018,EMR,Eastern Mediterranean,SOM,Somalia,RESIDENCEAREATYPE,RESIDENCEAREATYPE_TOTL,Total,37.16507,37,,
WSH_SANITATION_SAFELY_MANAGED,Population using safely managed sanitation services (%),https://www.who.int/data/gho/data/indicators/indicator-details/GHO/population-using-safely-managed-sanitation-services-%28-%29,2019,2019,2019,EMR,Eastern Mediterranean,SOM,Somalia,RESIDENCEAREATYPE,RESIDENCEAREATYPE_RUR,Rural,19.95184,20,,
WSH_SANITATION_BASIC,Population using at least basic sanitation services (%),https://www.who.int/data/gho/data/indicators/indicator-details/GHO/population-using-at-least-basic-sanitation-services-%28-%29,2007,2007,2007,EMR,Eastern Mediterranean,SOM,Somalia,RESIDENCEAREATYPE,RESIDENCEAREATYPE_URB,Urban,49.28502,49,,
WSH_SANITATION_SAFELY_MANAGED,Population using safely managed sanitation services (%),https://www.who.int/data/gho/data/indicators/indicator-details/GHO/population-using-safely-managed-sanitation-services-%28-%29,2010,2010,2010,EMR,Eastern Mediterranean,SOM,Somalia,RESIDENCEAREATYPE,RESIDENCEAREATYPE_RUR,Rural,12.52062,13,,
WSH_SANITATION_SAFELY_MANAGED,Population using safely managed sanitation services (%),https://www.who.int/data/gho/data/indicators/indicator-details/GHO/population-using-safely-managed-sanitation-services-%28-%29,2010,2010,2010,EMR,Eastern Mediterranean,SOM,Somalia,RESIDENCEAREATYPE,RESIDENCEAREATYPE_URB,Urban,38.3829,38,,
WSH_SANITATION_SAFELY_MANAGED,Population using safely managed sanitation services (%),https://www.who.int/data/gho/data/indicators/indicator-details/GHO/population-using-safely-managed-sanitation-services-%28-%29,2018,2018,2018,EMR,Eastern Mediterranean,SOM,Somalia,RESIDENCEAREATYPE,RESIDENCEAREATYPE_RUR,Rural,19.0461,19,,
WSH_SANITATION_BASIC,Population using at least basic sanitation services (%),https://www.who.int/data/gho/data/indicators/indicator-details/GHO/population-using-at-least-basic-sanitation-services-%28-%29,2022,2022,2022,EMR,Eastern Mediterranean,SOM,Somalia,RESIDENCEAREATYPE,RESIDENCEAREATYPE_TOTL,Total,40.5758,41,,
WSH_SANITATION_SAFELY_MANAGED,Population using safely managed sanitation services (%),https://www.who.int/data/gho/data/indicators/indicator-details/GHO/population-using-safely-managed-sanitation-services-%28-%29,2012,2012,2012,EMR,Eastern Mediterranean,SOM,Somalia,RESIDENCEAREATYPE,RESIDENCEAREATYPE_RUR,Rural,14.03192,14,,
WSH_SANITATION_BASIC,Population using at least basic sanitation services (%),https://www.who.int/data/gho/data/indicators/indicator-details/GHO/population-using-at-least-basic-sanitation-services-%28-%29,2008,2008,2008,EMR,Eastern Mediterranean,SOM,Somalia,RESIDENCEAREATYPE,RESIDENCEAREATYPE_TOTL,Total,25.90049,26,,
SDGODAWS,Amount of water- and sanitation-related official development assistance that is part of a government-coordinated spending plan (constant 2023 US$ millions),https://www.who.int/data/gho/data/indicators/indicator-details/GHO/amount-of-water--and-sanitation-related-official-development-assistance-that-is-part-of-a-government-coordinated-spending-plan,2014,2014,2014,EMR,Eastern Mediterranean,SOM,Somalia,,,,9.2596,9.3,,
WSH_SANITATION_BASIC,Population using at least basic sanitation services (%),https://www.who.int/data/gho/data/indicators/indicator-details/GHO/population-using-at-least-basic-sanitation-services-%28-%29,2019,2019,2019,EMR,Eastern Mediterranean,SOM,Somalia,RESIDENCEAREATYPE,RESIDENCEAREATYPE_TOTL,Total,38.23091,38,,
WSH_SANITATION_BASIC,Population using at least basic sanitation services (%),https://www.who.int/data/gho/data/indicators/indicator-details/GHO/population-using-at-least-basic-sanitation-services-%28-%29,2010,2010,2010,EMR,Eastern Mediterranean,SOM,Somalia,RESIDENCEAREATYPE,RESIDENCEAREATYPE_URB,Urban,50.88343,51,,
WSH_SANITATION_SAFELY_MANAGED,Population using safely managed sanitation services (%),https://www.who.int/data/gho/data/indicators/indicator-details/GHO/population-using-safely-managed-sanitation-services-%28-%29,2018,2018,2018,EMR,Eastern Mediterranean,SOM,Somalia,RESIDENCEAREATYPE,RESIDENCEAREATYPE_TOTL,Total,29.73025,30,,
WSH_SANITATION_BASIC,Population using at least basic sanitation services (%),https://www.who.int/data/gho/data/indicators/indicator-details/GHO/population-using-at-least-basic-sanitation-services-%28-%29,2020,2020,2020,EMR,Eastern Mediterranean,SOM,Somalia,RESIDENCEAREATYPE,RESIDENCEAREATYPE_TOTL,Total,39.30662,39,,
WSH_SANITATION_BASIC,Population using at least basic sanitation services (%),https://www.who.int/data/gho/data/indicators/indicator-details/GHO/population-using-at-least-basic-sanitation-services-%28-%29,2005,2005,2005,EMR,Eastern Mediterranean,SOM,Somalia,RESIDENCEAREATYPE,RESIDENCEAREATYPE_URB,Urban,48.23312,48,,
WSH_SANITATION_SAFELY_MANAGED,Population using safely managed sanitation services (%),https://www.who.int/data/gho/data/indicators/indicator-details/GHO/population-using-safely-managed-sanitation-services-%28-%29,2006,2006,2006,EMR,Eastern Mediterranean,SOM,Somalia,RESIDENCEAREATYPE,RESIDENCEAREATYPE_URB,Urban,36.24995,36,,
WSH_SANITATION_SAFELY_MANAGED,Population using safely managed sanitation services (%),https://www.who.int/data/gho/data/indicators/indicator-details/GHO/population-using-safely-managed-sanitation-services-%28-%29,2002,2002,2002,EMR,Eastern Mediterranean,SOM,Somalia,RESIDENCEAREATYPE,RESIDENCEAREATYPE_RUR,Rural,7.38955,7,,
WSH_SANITATION_BASIC,Population using at least basic sanitation services (%),https://www.who.int/data/gho/data/indicators/indicator-details/GHO/population-using-at-least-basic-sanitation-services-%28-%29,2019,2019,2019,EMR,Eastern Mediterranean,SOM,Somalia,RESIDENCEAREATYPE,RESIDENCEAREATYPE_RUR,Rural,23.50885,24,,
WSH_SANITATION_SAFELY_MANAGED,Population using safely managed sanitation services (%),https://www.who.int/data/gho/data/indicators/indicator-details/GHO/population-using-safely-managed-sanitation-services-%28-%29,2002,2002,2002,EMR,Eastern Mediterranean,SOM,Somalia,RESIDENCEAREATYPE,RESIDENCEAREATYPE_TOTL,Total,16.66339,17,,
WSH_SANITATION_BASIC,Population using at least basic sanitation services (%),https://www.who.int/data/gho/data/indicators/indicator-details/GHO/population-using-at-least-basic-sanitation-services-%28-%29,2006,2006,2006,EMR,Eastern Mediterranean,SOM,Somalia,RESIDENCEAREATYPE,RESIDENCEAREATYPE_RUR,Rural,10.76949,11,,
WSH_SANITATION_BASIC,Population using at least basic sanitation services (%),https://www.who.int/data/gho/data/indicators/indicator-details/GHO/population-using-at-least-basic-sanitation-services-%28-%29,2005,2005,2005,EMR,Eastern Mediterranean,SOM,Somalia,RESIDENCEAREATYPE,RESIDENCEAREATYPE_TOTL,Total,23.86522,24,,
WSH_SANITATION_BASIC,Population using at least basic sanitation services (%),https://www.who.int/data/gho/data/indicators/indicator-details/GHO/population-using-at-least-basic-sanitation-services-%28-%29,2009,2009,2009,EMR,Eastern Mediterranean,SOM,Somalia,RESIDENCEAREATYPE,RESIDENCEAREATYPE_URB,Urban,50.34788,50,,
WSH_SANITATION_BASIC,Population using at least basic sanitation services (%),https://www.who.int/data/gho/data/indicators/indicator-details/GHO/population-using-at-least-basic-sanitation-services-%28-%29,2021,2021,2021,EMR,Eastern Mediterranean,SOM,Somalia,RESIDENCEAREATYPE,RESIDENCEAREATYPE_URB,Urban,56.95531,57,,
WSH_SANITATION_SAFELY_MANAGED,Population using safely managed sanitation services (%),https://www.who.int/data/gho/data/indicators/indicator-details/GHO/population-using-safely-managed-sanitation-services-%28-%29,2000,2000,2000,EMR,Eastern Mediterranean,SOM,Somalia,RESIDENCEAREATYPE,RESIDENCEAREATYPE_RUR,Rural,6.42293,6,,
WSH_SANITATION_BASIC,Population using at least basic sanitation services (%),https://www.who.int/data/gho/data/indicators/indicator-details/GHO/population-using-at-least-basic-sanitation-services-%28-%29,2000,2000,2000,EMR,Eastern Mediterranean,SOM,Somalia,RESIDENCEAREATYPE,RESIDENCEAREATYPE_URB,Urban,46.4769,46,,
WSH_SANITATION_BASIC,Population using at least basic sanitation services (%),https://www.who.int/data/gho/data/indicators/indicator-details/GHO/population-using-at-least-basic-sanitation-services-%28-%29,2018,2018,2018,EMR,Eastern Mediterranean,SOM,Somalia,RESIDENCEAREATYPE,RESIDENCEAREATYPE_RUR,Rural,22.3722,22,,
WSH_SANITATION_BASIC,Population using at least basic sanitation services (%),https://www.who.int/data/gho/data/indicators/indicator-details/GHO/population-using-at-least-basic-sanitation-services-%28-%29,2014,2014,2014,EMR,Eastern Mediterranean,SOM,Somalia,RESIDENCEAREATYPE,RESIDENCEAREATYPE_URB,Urban,53.05301,53,,
WSH_SANITATION_BASIC,Population using at least basic sanitation services (%),https://www.who.int/data/gho/data/indicators/indicator-details/GHO/population-using-at-least-basic-sanitation-services-%28-%29,2008,2008,2008,EMR,Eastern Mediterranean,SOM,Somalia,RESIDENCEAREATYPE,RESIDENCEAREATYPE_RUR,Rural,12.44211,12,,
WSH_SANITATION_BASIC,Population using at least basic sanitation services (%),https://www.who.int/data/gho/data/indicators/indicator-details/GHO/population-using-at-least-basic-sanitation-services-%28-%29,2007,2007,2007,EMR,Eastern Mediterranean,SOM,Somalia,RESIDENCEAREATYPE,RESIDENCEAREATYPE_RUR,Rural,11.59274,12,,
WSH_SANITATION_SAFELY_MANAGED,Population using safely managed sanitation services (%),https://www.who.int/data/gho/data/indicators/indicator-details/GHO/population-using-safely-managed-sanitation-services-%28-%29,2005,2005,2005,EMR,Eastern Mediterranean,SOM,Somalia,RESIDENCEAREATYPE,RESIDENCEAREATYPE_TOTL,Total,18.73472,19,,
WSH_SANITATION_BASIC,Population using at least basic sanitation services (%),https://www.who.int/data/gho/data/indicators/indicator-details/GHO/population-using-at-least-basic-sanitation-services-%28-%29,2015,2015,2015,EMR,Eastern Mediterranean,SOM,Somalia,RESIDENCEAREATYPE,RESIDENCEAREATYPE_TOTL,Total,34.03126,34,,
WSH_SANITATION_BASIC,Population using at least basic sanitation services (%),https://www.who.int/data/gho/data/indicators/indicator-details/GHO/population-using-at-least-basic-sanitation-services-%28-%29,2014,2014,2014,EMR,Eastern Mediterranean,SOM,Somalia,RESIDENCEAREATYPE,RESIDENCEAREATYPE_RUR,Rural,18.08677,18,,
WSH_SANITATION_BASIC,Population using at least basic sanitation services (%),https://www.who.int/data/gho/data/indicators/indicator-details/GHO/population-using-at-least-basic-sanitation-services-%28-%29,2002,2002,2002,EMR,Eastern Mediterranean,SOM,Somalia,RESIDENCEAREATYPE,RESIDENCEAREATYPE_TOTL,Total,21.37847,21,,
WSH_SANITATION_SAFELY_MANAGED,Population using safely managed sanitation services (%),https://www.who.int/data/gho/data/indicators/indicator-details/GHO/population-using-safely-managed-sanitation-services-%28-%29,2017,2017,2017,EMR,Eastern Mediterranean,SOM,Somalia,RESIDENCEAREATYPE,RESIDENCEAREATYPE_URB,Urban,42.24002,42,,
WSH_SANITATION_SAFELY_MANAGED,Population using safely managed sanitation services (%),https://www.who.int/data/gho/data/indicators/indicator-details/GHO/population-using-safely-managed-sanitation-services-%28-%29,2014,2014,2014,EMR,Eastern Mediterranean,SOM,Somalia,RESIDENCEAREATYPE,RESIDENCEAREATYPE_RUR,Rural,15.62326,16,,
WSH_SANITATION_BASIC,Population using at least basic sanitation services (%),https://www.who.int/data/gho/data/indicators/indicator-details/GHO/population-using-at-least-basic-sanitation-services-%28-%29,2019,2019,2019,EMR,Eastern Mediterranean,SOM,Somalia,RESIDENCEAREATYPE,RESIDENCEAREATYPE_URB,Urban,55.82666,56,,
WSH_SANITATION_BASIC,Population using at least basic sanitation services (%),https://www.who.int/data/gho/data/indicators/indicator-details/GHO/population-using-at-least-basic-sanitation-services-%28-%29,2016,2016,2016,EMR,Eastern Mediterranean,SOM,Somalia,RESIDENCEAREATYPE,RESIDENCEAREATYPE_RUR,Rural,20.17725,20,,
WSH_SANITATION_BASIC,Population using at least basic sanitation services (%),https://www.who.int/data/gho/data/indicators/indicator-details/GHO/population-using-at-least-basic-sanitation-services-%28-%29,2003,2003,2003,EMR,Eastern Mediterranean,SOM,Somalia,RESIDENCEAREATYPE,RESIDENCEAREATYPE_RUR,Rural,8.66914,9,,
WSH_SANITATION_BASIC,Population using at least basic sanitation services (%),https://www.who.int/data/gho/data/indicators/indicator-details/GHO/population-using-at-least-basic-sanitation-services-%28-%29,2011,2011,2011,EMR,Eastern Mediterranean,SOM,Somalia,RESIDENCEAREATYPE,RESIDENCEAREATYPE_URB,Urban,51.42171,51,,
WSH_SANITATION_SAFELY_MANAGED,Population using safely managed sanitation services (%),https://www.who.int/data/gho/data/indicators/indicator-details/GHO/population-using-safely-managed-sanitation-services-%28-%29,2015,2015,2015,EMR,Eastern Mediterranean,SOM,Somalia,RESIDENCEAREATYPE,RESIDENCEAREATYPE_URB,Urban,41.12182,41,,
WSH_SANITATION_BASIC,Population using at least basic sanitation services (%),https://www.who.int/data/gho/data/indicators/indicator-details/GHO/population-using-at-least-basic-sanitation-services-%28-%29,2009,2009,2009,EMR,Eastern Mediterranean,SOM,Somalia,RESIDENCEAREATYPE,RESIDENCEAREATYPE_RUR,Rural,13.31759,13,,
SDGODAWS,Amount of water- and sanitation-related official development assistance that is part of a government-coordinated spending plan (constant 2023 US$ millions),https://www.who.int/data/gho/data/indicators/indicator-details/GHO/amount-of-water--and-sanitation-related-official-development-assistance-that-is-part-of-a-government-coordinated-spending-plan,2018,2018,2018,EMR,Eastern Mediterranean,SOM,Somalia,,,,16.5764,16.6,,
WSH_SANITATION_BASIC,Population using at least basic sanitation services (%),https://www.who.int/data/gho/data/indicators/indicator-details/GHO/population-using-at-least-basic-sanitation-services-%28-%29,2006,2006,2006,EMR,Eastern Mediterranean,SOM,Somalia,RESIDENCEAREATYPE,RESIDENCEAREATYPE_URB,Urban,48.7577,49,,
WSH_SANITATION_SAFELY_MANAGED,Population using safely managed sanitation services (%),https://www.who.int/data/gho/data/indicators/indicator-details/GHO/population-using-safely-managed-sanitation-services-%28-%29,2009,2009,2009,EMR,Eastern Mediterranean,SOM,Somalia,RESIDENCEAREATYPE,RESIDENCEAREATYPE_TOTL,Total,21.60145,22,,
WSH_SANITATION_BASIC,Population using at least basic sanitation services (%),https://www.who.int/data/gho/data/indicators/indicator-details/GHO/population-using-at-least-basic-sanitation-services-%28-%29,2010,2010,2010,EMR,Eastern Mediterranean,SOM,Somalia,RESIDENCEAREATYPE,RESIDENCEAREATYPE_TOTL,Total,28.63191,29,,
WSH_SANITATION_SAFELY_MANAGED,Population using safely managed sanitation services (%),https://www.who.int/data/gho/data/indicators/indicator-details/GHO/population-using-safely-managed-sanitation-services-%28-%29,2016,2016,2016,EMR,Eastern Mediterranean,SOM,Somalia,RESIDENCEAREATYPE,RESIDENCEAREATYPE_RUR,Rural,17.29466,17,,
WSH_SANITATION_BASIC,Population using at least basic sanitation services (%),https://www.who.int/data/gho/data/indicators/indicator-details/GHO/population-using-at-least-basic-sanitation-services-%28-%29,2013,2013,2013,EMR,Eastern Mediterranean,SOM,Somalia,RESIDENCEAREATYPE,RESIDENCEAREATYPE_TOTL,Total,32.00099,32,,
WSH_SANITATION_SAFELY_MANAGED,Population using safely managed sanitation services (%),https://www.who.int/data/gho/data/indicators/indicator-details/GHO/population-using-safely-managed-sanitation-services-%28-%29,2022,2022,2022,EMR,Eastern Mediterranean,SOM,Somalia,RESIDENCEAREATYPE,RESIDENCEAREATYPE_TOTL,Total,32.56205,33,,
WSH_SANITATION_BASIC,Population using at least basic sanitation services (%),https://www.who.int/data/gho/data/indicators/indicator-details/GHO/population-using-at-least-basic-sanitation-services-%28-%29,2012,2012,2012,EMR,Eastern Mediterranean,SOM,Somalia,RESIDENCEAREATYPE,RESIDENCEAREATYPE_URB,Urban,51.96274,52,,
WSH_SANITATION_SAFELY_MANAGED,Population using safely managed sanitation services (%),https://www.who.int/data/gho/data/indicators/indicator-details/GHO/population-using-safely-managed-sanitation-services-%28-%29,2021,2021,2021,EMR,Eastern Mediterranean,SOM,Somalia,RESIDENCEAREATYPE,RESIDENCEAREATYPE_TOTL,Total,32.42749,32,,
SDGODAWS,Amount of water- and sanitation-related official development assistance that is part of a government-coordinated spending plan (constant 2023 US$ millions),https://www.who.int/data/gho/data/indicators/indicator-details/GHO/amount-of-water--and-sanitation-related-official-development-assistance-that-is-part-of-a-government-coordinated-spending-plan,2017,2017,2017,EMR,Eastern Mediterranean,SOM,Somalia,,,,23.0582,23.1,,
WSH_SANITATION_SAFELY_MANAGED,Population using safely managed sanitation services (%),https://www.who.int/data/gho/data/indicators/indicator-details/GHO/population-using-safely-managed-sanitation-services-%28-%29,2020,2020,2020,EMR,Eastern Mediterranean,SOM,Somalia,RESIDENCEAREATYPE,RESIDENCEAREATYPE_TOTL,Total,31.51954,32,,
WSH_SANITATION_BASIC,Population using at least basic sanitation services (%),https://www.who.int/data/gho/data/indicators/indicator-details/GHO/population-using-at-least-basic-sanitation-services-%28-%29,2021,2021,2021,EMR,Eastern Mediterranean,SOM,Somalia,RESIDENCEAREATYPE,RESIDENCEAREATYPE_RUR,Rural,25.86049,26,,
WSH_SANITATION_BASIC,Population using at least basic sanitation services (%),https://www.who.int/data/gho/data/indicators/indicator-details/GHO/population-using-at-least-basic-sanitation-services-%28-%29,2013,2013,2013,EMR,Eastern Mediterranean,SOM,Somalia,RESIDENCEAREATYPE,RESIDENCEAREATYPE_URB,Urban,52.50651,53,,
SDGODAWS,Amount of water- and sanitation-related official development assistance that is part of a government-coordinated spending plan (constant 2023 US$ millions),https://www.who.int/data/gho/data/indicators/indicator-details/GHO/amount-of-water--and-sanitation-related-official-development-assistance-that-is-part-of-a-government-coordinated-spending-plan,2016,2016,2016,EMR,Eastern Mediterranean,SOM,Somalia,,,,37.6445,37.6,,
WSH_SANITATION_SAFELY_MANAGED,Population using safely managed sanitation services (%),https://www.who.int/data/gho/data/indicators/indicator-details/GHO/population-using-safely-managed-sanitation-services-%28-%29,2003,2003,2003,EMR,Eastern Mediterranean,SOM,Somalia,RESIDENCEAREATYPE,RESIDENCEAREATYPE_RUR,Rural,7.87286,8,,
WSH_SANITATION_SAFELY_MANAGED,Population using safely managed sanitation services (%),https://www.who.int/data/gho/data/indicators/indicator-details/GHO/population-using-safely-managed-sanitation-services-%28-%29,2006,2006,2006,EMR,Eastern Mediterranean,SOM,Somalia,RESIDENCEAREATYPE,RESIDENCEAREATYPE_TOTL,Total,19.56879,20,,
WSH_SANITATION_BASIC,Population using at least basic sanitation services (%),https://www.who.int/data/gho/data/indicators/indicator-details/GHO/population-using-at-least-basic-sanitation-services-%28-%29,2016,2016,2016,EMR,Eastern Mediterranean,SOM,Somalia,RESIDENCEAREATYPE,RESIDENCEAREATYPE_URB,Urban,54.15425,54,,
WSH_SANITATION_SAFELY_MANAGED,Population using safely managed sanitation services (%),https://www.who.int/data/gho/data/indicators/indicator-details/GHO/population-using-safely-managed-sanitation-services-%28-%29,2015,2015,2015,EMR,Eastern Mediterranean,SOM,Somalia,RESIDENCEAREATYPE,RESIDENCEAREATYPE_TOTL,Total,27.11874,27,,
WSH_SANITATION_SAFELY_MANAGED,Population using safely managed sanitation services (%),https://www.who.int/data/gho/data/indicators/indicator-details/GHO/population-using-safely-managed-sanitation-services-%28-%29,2002,2002,2002,EMR,Eastern Mediterranean,SOM,Somalia,RESIDENCEAREATYPE,RESIDENCEAREATYPE_URB,Urban,34.67359,35,,
WSH_SANITATION_BASIC,Population using at least basic sanitation services (%),https://www.who.int/data/gho/data/indicators/indicator-details/GHO/population-using-at-least-basic-sanitation-services-%28-%29,2003,2003,2003,EMR,Eastern Mediterranean,SOM,Somalia,RESIDENCEAREATYPE,RESIDENCEAREATYPE_TOTL,Total,22.13137,22,,
WSH_SANITATION_SAFELY_MANAGED,Population using safely managed sanitation services (%),https://www.who.int/data/gho/data/indicators/indicator-details/GHO/population-using-safely-managed-sanitation-services-%28-%29,2013,2013,2013,EMR,Eastern Mediterranean,SOM,Somalia,RESIDENCEAREATYPE,RESIDENCEAREATYPE_URB,Urban,40.01656,40,,
WSH_SANITATION_BASIC,Population using at least basic sanitation services (%),https://www.who.int/data/gho/data/indicators/indicator-details/GHO/population-using-at-least-basic-sanitation-services-%28-%29,2004,2004,2004,EMR,Eastern Mediterranean,SOM,Somalia,RESIDENCEAREATYPE,RESIDENCEAREATYPE_TOTL,Total,22.8843,23,,
WSH_SANITATION_SAFELY_MANAGED,Population using safely managed sanitation services (%),https://www.who.int/data/gho/data/indicators/indicator-details/GHO/population-using-safely-managed-sanitation-services-%28-%29,2013,2013,2013,EMR,Eastern Mediterranean,SOM,Somalia,RESIDENCEAREATYPE,RESIDENCEAREATYPE_TOTL,Total,25.43064,25,,
WSH_SANITATION_SAFELY_MANAGED,Population using safely managed sanitation services (%),https://www.who.int/data/gho/data/indicators/indicator-details/GHO/population-using-safely-managed-sanitation-services-%28-%29,2022,2022,2022,EMR,Eastern Mediterranean,SOM,Somalia,RESIDENCEAREATYPE,RESIDENCEAREATYPE_URB,Urban,44.51521,45,,
WSH_SANITATION_BASIC,Population using at least basic sanitation services (%),https://www.who.int/data/gho/data/indicators/indicator-details/GHO/population-using-at-least-basic-sanitation-services-%28-%29,2006,2006,2006,EMR,Eastern Mediterranean,SOM,Somalia,RESIDENCEAREATYPE,RESIDENCEAREATYPE_TOTL,Total,24.86311,25,,
WSH_SANITATION_BASIC,Population using at least basic sanitation services (%),https://www.who.int/data/gho/data/indicators/indicator-details/GHO/population-using-at-least-basic-sanitation-services-%28-%29,2017,2017,2017,EMR,Eastern Mediterranean,SOM,Somalia,RESIDENCEAREATYPE,RESIDENCEAREATYPE_URB,Urban,54.70898,55,,
WSH_SANITATION_SAFELY_MANAGED,Population using safely managed sanitation services (%),https://www.who.int/data/gho/data/indicators/indicator-details/GHO/population-using-safely-managed-sanitation-services-%28-%29,2016,2016,2016,EMR,Eastern Mediterranean,SOM,Somalia,RESIDENCEAREATYPE,RESIDENCEAREATYPE_URB,Urban,41.67931,42,,
WSH_SANITATION_SAFELY_MANAGED,Population using safely managed sanitation services (%),https://www.who.int/data/gho/data/indicators/indicator-details/GHO/population-using-safely-managed-sanitation-services-%28-%29,2013,2013,2013,EMR,Eastern Mediterranean,SOM,Somalia,RESIDENCEAREATYPE,RESIDENCEAREATYPE_RUR,Rural,14.81759,15,,
WSH_SANITATION_SAFELY_MANAGED,Population using safely managed sanitation services (%),https://www.who.int/data/gho/data/indicators/indicator-details/GHO/population-using-safely-managed-sanitation-services-%28-%29,2007,2007,2007,EMR,Eastern Mediterranean,SOM,Somalia,RESIDENCEAREATYPE,RESIDENCEAREATYPE_RUR,Rural,10.40377,10,,
WSH_SANITATION_SAFELY_MANAGED,Population using safely managed sanitation services (%),https://www.who.int/data/gho/data/indicators/indicator-details/GHO/population-using-safely-managed-sanitation-services-%28-%29,2012,2012,2012,EMR,Eastern Mediterranean,SOM,Somalia,RESIDENCEAREATYPE,RESIDENCEAREATYPE_TOTL,Total,24.60297,25,,
WSH_SANITATION_BASIC,Population using at least basic sanitation services (%),https://www.who.int/data/gho/data/indicators/indicator-details/GHO/population-using-at-least-basic-sanitation-services-%28-%29,2015,2015,2015,EMR,Eastern Mediterranean,SOM,Somalia,RESIDENCEAREATYPE,RESIDENCEAREATYPE_RUR,Rural,19.11895,19,,
WSH_SANITATION_SAFELY_MANAGED,Population using safely managed sanitation services (%),https://www.who.int/data/gho/data/indicators/indicator-details/GHO/population-using-safely-managed-sanitation-services-%28-%29,2014,2014,2014,EMR,Eastern Mediterranean,SOM,Somalia,RESIDENCEAREATYPE,RESIDENCEAREATYPE_URB,Urban,40.56758,41,,
WSH_SANITATION_SAFELY_MANAGED,Population using safely managed sanitation services (%),https://www.who.int/data/gho/data/indicators/indicator-details/GHO/population-using-safely-managed-sanitation-services-%28-%29,2008,2008,2008,EMR,Eastern Mediterranean,SOM,Somalia,RESIDENCEAREATYPE,RESIDENCEAREATYPE_TOTL,Total,20.53167,21,,
WSH_SANITATION_BASIC,Population using at least basic sanitation services (%),https://www.who.int/data/gho/data/indicators/indicator-details/GHO/population-using-at-least-basic-sanitation-services-%28-%29,2000,2000,2000,EMR,Eastern Mediterranean,SOM,Somalia,RESIDENCEAREATYPE,RESIDENCEAREATYPE_RUR,Rural,7.07256,7,,
SDGODAWS,Amount of water- and sanitation-related official development assistance that is part of a government-coordinated spending plan (constant 2023 US$ millions),https://www.who.int/data/gho/data/indicators/indicator-details/GHO/amount-of-water--and-sanitation-related-official-development-assistance-that-is-part-of-a-government-coordinated-spending-plan,2015,2015,2015,EMR,Eastern Mediterranean,SOM,Somalia,,,,29.7055,29.7,,
WSH_SANITATION_SAFELY_MANAGED,Population using safely managed sanitation services (%),https://www.who.int/data/gho/data/indicators/indicator-details/GHO/population-using-safely-managed-sanitation-services-%28-%29,2011,2011,2011,EMR,Eastern Mediterranean,SOM,Somalia,RESIDENCEAREATYPE,RESIDENCEAREATYPE_RUR,Rural,13.26626,13,,
WSH_SANITATION_SAFELY_MANAGED,Population using safely managed sanitation services (%),https://www.who.int/data/gho/data/indicators/indicator-details/GHO/population-using-safely-managed-sanitation-services-%28-%29,2001,2001,2001,EMR,Eastern Mediterranean,SOM,Somalia,RESIDENCEAREATYPE,RESIDENCEAREATYPE_RUR,Rural,6.90624,7,,
SDGODAWS,Amount of water- and sanitation-related official development assistance that is part of a government-coordinated spending plan (constant 2023 US$ millions),https://www.who.int/data/gho/data/indicators/indicator-details/GHO/amount-of-water--and-sanitation-related-official-development-assistance-that-is-part-of-a-government-coordinated-spending-plan,2012,2012,2012,EMR,Eastern Mediterranean,SOM,Somalia,,,,12.1873,12.2,,
WSH_SANITATION_SAFELY_MANAGED,Population using safely managed sanitation services (%),https://www.who.int/data/gho/data/indicators/indicator-details/GHO/population-using-safely-managed-sanitation-services-%28-%29,2004,2004,2004,EMR,Eastern Mediterranean,SOM,Somalia,RESIDENCEAREATYPE,RESIDENCEAREATYPE_TOTL,Total,17.89507,18,,
SDGODAWS,Amount of water- and sanitation-related official development assistance that is part of a government-coordinated spending plan (constant 2023 US$ millions),https://www.who.int/data/gho/data/indicators/indicator-details/GHO/amount-of-water--and-sanitation-related-official-development-assistance-that-is-part-of-a-government-coordinated-spending-plan,2013,2013,2013,EMR,Eastern Mediterranean,SOM,Somalia,,,,9.4071,9.4,,
WSH_SANITATION_BASIC,Population using at least basic sanitation services (%),https://www.who.int/data/gho/data/indicators/indicator-details/GHO/population-using-at-least-basic-sanitation-services-%28-%29,2012,2012,2012,EMR,Eastern Mediterranean,SOM,Somalia,RESIDENCEAREATYPE,RESIDENCEAREATYPE_RUR,Rural,16.10075,16,,
WSH_SANITATION_BASIC,Population using at least basic sanitation services (%),https://www.who.int/data/gho/data/indicators/indicator-details/GHO/population-using-at-least-basic-sanitation-services-%28-%29,2000,2000,2000,EMR,Eastern Mediterranean,SOM,Somalia,RESIDENCEAREATYPE,RESIDENCEAREATYPE_TOTL,Total,20.17332,20,,
WSH_SANITATION_BASIC,Population using at least basic sanitation services (%),https://www.who.int/data/gho/data/indicators/indicator-details/GHO/population-using-at-least-basic-sanitation-services-%28-%29,2004,2004,2004,EMR,Eastern Mediterranean,SOM,Somalia,RESIDENCEAREATYPE,RESIDENCEAREATYPE_RUR,Rural,9.20133,9,,
WSH_SANITATION_BASIC,Population using at least basic sanitation services (%),https://www.who.int/data/gho/data/indicators/indicator-details/GHO/population-using-at-least-basic-sanitation-services-%28-%29,2001,2001,2001,EMR,Eastern Mediterranean,SOM,Somalia,RESIDENCEAREATYPE,RESIDENCEAREATYPE_RUR,Rural,7.60475,8,,
WSH_SANITATION_BASIC,Population using at least basic sanitation services (%),https://www.who.int/data/gho/data/indicators/indicator-details/GHO/population-using-at-least-basic-sanitation-services-%28-%29,2014,2014,2014,EMR,Eastern Mediterranean,SOM,Somalia,RESIDENCEAREATYPE,RESIDENCEAREATYPE_TOTL,Total,33.01001,33,,
WSH_SANITATION_BASIC,Population using at least basic sanitation services (%),https://www.who.int/data/gho/data/indicators/indicator-details/GHO/population-using-at-least-basic-sanitation-services-%28-%29,2013,2013,2013,EMR,Eastern Mediterranean,SOM,Somalia,RESIDENCEAREATYPE,RESIDENCEAREATYPE_RUR,Rural,17.0807,17,,
WSH_SANITATION_BASIC,Population using at least basic sanitation services (%),https://www.who.int/data/gho/data/indicators/indicator-details/GHO/population-using-at-least-basic-sanitation-services-%28-%29,2004,2004,2004,EMR,Eastern Mediterranean,SOM,Somalia,RESIDENCEAREATYPE,RESIDENCEAREATYPE_URB,Urban,47.71128,48,,
SDGODAWS,Amount of water- and sanitation-related official development assistance that is part of a government-coordinated spending plan (constant 2023 US$ millions),https://www.who.int/data/gho/data/indicators/indicator-details/GHO/amount-of-water--and-sanitation-related-official-development-assistance-that-is-part-of-a-government-coordinated-spending-plan,2023,2023,2023,EMR,Eastern Mediterranean,SOM,Somalia,,,,50.4942,50.5,,
WSH_SANITATION_BASIC,Population using at least basic sanitation services (%),https://www.who.int/data/gho/data/indicators/indicator-details/GHO/population-using-at-least-basic-sanitation-services-%28-%29,2009,2009,2009,EMR,Eastern Mediterranean,SOM,Somalia,RESIDENCEAREATYPE,RESIDENCEAREATYPE_TOTL,Total,27.25765,27,,
SDGODAWS,Amount of water- and sanitation-related official development assistance that is part of a government-coordinated spending plan (constant 2023 US$ millions),https://www.who.int/data/gho/data/indicators/indicator-details/GHO/amount-of-water--and-sanitation-related-official-development-assistance-that-is-part-of-a-government-coordinated-spending-plan,2020,2020,2020,EMR,Eastern Mediterranean,SOM,Somalia,,,,23.8961,23.9,,
WSH_SANITATION_BASIC,Population using at least basic sanitation services (%),https://www.who.int/data/gho/data/indicators/indicator-details/GHO/population-using-at-least-basic-sanitation-services-%28-%29,2017,2017,2017,EMR,Eastern Mediterranean,SOM,Somalia,RESIDENCEAREATYPE,RESIDENCEAREATYPE_RUR,Rural,21.26167,21,,
WSH_SANITATION_SAFELY_MANAGED,Population using safely managed sanitation services (%),https://www.who.int/data/gho/data/indicators/indicator-details/GHO/population-using-safely-managed-sanitation-services-%28-%29,2003,2003,2003,EMR,Eastern Mediterranean,SOM,Somalia,RESIDENCEAREATYPE,RESIDENCEAREATYPE_URB,Urban,34.93823,35,,
WSH_SANITATION_BASIC,Population using at least basic sanitation services (%),https://www.who.int/data/gho/data/indicators/indicator-details/GHO/population-using-at-least-basic-sanitation-services-%28-%29,2011,2011,2011,EMR,Eastern Mediterranean,SOM,Somalia,RESIDENCEAREATYPE,RESIDENCEAREATYPE_TOTL,Total,30.01958,30,,
WSH_SANITATION_SAFELY_MANAGED,Population using safely managed sanitation services (%),https://www.who.int/data/gho/data/indicators/indicator-details/GHO/population-using-safely-managed-sanitation-services-%28-%29,2003,2003,2003,EMR,Eastern Mediterranean,SOM,Somalia,RESIDENCEAREATYPE,RESIDENCEAREATYPE_TOTL,Total,17.2797,17,,
WSH_SANITATION_SAFELY_MANAGED,Population using safely managed sanitation services (%),https://www.who.int/data/gho/data/indicators/indicator-details/GHO/population-using-safely-managed-sanitation-services-%28-%29,2011,2011,2011,EMR,Eastern Mediterranean,SOM,Somalia,RESIDENCEAREATYPE,RESIDENCEAREATYPE_URB,Urban,38.92422,39,,
WSH_SANITATION_SAFELY_MANAGED,Population using safely managed sanitation services (%),https://www.who.int/data/gho/data/indicators/indicator-details/GHO/population-using-safely-managed-sanitation-services-%28-%29,2012,2012,2012,EMR,Eastern Mediterranean,SOM,Somalia,RESIDENCEAREATYPE,RESIDENCEAREATYPE_URB,Urban,39.46877,39,,
WSH_SANITATION_SAFELY_MANAGED,Population using safely managed sanitation services (%),https://www.who.int/data/gho/data/indicators/indicator-details/GHO/population-using-safely-managed-sanitation-services-%28-%29,2019,2019,2019,EMR,Eastern Mediterranean,SOM,Somalia,RESIDENCEAREATYPE,RESIDENCEAREATYPE_TOTL,Total,30.62028,31,,
WSH_SANITATION_SAFELY_MANAGED,Population using safely managed sanitation services (%),https://www.who.int/data/gho/data/indicators/indicator-details/GHO/population-using-safely-managed-sanitation-services-%28-%29,2015,2015,2015,EMR,Eastern Mediterranean,SOM,Somalia,RESIDENCEAREATYPE,RESIDENCEAREATYPE_RUR,Rural,16.44896,16,,
WSH_SANITATION_SAFELY_MANAGED,Population using safely managed sanitation services (%),https://www.who.int/data/gho/data/indicators/indicator-details/GHO/population-using-safely-managed-sanitation-services-%28-%29,2014,2014,2014,EMR,Eastern Mediterranean,SOM,Somalia,RESIDENCEAREATYPE,RESIDENCEAREATYPE_TOTL,Total,26.26925,26,,
WSH_SANITATION_SAFELY_MANAGED,Population using safely managed sanitation services (%),https://www.who.int/data/gho/data/indicators/indicator-details/GHO/population-using-safely-managed-sanitation-services-%28-%29,2004,2004,2004,EMR,Eastern Mediterranean,SOM,Somalia,RESIDENCEAREATYPE,RESIDENCEAREATYPE_URB,Urban,35.20287,35,,
WSH_SANITATION_SAFELY_MANAGED,Population using safely managed sanitation services (%),https://www.who.int/data/gho/data/indicators/indicator-details/GHO/population-using-safely-managed-sanitation-services-%28-%29,2006,2006,2006,EMR,Eastern Mediterranean,SOM,Somalia,RESIDENCEAREATYPE,RESIDENCEAREATYPE_RUR,Rural,9.72981,10,,
WSH_SANITATION_BASIC,Population using at least basic sanitation services (%),https://www.who.int/data/gho/data/indicators/indicator-details/GHO/population-using-at-least-basic-sanitation-services-%28-%29,2017,2017,2017,EMR,Eastern Mediterranean,SOM,Somalia,RESIDENCEAREATYPE,RESIDENCEAREATYPE_TOTL,Total,36.10926,36,,
WSH_SANITATION_SAFELY_MANAGED,Population using safely managed sanitation services (%),https://www.who.int/data/gho/data/indicators/indicator-details/GHO/population-using-safely-managed-sanitation-services-%28-%29,2000,2000,2000,EMR,Eastern Mediterranean,SOM,Somalia,RESIDENCEAREATYPE,RESIDENCEAREATYPE_URB,Urban,34.1443,34,,
WSH_SANITATION_BASIC,Population using at least basic sanitation services (%),https://www.who.int/data/gho/data/indicators/indicator-details/GHO/population-using-at-least-basic-sanitation-services-%28-%29,2015,2015,2015,EMR,Eastern Mediterranean,SOM,Somalia,RESIDENCEAREATYPE,RESIDENCEAREATYPE_URB,Urban,53.60226,54,,
WSH_SANITATION_BASIC,Population using at least basic sanitation services (%),https://www.who.int/data/gho/data/indicators/indicator-details/GHO/population-using-at-least-basic-sanitation-services-%28-%29,2020,2020,2020,EMR,Eastern Mediterranean,SOM,Somalia,RESIDENCEAREATYPE,RESIDENCEAREATYPE_RUR,Rural,24.67161,25,,
WSH_SANITATION_BASIC,Population using at least basic sanitation services (%),https://www.who.int/data/gho/data/indicators/indicator-details/GHO/population-using-at-least-basic-sanitation-services-%28-%29,2005,2005,2005,EMR,Eastern Mediterranean,SOM,Somalia,RESIDENCEAREATYPE,RESIDENCEAREATYPE_RUR,Rural,9.97235,10,,
WSH_SANITATION_BASIC,Population using at least basic sanitation services (%),https://www.who.int/data/gho/data/indicators/indicator-details/GHO/population-using-at-least-basic-sanitation-services-%28-%29,2003,2003,2003,EMR,Eastern Mediterranean,SOM,Somalia,RESIDENCEAREATYPE,RESIDENCEAREATYPE_URB,Urban,47.40268,47,,
WSH_SANITATION_SAFELY_MANAGED,Population using safely managed sanitation services (%),https://www.who.int/data/gho/data/indicators/indicator-details/GHO/population-using-safely-managed-sanitation-services-%28-%29,2021,2021,2021,EMR,Eastern Mediterranean,SOM,Somalia,RESIDENCEAREATYPE,RESIDENCEAREATYPE_RUR,Rural,21.82336,22,,
WSH_SANITATION_BASIC,Population using at least basic sanitation services (%),https://www.who.int/data/gho/data/indicators/indicator-details/GHO/population-using-at-least-basic-sanitation-services-%28-%29,2010,2010,2010,EMR,Eastern Mediterranean,SOM,Somalia,RESIDENCEAREATYPE,RESIDENCEAREATYPE_RUR,Rural,14.2192,14,,
WSH_SANITATION_SAFELY_MANAGED,Population using safely managed sanitation services (%),https://www.who.int/data/gho/data/indicators/indicator-details/GHO/population-using-safely-managed-sanitation-services-%28-%29,2020,2020,2020,EMR,Eastern Mediterranean,SOM,Somalia,RESIDENCEAREATYPE,RESIDENCEAREATYPE_RUR,Rural,20.8776,21,,
WSH_SANITATION_SAFELY_MANAGED,Population using safely managed sanitation services (%),https://www.who.int/data/gho/data/indicators/indicator-details/GHO/population-using-safely-managed-sanitation-services-%28-%29,2001,2001,2001,EMR,Eastern Mediterranean,SOM,Somalia,RESIDENCEAREATYPE,RESIDENCEAREATYPE_TOTL,Total,16.15182,16,,
WSH_SANITATION_SAFELY_MANAGED,Population using safely managed sanitation services (%),https://www.who.int/data/gho/data/indicators/indicator-details/GHO/population-using-safely-managed-sanitation-services-%28-%29,2004,2004,2004,EMR,Eastern Mediterranean,SOM,Somalia,RESIDENCEAREATYPE,RESIDENCEAREATYPE_RUR,Rural,8.35617,8,,
WSH_SANITATION_SAFELY_MANAGED,Population using safely managed sanitation services (%),https://www.who.int/data/gho/data/indicators/indicator-details/GHO/population-using-safely-managed-sanitation-services-%28-%29,2008,2008,2008,EMR,Eastern Mediterranean,SOM,Somalia,RESIDENCEAREATYPE,RESIDENCEAREATYPE_URB,Urban,37.30996,37,,
WSH_SANITATION_SAFELY_MANAGED,Population using safely managed sanitation services (%),https://www.who.int/data/gho/data/indicators/indicator-details/GHO/population-using-safely-managed-sanitation-services-%28-%29,2007,2007,2007,EMR,Eastern Mediterranean,SOM,Somalia,RESIDENCEAREATYPE,RESIDENCEAREATYPE_URB,Urban,36.77834,37,,
WSH_SANITATION_BASIC,Population using at least basic sanitation services (%),https://www.who.int/data/gho/data/indicators/indicator-details/GHO/population-using-at-least-basic-sanitation-services-%28-%29,2022,2022,2022,EMR,Eastern Mediterranean,SOM,Somalia,RESIDENCEAREATYPE,RESIDENCEAREATYPE_RUR,Rural,25.86049,26,,
WSH_SANITATION_SAFELY_MANAGED,Population using safely managed sanitation services (%),https://www.who.int/data/gho/data/indicators/indicator-details/GHO/population-using-safely-managed-sanitation-services-%28-%29,2007,2007,2007,EMR,Eastern Mediterranean,SOM,Somalia,RESIDENCEAREATYPE,RESIDENCEAREATYPE_TOTL,Total,19.47768,19,,
WSH_SANITATION_SAFELY_MANAGED,Population using safely managed sanitation services (%),https://www.who.int/data/gho/data/indicators/indicator-details/GHO/population-using-safely-managed-sanitation-services-%28-%29,2011,2011,2011,EMR,Eastern Mediterranean,SOM,Somalia,RESIDENCEAREATYPE,RESIDENCEAREATYPE_TOTL,Total,23.78603,24,,
WSH_SANITATION_BASIC,Population using at least basic sanitation services (%),https://www.who.int/data/gho/data/indicators/indicator-details/GHO/population-using-at-least-basic-sanitation-services-%28-%29,2011,2011,2011,EMR,Eastern Mediterranean,SOM,Somalia,RESIDENCEAREATYPE,RESIDENCEAREATYPE_RUR,Rural,15.14691,15,,
SDGODAWS,Amount of water- and sanitation-related official development assistance that is part of a government-coordinated spending plan (constant 2023 US$ millions),https://www.who.int/data/gho/data/indicators/indicator-details/GHO/amount-of-water--and-sanitation-related-official-development-assistance-that-is-part-of-a-government-coordinated-spending-plan,2011,2011,2011,EMR,Eastern Mediterranean,SOM,Somalia,,,,7.1078,7.1,,
SDGODAWS,Amount of water- and sanitation-related official development assistance that is part of a government-coordinated spending plan (constant 2023 US$ millions),https://www.who.int/data/gho/data/indicators/indicator-details/GHO/amount-of-water--and-sanitation-related-official-development-assistance-that-is-part-of-a-government-coordinated-spending-plan,2021,2021,2021,EMR,Eastern Mediterranean,SOM,Somalia,,,,31.8324,31.8,,
WSH_SANITATION_SAFELY_MANAGED,Population using safely managed sanitation services (%),https://www.who.int/data/gho/data/indicators/indicator-details/GHO/population-using-safely-managed-sanitation-services-%28-%29,2017,2017,2017,EMR,Eastern Mediterranean,SOM,Somalia,RESIDENCEAREATYPE,RESIDENCEAREATYPE_TOTL,Total,28.84957,29,,
WSH_SANITATION_SAFELY_MANAGED,Population using safely managed sanitation services (%),https://www.who.int/data/gho/data/indicators/indicator-details/GHO/population-using-safely-managed-sanitation-services-%28-%29,2005,2005,2005,EMR,Eastern Mediterranean,SOM,Somalia,RESIDENCEAREATYPE,RESIDENCEAREATYPE_RUR,Rural,9.04816,9,,
WSH_SANITATION_BASIC,Population using at least basic sanitation services (%),https://www.who.int/data/gho/data/indicators/indicator-details/GHO/population-using-at-least-basic-sanitation-services-%28-%29,2002,2002,2002,EMR,Eastern Mediterranean,SOM,Somalia,RESIDENCEAREATYPE,RESIDENCEAREATYPE_URB,Urban,47.09409,47,,
WSH_SANITATION_BASIC,Population using at least basic sanitation services (%),https://www.who.int/data/gho/data/indicators/indicator-details/GHO/population-using-at-least-basic-sanitation-services-%28-%29,2018,2018,2018,EMR,Eastern Mediterranean,SOM,Somalia,RESIDENCEAREATYPE,RESIDENCEAREATYPE_URB,Urban,55.26645,55,,
WSH_SANITATION_BASIC,Population using at least basic sanitation services (%),https://www.who.int/data/gho/data/indicators/indicator-details/GHO/population-using-at-least-basic-sanitation-services-%28-%29,2012,2012,2012,EMR,Eastern Mediterranean,SOM,Somalia,RESIDENCEAREATYPE,RESIDENCEAREATYPE_TOTL,Total,31.00428,31,,
WSH_SANITATION_BASIC,Population using at least basic sanitation services (%),https://www.who.int/data/gho/data/indicators/indicator-details/GHO/population-using-at-least-basic-sanitation-services-%28-%29,2020,2020,2020,EMR,Eastern Mediterranean,SOM,Somalia,RESIDENCEAREATYPE,RESIDENCEAREATYPE_URB,Urban,56.38962,56,,
